address,best,bin,building_id,building_name,distance_m,district,footprint_area,footprint_verts,height_source,is_context,lat,lod_tier,lon,min_height,osm_building_type,osm_id,osm_levels,osm_type,postcode,roof_height,second,x_m,y_m
,0.084,1089985,42,,38.8,Financial District,2071.6,45,tag,0,40.7014654,block,-74.0131736,4.5,roof,213847700,1,way,,5.0,0.024,-3807.87,-8683.88
,0.357,1079573,55,,18.5,Tribeca / Civic Center,67.1,5,tag,0,40.7193914,block,-73.999412,0.0,yes,247867315,,way,,4.9,0.346,-2647.84,-6701.73
143 Grand Street,0.968,1003046,108,,1.0,Tribeca / Civic Center,135.8,5,tag,0,40.7200582,block,-73.9995945,0.0,yes,247892558,,way,10013,14.8,0.936,-2663.23,-6628.01
123 Allen Street,0.783,1005493,118,,9.2,Tribeca / Civic Center,119.5,4,tag,0,40.7198506,block,-73.9904165,0.0,yes,248757275,,way,10002,17.0,0.75,-1889.58,-6650.96
2 Centre Market Place,0.988,1006955,171,,0.9,Tribeca / Civic Center,87.0,4,tag,0,40.7198449,block,-73.9976918,0.0,yes,248770161,,way,10013,14.0,0.931,-2502.84,-6651.59
,0.713,1003073,196,,19.0,Tribeca / Civic Center,109.2,5,tag,0,40.7191999,block,-73.9974951,0.0,yes,248770186,,way,,10.9,0.678,-2486.26,-6722.91
87 Elizabeth Street,0.801,1079595,244,,7.3,Tribeca / Civic Center,210.2,4,tag,0,40.7182731,block,-73.9962088,0.0,yes,248770349,,way,10013,28.9,0.749,-2377.84,-6825.39
157 Bowery,0.826,1005656,364,,8.4,Tribeca / Civic Center,181.9,4,tag,0,40.7195162,block,-73.994026,0.0,yes,248771318,,way,10002,10.6,0.823,-2193.84,-6687.94
245 Grand Street,0.92,1003933,373,,1.9,Tribeca / Civic Center,271.2,5,tag,0,40.7180375,block,-73.9944001,0.0,yes,248771328,,way,10002,20.5,0.891,-2225.37,-6851.45
,0.599,1084895,430,,10.8,Tribeca / Civic Center,88.4,5,tag,0,40.7197108,block,-73.9898036,0.0,yes,248772245,,way,,6.9,0.593,-1837.91,-6666.42
,0.777,1066636,432,,13.0,Tribeca / Civic Center,91.1,4,tag,0,40.7202538,block,-73.9893851,0.0,yes,248772276,,way,,16.8,0.736,-1802.63,-6606.38
,0.82,1079077,439,,4.3,Tribeca / Civic Center,222.7,4,tag,0,40.7196678,block,-73.9896579,0.0,yes,248772303,,way,,20.3,0.778,-1825.63,-6671.18
,0.482,1066636,440,,12.8,Tribeca / Civic Center,20.6,5,tag,0,40.7201455,block,-73.9895363,0.0,yes,248772304,,way,,4.2,0.47,-1815.38,-6618.35
,0.898,1005504,443,,2.0,Tribeca / Civic Center,206.7,4,tag,0,40.7197628,block,-73.989657,0.0,yes,248772308,,way,,17.1,0.877,-1825.56,-6660.67
107 Mott Street,0.709,1079539,625,,23.2,Tribeca / Civic Center,61.9,4,tag,0,40.7174468,block,-73.9975412,0.0,yes,249847586,,way,10013,8.0,0.675,-2490.15,-6916.76
76 Bowery,0.845,1002610,674,,8.4,Tribeca / Civic Center,240.8,4,tag,0,40.7168682,block,-73.9960846,0.0,yes,249847638,,way,10013,25.9,0.815,-2367.36,-6980.74
119 Mott Street,0.803,1002641,701,,8.5,Tribeca / Civic Center,133.0,5,tag,0,40.7178366,block,-73.9973443,0.0,yes,249847668,,way,10013,16.6,0.793,-2473.55,-6873.66
126 Baxter Street,0.703,1002667,723,Art gallery,8.7,Tribeca / Civic Center,87.8,4,tag,0,40.7182159,block,-73.9990908,0.0,yes,249847704,,way,10013,15.9,0.681,-2620.77,-6831.72
,0.732,1077449,823,,4.2,Financial District,211.3,5,tag,0,40.7157454,block,-73.9992197,0.0,yes,249848327,,way,,16.6,0.723,-2631.64,-7104.88
20 Harrison Street,0.989,1002071,883,,0.9,Tribeca / Civic Center,138.6,4,tag,0,40.7189286,block,-74.0097952,0.0,yes,250051486,,way,10013,17.1,0.93,-3523.09,-6752.91
177 West Broadway,0.899,1001966,971,,7.5,Tribeca / Civic Center,111.1,5,tag,0,40.7178432,block,-74.0070826,0.0,yes,250052675,,way,10013,9.2,0.853,-3294.44,-6872.93
118 Rivington Street,0.965,1004322,1054,,0.9,Tribeca / Civic Center,135.3,4,tag,0,40.7199291,block,-73.9872579,0.0,yes,250266540,,way,10002,4.8,0.927,-1623.33,-6642.27
139 Norfolk Street,0.97,1004315,1061,,1.1,Tribeca / Civic Center,183.2,10,tag,0,40.720141,block,-73.9867272,0.0,yes,250266554,,way,10002,16.3,0.911,-1578.59,-6618.84
104 Delancey Street,0.746,1075628,1067,Mount Sinai Doctors,12.7,Tribeca / Civic Center,346.2,4,tag,0,40.7189953,block,-73.9885696,0.0,yes,250266726,3,way,10002,10.1,0.73,-1733.89,-6745.53
113 Norfolk Street,0.685,1087047,1081,,4.5,Tribeca / Civic Center,140.5,4,tag,0,40.7191701,block,-73.987208,0.0,yes,250266754,,way,10002,21.7,0.66,-1619.12,-6726.2
121 Essex Street,0.989,1005332,1088,The Whiskey Ward,0.9,Tribeca / Civic Center,106.6,5,tag,0,40.7196519,block,-73.9878918,0.0,yes,250266762,,way,10002,17.6,0.931,-1676.76,-6672.93
156 Canal Street,0.795,1077409,1129,,4.5,Tribeca / Civic Center,185.4,6,tag,0,40.7161916,block,-73.9968135,0.0,yes,250266932,,way,10013,11.0,0.737,-2428.8,-7055.55
158 Canal Street,0.988,1002427,1130,,0.9,Tribeca / Civic Center,87.5,4,tag,0,40.7162696,block,-73.9968682,0.0,yes,250266933,,way,10013,11.1,0.931,-2433.42,-7046.93
,0.754,1002412,1132,,2.9,Tribeca / Civic Center,147.3,4,tag,0,40.7164518,block,-73.9973914,0.0,yes,250266935,,way,,9.1,0.733,-2477.53,-7026.78
28 Elizabeth Street,0.908,1002429,1142,,7.0,Tribeca / Civic Center,125.1,5,tag,0,40.7162002,block,-73.9969848,0.0,yes,250266946,,way,10013,12.7,0.876,-2443.25,-7054.6
42 Bowery,0.989,1002432,1147,,0.9,Financial District,188.1,4,tag,0,40.7156033,block,-73.9969072,0.0,yes,250266951,,way,10013,15.5,0.93,-2436.7,-7120.61
44 Bowery,0.989,1002431,1148,,0.9,Financial District,191.3,4,tag,0,40.7156459,block,-73.996881,0.0,yes,250266952,,way,10013,15.4,0.938,-2434.49,-7115.89
95 Allen Street,0.88,1005461,1247,,8.7,Tribeca / Civic Center,155.4,5,tag,0,40.7187666,block,-73.9909987,0.0,yes,250267153,,way,10002,16.9,0.854,-1938.66,-6770.83
247 Broome Street,0.964,1005276,1275,,1.1,Tribeca / Civic Center,155.1,18,tag,0,40.7178183,block,-73.9898506,0.0,apartments,250267773,,way,10002,18.5,0.907,-1841.88,-6875.68
330 Grand Street,0.807,1091629,1283,,3.7,Tribeca / Civic Center,179.1,5,tag,0,40.7171873,block,-73.9901246,0.0,apartments,250267783,,way,10002,19.8,0.77,-1864.97,-6945.46
,0.925,1005274,1329,,1.4,Tribeca / Civic Center,107.6,11,tag,0,40.7179745,block,-73.9900929,0.0,yes,250267832,,way,,17.9,0.883,-1862.3,-6858.41
13 Eldridge Street,0.903,1003771,1340,,6.7,Financial District,177.1,11,tag,0,40.7148418,block,-73.9939114,0.0,yes,250267923,,way,10002,18.8,0.871,-2184.17,-7204.81
5 Eldridge Street,0.888,1003773,1372,,8.6,Financial District,128.9,4,tag,0,40.7145714,block,-73.9940013,0.0,yes,250267955,,way,10002,17.9,0.84,-2191.76,-7234.7
20 Orchard Street,0.967,1003840,1452,,0.8,Financial District,203.6,5,tag,0,40.7152754,block,-73.9914281,0.0,yes,250268142,,way,10002,16.0,0.91,-1974.85,-7156.86
333 Grand Street,0.878,1004009,1482,,5.8,Tribeca / Civic Center,122.5,4,tag,0,40.7168647,block,-73.9903368,0.0,yes,250268172,,way,10002,14.2,0.864,-1882.86,-6981.12
335 Grand Street,0.914,1004012,1483,,4.9,Tribeca / Civic Center,133.3,4,tag,0,40.7168473,block,-73.9902788,0.0,yes,250268173,,way,10002,14.8,0.869,-1877.97,-6983.04
85 Hester Street,0.82,1003994,1541,,13.2,Tribeca / Civic Center,121.2,5,tag,0,40.7162449,block,-73.9915059,0.0,yes,250268234,,way,10002,18.2,0.779,-1981.41,-7049.65
,0.911,1003861,1558,,2.7,Financial District,132.0,6,tag,0,40.7159574,block,-73.9917437,0.0,yes,250268252,,way,,18.8,0.859,-2001.45,-7081.45
,0.839,1003872,1561,,8.2,Financial District,153.6,6,tag,0,40.7154222,block,-73.9918943,0.0,apartments,250268255,,way,,17.6,0.812,-2014.15,-7140.62
,0.238,1086073,1596,,28.3,Tribeca / Civic Center,22.5,4,tag,0,40.7162077,block,-73.9851026,0.0,yes,250268372,,way,,3.0,0.234,-1441.65,-7053.78
26 Thomas Street,0.748,1001654,1617,,11.7,Tribeca / Civic Center,559.4,9,tag,0,40.7160607,block,-74.0061651,0.0,yes,250269515,2,way,10007,9.3,0.746,-3217.09,-7070.02
201 Warren Street,0.721,1085459,1662,Public School-Intermediate School 89,10.5,Tribeca / Civic Center,1422.9,6,tag,0,40.7171369,district,-74.0138497,0.0,school,250568890,,way,10282,82.2,0.675,-3864.86,-6951.03
,0.482,1079245,1690,,9.0,Financial District,46.6,4,tag,0,40.7146258,block,-73.9989584,0.0,yes,274926166,,way,,35.0,0.428,-2609.61,-7228.69
,0.64,1001418,1860,,9.5,Financial District,124.8,4,tag,0,40.7147654,block,-74.0100621,0.0,yes,277890510,,way,,24.9,0.625,-3545.59,-7213.25
,0.386,1001410,1904,,24.9,Financial District,955.1,6,tag,0,40.7135831,district,-74.0094475,0.0,yes,277904762,,way,,67.6,0.371,-3493.78,-7343.98
23 Wall Street,0.379,1078988,2021,,24.9,Financial District,1042.2,7,tag,0,40.7067318,block,-74.0104879,0.0,yes,278042235,,way,10005,25.0,0.344,-3581.48,-8101.55
56 Beaver Street,0.648,1078999,2054,,9.6,Financial District,253.6,8,tag,0,40.7050044,block,-74.0102758,0.0,yes,278053480,,way,10004,35.0,0.635,-3563.6,-8292.57
,0.662,1078999,2136,,10.0,Financial District,275.6,7,tag,0,40.7048683,block,-74.0104241,0.0,yes,278053582,,way,,35.0,0.639,-3576.1,-8307.62
,0.707,1087238,2163,,21.3,Financial District,1255.3,8,tag,0,40.7063167,block,-74.0173313,0.0,yes,278067742,,way,,14.1,0.673,-4158.34,-8147.46
,0.669,1000877,2216,,11.4,Financial District,475.5,6,tag,0,40.705463,district,-74.0074977,0.0,yes,278076394,13,way,,46.4,0.667,-3329.42,-8241.85
105 South Street,0.765,1001330,2306,,15.6,Financial District,216.6,4,tag,0,40.7069936,block,-74.0022916,0.0,yes,278084748,,way,10038,12.2,0.718,-2890.58,-8072.61
112 South Street,0.989,1001325,2311,,0.9,Financial District,119.3,4,tag,0,40.7072041,block,-74.0018763,0.0,yes,278084757,,way,10038,17.8,0.93,-2855.57,-8049.34
134 Beekman Street,0.989,1001344,2314,,0.9,Financial District,42.5,4,tag,0,40.7075354,block,-74.0028235,0.0,yes,278084763,,way,10038,13.6,0.941,-2935.41,-8012.7
16 1/2 Dover Street,0.852,1079141,2319,,2.2,Financial District,89.5,4,tag,0,40.7085804,block,-74.0008008,0.0,yes,278084776,,way,10038,16.3,0.829,-2764.91,-7897.15
38 Peck Slip,0.988,1079116,2374,,1.0,Financial District,95.4,4,tag,0,40.7074487,block,-74.0016947,0.0,yes,278084871,,way,10038,14.4,0.929,-2840.26,-8022.29
,0.779,1081983,2535,,6.9,Financial District,77.0,4,tag,0,40.7137955,block,-73.9988314,0.0,yes,278106019,4,way,,13.6,0.726,-2598.9,-7320.5
1 East Broadway,0.989,1003384,2542,,0.9,Financial District,93.9,5,tag,0,40.7132268,block,-73.9978686,0.0,yes,278106829,,way,10038,13.1,0.933,-2517.75,-7383.38
17 Oliver Street,0.939,1003364,2547,,1.4,Financial District,93.5,5,tag,0,40.7125535,block,-73.9981279,0.0,yes,278106834,,way,10038,14.3,0.93,-2539.6,-7457.83
21 Oliver Street,0.937,1003362,2550,,1.4,Financial District,88.8,5,tag,0,40.712436,block,-73.9980945,0.0,yes,278106837,,way,10038,13.5,0.913,-2536.79,-7470.83
22 Chatham Square,0.988,1003385,2552,,0.9,Financial District,95.0,4,tag,0,40.7132196,block,-73.9979277,0.0,yes,278106839,,way,10038,13.1,0.932,-2522.73,-7384.17
3 East Broadway,0.989,1003383,2561,,0.9,Financial District,95.1,4,tag,0,40.7132386,block,-73.997807,0.0,yes,278106848,,way,10038,13.4,0.929,-2512.55,-7382.08
,0.767,1001392,2590,,6.7,Financial District,68.9,4,tag,0,40.7121228,block,-73.998945,0.0,yes,278106886,,way,,14.7,0.746,-2608.48,-7505.45
28 Henry Street,0.953,1003350,2670,,0.9,Financial District,176.7,20,tag,0,40.7126524,block,-73.9964405,0.0,yes,278234442,,way,10002,18.2,0.9,-2397.37,-7446.89
32 Rutgers Street,0.874,1087573,2947,,8.6,Financial District,195.2,5,tag,0,40.7128317,block,-73.9903019,0.0,yes,278249533,,way,10002,6.3,0.861,-1879.92,-7427.06
,0.257,1075786,3015,,33.6,Financial District,28.7,5,tag,0,40.713496,block,-73.9872422,0.0,yes,278254356,,way,,5.1,0.254,-1622.0,-7353.61
134 Suffolk Street,0.989,1086114,3216,,0.9,Tribeca / Civic Center,89.9,4,tag,0,40.7197123,block,-73.9854679,0.0,yes,278276314,,way,10002,16.0,0.93,-1472.44,-6666.26
138 Suffolk Street,0.989,1086116,3222,,0.9,Tribeca / Civic Center,92.0,4,tag,0,40.7198095,block,-73.9854172,0.0,yes,278276320,,way,10002,16.0,0.933,-1468.16,-6655.5
140 Suffolk Street,0.989,1086117,3223,,0.9,Tribeca / Civic Center,92.7,4,tag,0,40.7198583,block,-73.9853917,0.0,yes,278276321,,way,10002,16.0,0.935,-1466.01,-6650.11
142 Suffolk Street,0.989,1086118,3224,,0.9,Tribeca / Civic Center,91.0,4,tag,0,40.7199069,block,-73.9853663,0.0,yes,278276322,,way,10002,16.0,0.931,-1463.88,-6644.74
144 Suffolk Street,0.989,1086119,3225,,0.9,Tribeca / Civic Center,92.7,4,tag,0,40.7199554,block,-73.985341,0.0,yes,278276323,,way,10002,16.1,0.931,-1461.74,-6639.37
146 Suffolk Street,0.988,1086120,3226,,0.9,Tribeca / Civic Center,91.0,4,tag,0,40.720004,block,-73.9853156,0.0,yes,278276325,,way,10002,16.3,0.931,-1459.6,-6634.0
148 Suffolk Street,0.989,1086121,3227,,0.9,Tribeca / Civic Center,88.7,4,tag,0,40.7200514,block,-73.9852908,0.0,yes,278276326,,way,10002,16.5,0.929,-1457.51,-6628.75
219 Stanton Street,0.489,1004098,3367,,13.4,Tribeca / Civic Center,58.7,4,tag,0,40.7194466,block,-73.9822782,0.0,apartments,278284312,,way,10002,22.3,0.462,-1203.57,-6695.63
6 Platt Street,0.731,1088815,3501,Four Points by Sheraton,21.6,Financial District,637.7,8,zone_model,0,40.7073663,block,-74.0065087,0.0,yes,292706409,,way,10038,43.12,0.724,-3246.06,-8031.39
80 North Moore Street,0.251,1086183,3512,Independence Plaza II,41.4,Tribeca / Civic Center,1324.6,32,tag,0,40.7199126,district,-74.0108704,0.0,apartments,310245650,39,way,10013,110.0,0.224,-3613.72,-6644.1
84 White Street,0.791,1089955,3544,,4.3,Tribeca / Civic Center,583.1,4,tag,0,40.7177618,block,-74.0019335,0.0,yes,373009136,,way,10013,27.0,0.748,-2860.39,-6881.92
,0.747,1081983,3552,,11.6,Financial District,83.0,3,tag,0,40.7137804,block,-73.9989473,0.0,yes,384585714,1,way,,5.0,0.745,-2608.67,-7322.17
301 South End Avenue,0.105,1000436,3563,Treadwell Park,42.5,Financial District,171.1,6,zone_model,0,40.7103086,block,-74.0166627,0.0,yes,443261093,,way,10280,17.3,0.077,-4101.98,-7706.06
25 West Street,0.319,1078977,3567,Battery Parking Garage,38.0,Financial District,9781.1,27,zone_model,0,40.7072015,district,-74.0147749,0.0,yes,538082196,,way,10006,61.59,0.27,-3942.85,-8049.62
246 Front Street,0.898,1001379,3573,,6.3,Financial District,98.2,6,zone_model,0,40.7082297,block,-74.0010778,0.0,yes,581270583,,way,10038,22.57,0.867,-2788.26,-7935.92
,0.21,1000018,3586,,28.6,Financial District,42.7,4,tag,0,40.7029288,block,-74.0136133,0.0,yes,742653825,,way,,3.0,0.207,-3844.93,-8522.07
,0.209,1004215,3630,,41.7,Tribeca / Civic Center,52.8,6,zone_model,0,40.7176457,block,-73.9855393,0.0,roof,1016434037,,way,,8.1,0.196,-1478.46,-6894.76
120 Water Street,0.861,1090683,3638,Hotel Indigo,3.7,Financial District,240.3,4,zone_model,0,40.7055279,district,-74.0073547,0.0,hotel,1050341484,,way,10005,54.05,0.82,-3317.37,-8234.68
,0.16,1001236,3654,,36.4,Financial District,19.9,4,zone_model,0,40.7118697,block,-74.0099826,0.0,shed,1125256562,,way,,9.61,0.137,-3538.88,-7533.44
50 Trinity Place,0.821,1000801,3664,,1.9,Financial District,350.9,6,levels,0,40.7077558,district,-74.0132961,0.0,yes,1128358851,28,way,10006,90.8,0.816,-3818.19,-7988.32
,0.334,1000009,3680,,36.5,Financial District,33.7,4,levels,0,40.702942,block,-74.0110146,0.0,yes,1189000430,1,way,,4.4,0.33,-3625.88,-8520.61
,0.114,1001019,3681,,36.5,Financial District,19.3,4,zone_model,0,40.7068374,block,-74.0103754,0.0,yes,1190266852,,way,,11.79,0.072,-3572.0,-8089.88
,0.133,1002154,3683,,35.7,Tribeca / Civic Center,24.3,5,levels,0,40.7190046,block,-74.006678,0.0,roof,1220414626,1,way,,4.4,0.099,-3260.33,-6744.5
,0.156,1083355,3686,,33.3,Financial District,31.2,5,levels,0,40.7098744,block,-74.0042641,0.0,roof,1223121941,1,way,,4.4,0.126,-3056.85,-7754.07
,0.313,1001188,3691,,37.5,Financial District,78.2,5,tag,0,40.7092802,block,-74.0060247,0.0,roof,1226598294,,way,,16.0,0.276,-3205.26,-7819.77
,0.305,1795042,3718,,43.5,Tribeca / Civic Center,446.7,5,tag,0,40.7192947,block,-74.0112021,0.0,residential,1235226952,,way,,17.0,0.284,-3641.68,-6712.43
None Harrison Street,0.349,1086184,3719,,27.2,Tribeca / Civic Center,808.5,5,tag,0,40.7185273,block,-74.0113547,0.0,residential,1235226953,,way,10013,17.0,0.324,-3654.54,-6797.28
59 Henry Street,0.255,1078947,3724,59 Henry Street,30.7,Financial District,1558.2,6,tag,0,40.7131668,district,-73.9953115,0.0,residential,1238653605,19,way,10002,69.2,0.251,-2302.19,-7390.02
88 Walker Street,0.84,1090999,3726,Best Western Plus Soho Hotel,2.6,Tribeca / Civic Center,372.5,5,tag,0,40.7182419,block,-74.001214,0.0,yes,1238653621,9,way,10013,32.0,0.804,-2799.74,-6828.83
79 Eldridge Street,0.806,1003965,3738,,8.4,Tribeca / Civic Center,127.7,6,tag,0,40.7171024,block,-73.992791,0.0,yes,1305409801,,way,10002,41.1,0.796,-2089.73,-6954.84
,0.251,1086414,3745,,39.6,Brooklyn,30.7,5,zone_model,0,40.6916417,block,-74.0140515,0.0,yes,1388450696,,way,,11.6,0.238,-3881.87,-9770.14
,0.164,1086436,3758,,34.5,Brooklyn,15.9,4,zone_model,0,40.6918561,block,-74.0137531,0.0,roof,1388952163,,way,,38.17,0.156,-3856.72,-9746.43
92-98 4th Avenue,0.458,1009004,3940,Grace Memorial House,15.3,West Village,406.9,6,levels,0,40.732081,block,-73.990499,0.0,apartments,160947243,4,way,,14.0,0.406,-1896.53,-5298.6
580 5th Avenue,0.524,1034485,3974,World Diamond Tower,24.0,Midtown West / Times Sq,981.6,6,tag,0,40.756998,skyline,-73.9787561,0.0,yes,165439147,32,way,,131.0,0.472,-906.67,-2543.42
123 1st Avenue,0.988,1006337,4058,,0.9,SoHo / Hudson Square,89.1,5,tag,0,40.7273655,block,-73.9857748,0.0,apartments,241822288,,way,10003,12.9,0.932,-1498.31,-5820.01
141 1st Avenue,0.882,1006381,4068,,2.8,SoHo / Hudson Square,204.1,5,tag,0,40.7281102,block,-73.985341,0.0,apartments,241822304,,way,10003,15.7,0.876,-1461.74,-5737.66
83 East 7th Street,0.834,1006342,4075,,7.2,SoHo / Hudson Square,205.3,5,tag,0,40.727354,block,-73.9860455,0.0,apartments,241822317,,way,10003,16.4,0.821,-1521.13,-5821.28
,0.91,1076953,4119,,1.1,SoHo / Hudson Square,39.3,4,tag,0,40.7263612,block,-73.9870812,0.0,yes,241829592,,way,,11.8,0.897,-1608.43,-5931.05
98 2nd Avenue,0.966,1006225,4133,,0.9,SoHo / Hudson Square,196.5,4,tag,0,40.7270593,block,-73.9884042,0.0,apartments,241829606,,way,10003,17.8,0.918,-1719.96,-5853.86
48 1/2 East 7th Street,0.583,1006266,4169,,11.9,SoHo / Hudson Square,85.3,4,tag,0,40.7276709,block,-73.9876974,0.0,apartments,241829643,,way,10003,16.8,0.553,-1660.38,-5786.24
319 East 6th Street,0.984,1006299,4182,,1.0,SoHo / Hudson Square,112.1,7,tag,0,40.727124,block,-73.9874198,0.0,apartments,241829656,,way,10003,14.2,0.931,-1636.98,-5846.71
331 East 6th Street,0.862,1006294,4184,,7.3,SoHo / Hudson Square,207.6,5,levels,0,40.7269648,block,-73.986952,0.0,apartments,241829658,5,way,10003,17.2,0.807,-1597.54,-5864.32
,0.744,1006303,4186,,3.1,SoHo / Hudson Square,345.2,5,tag,0,40.7272773,block,-73.9877041,0.0,apartments,241829660,,way,,16.9,0.713,-1660.94,-5829.76
313 East 6th Street,0.836,1006303,4189,,7.5,SoHo / Hudson Square,149.2,5,tag,0,40.7272292,block,-73.9875974,0.0,apartments,241829663,,way,10003,14.1,0.82,-1651.94,-5835.08
218 East 5th street,0.985,1076946,4234,,0.9,SoHo / Hudson Square,64.2,4,tag,0,40.7274611,block,-73.9901446,0.0,apartments,241833301,,way,,16.4,0.954,-1866.66,-5809.44
219 East 5th Street,0.982,1085540,4247,,0.9,SoHo / Hudson Square,65.7,5,tag,0,40.7274443,block,-73.9901051,0.0,apartments,241833314,,way,10003,16.4,0.934,-1863.33,-5811.29
24 East 7th Street,0.706,1006645,4259,,5.9,SoHo / Hudson Square,457.1,9,tag,0,40.7283181,block,-73.9893598,0.0,apartments,241833329,,way,10003,43.2,0.685,-1800.51,-5714.68
,0.629,1006761,4324,,24.3,West Village,204.8,4,tag,0,40.7295305,block,-73.9895592,0.0,yes,241844946,,way,,16.9,0.594,-1817.32,-5580.61
123 East 10th Street,0.989,1006822,4330,,0.9,West Village,73.4,4,tag,0,40.7303708,block,-73.9877664,0.0,apartments,241844952,,way,10003,14.7,0.941,-1666.19,-5487.7
116 East 10th Street,0.989,1006771,4332,,0.9,West Village,61.3,4,tag,0,40.7302488,block,-73.9882826,0.0,apartments,241844954,,way,10003,16.6,0.931,-1709.7,-5501.19
114 East 10th Street,0.988,1006770,4335,,0.9,West Village,60.5,4,tag,0,40.7302725,block,-73.9883396,0.0,apartments,241844957,,way,10003,16.6,0.933,-1714.51,-5498.57
2 Cooper Square,0.661,1088594,4395,2 Cooper,11.0,SoHo / Hudson Square,1244.9,8,tag,0,40.7275162,block,-73.9918051,0.0,apartments,247838585,6,way,10003,20.0,0.648,-2006.63,-5803.34
357 Bowery,0.903,1006567,4422,,0.7,SoHo / Hudson Square,161.4,5,tag,0,40.7267467,block,-73.9913117,0.0,apartments,247838616,,way,10003,16.1,0.865,-1965.04,-5888.43
75 East 4th Street,0.958,1077985,4481,,1.1,SoHo / Hudson Square,161.7,17,tag,0,40.7267456,block,-73.9902053,0.0,apartments,247838684,,way,10003,20.0,0.903,-1871.78,-5888.55
81 2nd Avenue,0.799,1006592,4485,,4.1,SoHo / Hudson Square,86.4,4,tag,0,40.7266956,block,-73.9893541,0.0,apartments,247838688,,way,10003,15.7,0.764,-1800.03,-5894.08
85 2nd Avenue,0.962,1077717,4501,,0.8,SoHo / Hudson Square,123.1,4,tag,0,40.7268053,block,-73.9893139,0.0,apartments,247838711,,way,10003,14.8,0.922,-1796.64,-5881.95
,0.837,1006591,4516,,11.0,SoHo / Hudson Square,112.9,8,tag,0,40.7267454,block,-73.9894916,0.0,yes,247838742,,way,,3.7,0.832,-1811.61,-5888.58
21 Bleecker Street,0.795,1008445,4522,,11.3,SoHo / Hudson Square,182.7,7,tag,0,40.725674,block,-73.9932754,0.0,apartments,247839526,,way,10012,14.1,0.783,-2130.57,-6007.04
33 2nd Avenue,0.751,1089206,4606,,3.1,SoHo / Hudson Square,212.9,5,tag,0,40.7248317,block,-73.9908029,0.0,apartments,247839757,,way,,10.3,0.694,-1922.15,-6100.18
,0.657,1008517,4609,,17.9,SoHo / Hudson Square,98.8,5,tag,0,40.7270299,block,-73.9922063,0.0,yes,247839764,,way,,4.9,0.639,-2040.44,-5857.12
242 Elizabeth Street,0.846,1007851,4770,,3.3,SoHo / Hudson Square,131.8,5,tag,0,40.7233146,block,-73.9936861,0.0,apartments,247844212,,way,10012,5.6,0.83,-2165.18,-6267.93
275 Mott Street,0.983,1077159,4938,,0.9,SoHo / Hudson Square,96.4,5,tag,0,40.7239384,block,-73.9947047,0.0,yes,247845678,,way,10012,17.8,0.933,-2251.05,-6198.96
281 Mott Street,0.989,1007925,4944,,0.9,SoHo / Hudson Square,94.7,4,tag,0,40.7240947,block,-73.994637,0.0,yes,247845686,,way,10012,17.6,0.936,-2245.34,-6181.67
451 West Broadway,0.747,1077768,5058,,4.4,SoHo / Hudson Square,224.0,9,tag,0,40.7258911,block,-74.0004176,0.0,yes,247850437,,way,10012,22.9,0.701,-2732.61,-5983.03
458 West Broadway,0.945,1008030,5063,,0.9,SoHo / Hudson Square,172.7,7,tag,0,40.7263055,block,-74.0007633,0.0,yes,247850442,,way,10012,18.3,0.893,-2761.75,-5937.22
,0.719,1007949,5086,,18.1,SoHo / Hudson Square,529.4,4,tag,0,40.7251233,block,-73.9976354,0.0,yes,247850465,,way,,29.7,0.704,-2498.09,-6067.94
212 East 14th Street,0.801,1006895,5118,,5.4,West Village,214.3,5,tag,0,40.732785,block,-73.9867415,0.0,office,247850734,,way,10003,16.1,0.783,-1579.8,-5220.75
218 East 13th Street,0.989,1006858,5124,,0.9,West Village,78.0,4,tag,0,40.7321177,block,-73.9869964,0.0,apartments,247850748,,way,10003,14.4,0.939,-1601.28,-5294.54
,0.809,1006470,5216,,9.0,West Village,227.8,4,tag,0,40.7303458,block,-73.9859854,0.0,apartments,247851937,,way,,16.7,0.781,-1516.07,-5490.46
218 East 12th Street,0.874,1006829,5240,,7.4,West Village,113.1,4,tag,0,40.7313811,block,-73.9872608,0.0,apartments,247852500,,way,10003,17.2,0.827,-1623.57,-5375.98
219 East 11th Street,0.989,1006844,5241,,0.9,West Village,85.3,4,tag,0,40.7310738,block,-73.9876051,0.0,apartments,247852501,,way,10003,15.9,0.939,-1652.59,-5409.97
221 East 11th Street,0.989,1006843,5243,,0.9,West Village,86.3,4,tag,0,40.7310514,block,-73.9875522,0.0,apartments,247852503,,way,10003,16.7,0.942,-1648.13,-5412.44
223 East 11th Street,0.989,1006842,5245,,0.9,West Village,86.1,4,tag,0,40.731029,block,-73.9874991,0.0,apartments,247852505,,way,10003,16.6,0.929,-1643.66,-5414.92
147 1st Avenue,0.759,1076847,5320,,8.4,SoHo / Hudson Square,143.1,5,tag,0,40.7284062,block,-73.9850696,0.0,apartments,247852691,,way,10003,12.6,0.753,-1438.86,-5704.93
82 East 10th Street,0.678,1008965,5368,,11.6,West Village,67.9,4,tag,0,40.7309524,block,-73.9899506,0.0,apartments,247857113,,way,10003,10.6,0.631,-1850.3,-5423.39
,0.557,1080126,5484,,35.7,West Village,92.0,9,tag,0,40.7333983,block,-73.9923313,0.0,yes,247861606,,way,,8.1,0.539,-2050.99,-5152.94
,0.783,1077674,5645,,17.6,West Village,117.0,4,tag,0,40.7300739,block,-73.9831794,0.0,apartments,247864178,,way,,17.5,0.777,-1279.53,-5520.53
413 East 12th Street,0.989,1006007,5687,,0.9,West Village,151.1,7,tag,0,40.7298741,block,-73.9826678,0.0,apartments,247864221,,way,10009,19.1,0.932,-1236.41,-5542.62
418 East 14th Street,0.726,1006014,5692,,5.6,West Village,113.7,5,tag,0,40.7307584,block,-73.9817361,0.0,apartments,247864230,5,way,10009,15.1,0.668,-1157.87,-5444.84
426 East 14th Street,0.833,1006017,5703,,8.3,West Village,169.2,4,tag,0,40.7305971,block,-73.9814413,0.0,apartments,247864266,5,way,10009,18.2,0.804,-1133.03,-5462.68
428 East 14th Street,0.739,1006017,5706,,15.8,West Village,170.8,4,tag,0,40.7305642,block,-73.981363,0.0,apartments,247864274,5,way,10009,18.3,0.715,-1126.42,-5466.32
430 East 14th Street,0.626,1006017,5709,,23.5,West Village,179.6,5,tag,0,40.7305302,block,-73.9812824,0.0,apartments,247864286,5,way,10009,18.2,0.606,-1119.62,-5470.07
442 East 13th Street,0.79,1005992,5717,,9.0,West Village,224.3,5,tag,0,40.7297605,block,-73.9815532,0.0,apartments,247864310,,way,10009,7.8,0.79,-1142.46,-5555.18
,0.894,1076985,5733,,0.8,West Village,54.0,4,tag,0,40.7299017,block,-73.9827567,0.0,yes,247864341,,way,,12.8,0.85,-1243.9,-5539.57
150 Spring Street,0.967,1007316,5788,,0.7,SoHo / Hudson Square,148.9,4,tag,0,40.7241499,block,-74.0015473,0.0,yes,247865085,,way,10012,14.7,0.923,-2827.84,-6175.57
152 Spring Street,0.801,1007314,5790,,6.5,SoHo / Hudson Square,213.2,6,tag,0,40.7241415,block,-74.0016456,0.0,yes,247865088,,way,10012,14.7,0.748,-2836.13,-6176.5
154 Spring Street,0.903,1079940,5791,,6.8,SoHo / Hudson Square,141.9,4,tag,0,40.7242091,block,-74.0016688,0.0,yes,247865089,,way,10012,18.6,0.855,-2838.08,-6169.03
158 Spring Street,0.976,1079939,5794,,0.7,SoHo / Hudson Square,140.9,4,tag,0,40.7242769,block,-74.0017848,0.0,yes,247865092,,way,10012,13.9,0.921,-2847.86,-6161.52
160 Spring Street,0.976,1079938,5796,,0.7,SoHo / Hudson Square,132.1,4,tag,0,40.7243062,block,-74.0018451,0.0,yes,247865094,,way,10012,15.3,0.921,-2852.94,-6158.29
,0.871,1007181,6078,,8.0,Tribeca / Civic Center,214.7,5,tag,0,40.721479,block,-73.9956604,0.0,apartments,247866858,,way,,15.7,0.86,-2331.61,-6470.9
208 Bowery,0.989,1007403,6083,,0.9,SoHo / Hudson Square,148.6,4,tag,0,40.7216433,block,-73.9939252,0.0,yes,247866865,,way,10012,12.2,0.942,-2185.34,-6452.74
,0.723,1007511,6152,,3.3,SoHo / Hudson Square,60.5,4,tag,0,40.7221922,block,-73.995939,0.0,yes,247866939,,way,,15.1,0.68,-2355.09,-6392.04
,0.953,1007478,6161,,1.5,SoHo / Hudson Square,246.3,8,tag,0,40.7227564,block,-73.9948863,0.0,yes,247866949,,way,,21.9,0.905,-2266.36,-6329.65
174 Elizabeth Street,0.989,1007136,6188,,0.9,Tribeca / Civic Center,57.6,5,tag,0,40.7210001,block,-73.9946586,0.0,yes,247867438,,way,10012,14.4,0.939,-2247.16,-6523.85
10 Delancey Street,0.969,1077631,6237,,1.0,Tribeca / Civic Center,103.0,10,tag,0,40.7203891,block,-73.9932453,0.0,yes,247920420,,way,10002,20.1,0.918,-2128.03,-6591.42
165 Chrystie Street,0.942,1090782,6251,,1.4,Tribeca / Civic Center,166.9,5,tag,0,40.7207267,block,-73.9928295,0.0,apartments,247920434,,way,10002,30.5,0.897,-2092.98,-6554.09
177 Chrystie Street,0.944,1005689,6302,,1.5,Tribeca / Civic Center,224.2,9,tag,0,40.7211158,block,-73.9925292,0.0,yes,247920503,,way,10002,18.3,0.897,-2067.67,-6511.06
112 1st Avenue,0.989,1005774,6322,,0.9,SoHo / Hudson Square,116.0,4,tag,0,40.7266908,block,-73.9856357,0.0,apartments,248142329,,way,10009,17.9,0.93,-1486.59,-5894.61
94 Avenue A,0.65,1005118,6376,,19.1,SoHo / Hudson Square,88.7,4,tag,0,40.7254764,block,-73.9836794,0.0,apartments,248142387,,way,10009,13.0,0.643,-1321.68,-6028.9
96 Avenue A,0.645,1077603,6378,,4.0,SoHo / Hudson Square,84.6,4,tag,0,40.7255215,block,-73.9836466,0.0,apartments,248142391,,way,10009,13.1,0.645,-1318.92,-6023.91
420 East 9th Street,0.989,1005871,6453,,0.9,SoHo / Hudson Square,94.0,4,tag,0,40.7276118,block,-73.9839162,0.0,apartments,248142672,,way,10009,17.6,0.933,-1341.64,-5792.77
176 1st Avenue,0.988,1077664,6509,,0.9,West Village,154.6,5,tag,0,40.7290577,block,-73.9838432,0.0,apartments,248142872,,way,10009,15.4,0.932,-1335.49,-5632.89
184 1st Avenue,0.882,1005967,6511,,8.5,West Village,152.5,6,tag,0,40.7294352,block,-73.9836241,0.0,apartments,248142874,,way,10009,15.9,0.881,-1317.02,-5591.15
189 Avenue A,0.965,1005977,6514,,1.1,SoHo / Hudson Square,82.6,4,tag,0,40.7289795,block,-73.9816613,0.0,apartments,248142878,,way,10009,11.7,0.907,-1151.57,-5641.54
190 1st Avenue,0.8,1005971,6515,,15.8,West Village,122.5,4,tag,0,40.7296271,block,-73.9835087,0.0,apartments,248142879,,way,10009,16.0,0.769,-1307.3,-5569.93
191 Avenue A,0.988,1077670,6516,,0.9,West Village,80.0,4,tag,0,40.7290239,block,-73.9816257,0.0,apartments,248142880,,way,10009,12.1,0.932,-1148.57,-5636.63
138 East 30th Street,0.988,1018271,6617,,0.9,Chelsea,71.0,5,tag,0,40.7435099,block,-73.9811328,0.0,yes,248143107,,way,10016,14.9,0.936,-1107.02,-4034.86
138 East 31st Street,0.768,1018329,6618,,7.6,Chelsea,126.9,6,tag,0,40.7440902,block,-73.9806573,0.0,yes,248143108,,way,10016,13.4,0.709,-1066.94,-3970.69
140 East 31st Street,0.78,1018329,6622,,14.0,Chelsea,163.2,4,tag,0,40.7440561,block,-73.9805936,0.0,yes,248143112,,way,10016,13.4,0.76,-1061.57,-3974.46
141 Lexington Avenue,0.988,1018251,6624,,0.9,Chelsea,92.4,5,tag,0,40.7433429,block,-73.981675,0.0,yes,248143114,,way,10016,17.5,0.944,-1152.73,-4053.32
143 Lexington Avenue,0.937,1018251,6629,,4.3,Chelsea,90.4,5,zone_model,0,40.7433769,block,-73.9816375,0.0,yes,248143119,,way,10016,10.85,0.882,-1149.56,-4049.56
145 Lexington Avenue,0.802,1018251,6633,,8.5,Chelsea,73.2,5,zone_model,0,40.7434144,block,-73.9816185,0.0,yes,248143123,,way,10016,35.61,0.764,-1147.96,-4045.42
149 East 29th Street,0.988,1018261,6637,,0.9,Chelsea,62.2,5,tag,0,40.7429664,block,-73.9809088,0.0,yes,248143127,,way,10016,14.7,0.945,-1088.14,-4094.95
151 East 29th Street,0.989,1018262,6640,,0.9,Chelsea,60.4,5,tag,0,40.7429508,block,-73.9808677,0.0,yes,248143130,,way,10016,15.0,0.933,-1084.67,-4096.68
165 Lexington Avenue,0.568,1018311,6648,,6.7,Chelsea,110.6,4,tag,0,40.743986,block,-73.9811779,0.0,yes,248143138,,way,10016,13.2,0.55,-1110.81,-3982.21
167 Lexington Avenue,0.669,1018311,6649,,3.9,Chelsea,184.2,4,tag,0,40.744015,block,-73.9810842,0.0,yes,248143139,,way,10016,13.5,0.625,-1102.92,-3979.0
169 Lexington Avenue,0.668,1018329,6650,,25.7,Chelsea,190.8,5,tag,0,40.744068,block,-73.9810445,0.0,yes,248143140,,way,10016,13.4,0.668,-1099.57,-3973.14
217 East 30th Street,0.971,1077029,6659,,1.2,Chelsea,74.9,4,tag,0,40.7429985,block,-73.9790476,0.0,yes,248143151,,way,10016,12.9,0.944,-931.24,-4091.4
222 East 31st Street,0.97,1019963,6663,,1.0,Gramercy / Flatiron,87.0,5,tag,0,40.7432547,block,-73.9786016,0.0,yes,248143155,,way,10016,18.8,0.91,-893.65,-4063.07
547 2nd Avenue,0.987,1019955,6678,,0.9,Gramercy / Flatiron,135.7,5,tag,0,40.7425665,block,-73.977858,0.0,yes,248143170,,way,10016,12.0,0.933,-830.98,-4139.17
211 East 31st Street,0.768,1020034,6706,,11.1,Chelsea,80.3,4,tag,0,40.7436771,block,-73.9787332,0.0,yes,248143429,,way,10016,12.9,0.759,-904.74,-4016.37
213 East 31st Street,0.847,1020034,6708,,5.7,Gramercy / Flatiron,83.2,4,tag,0,40.7436526,block,-73.978675,0.0,yes,248143431,,way,10016,12.9,0.803,-899.84,-4019.08
214 East 32nd Street,0.989,1020071,6709,,0.9,Gramercy / Flatiron,91.5,4,tag,0,40.7439795,block,-73.9783874,0.0,yes,248143432,,way,10016,13.0,0.934,-875.59,-3982.93
218 East 32nd Street,0.988,1020069,6713,,1.0,Gramercy / Flatiron,88.8,4,tag,0,40.7439282,block,-73.9782676,0.0,yes,248143436,,way,10016,12.9,0.929,-865.5,-3988.6
236 East 32nd Street,0.989,1020061,6728,,0.9,Gramercy / Flatiron,85.7,4,tag,0,40.7437232,block,-73.9777816,0.0,yes,248143451,,way,10016,12.7,0.942,-824.53,-4011.27
565 2nd Avenue,0.989,1082150,6742,,0.9,Gramercy / Flatiron,111.7,4,tag,0,40.7431277,block,-73.9774188,0.0,yes,248143465,,way,10016,13.2,0.935,-793.95,-4077.12
1164 Broadway,0.681,1080713,6761,,7.7,Chelsea,128.1,4,tag,0,40.7447869,block,-73.9885947,0.0,yes,248143624,,way,10001,18.5,0.672,-1736.01,-3893.66
,0.687,1090657,6794,,10.1,Chelsea,127.8,5,tag,0,40.7447136,block,-73.9884238,0.0,yes,248143657,,way,,18.5,0.666,-1721.6,-3901.75
1149 Broadway,0.988,1015648,6800,Fellow Barber,0.9,Chelsea,139.6,6,tag,0,40.7442195,block,-73.9892235,0.0,yes,248143721,,way,10001,15.7,0.935,-1789.02,-3956.39
1153 Broadway,0.735,1015655,6802,Forward,3.1,Chelsea,199.5,4,tag,0,40.7443493,block,-73.9891978,0.0,yes,248143723,,way,10001,14.7,0.698,-1786.85,-3942.04
48 West 27th Street,0.538,1088911,6827,nuar,14.4,Chelsea,66.0,4,tag,0,40.7449401,district,-73.9904096,0.0,yes,248143749,,way,10001,46.7,0.524,-1888.99,-3876.72
107 West 27th Street,0.989,1015071,6854,,0.9,Chelsea,145.2,4,tag,0,40.7458339,block,-73.9914075,0.0,yes,248144013,,way,10001,13.2,0.931,-1973.11,-3777.88
757 6th Avenue,0.729,1015011,6941,,6.3,Chelsea,68.1,4,tag,0,40.7444173,block,-73.9919865,0.0,yes,248144123,,way,10001,12.9,0.728,-2021.92,-3934.52
759 6th Avenue,0.75,1015012,6942,,2.2,Chelsea,69.0,4,tag,0,40.7444635,block,-73.9919539,0.0,yes,248144124,,way,10001,13.0,0.735,-2019.17,-3929.41
,0.437,1080594,6953,,12.5,Garment / Midtown South,20.2,4,tag,0,40.7460772,block,-73.9914864,0.0,yes,248144137,,way,,3.3,0.434,-1979.77,-3750.98
45 East 1st Street,0.977,1006075,6984,,1.1,SoHo / Hudson Square,104.9,4,tag,0,40.7237304,block,-73.989944,0.0,apartments,248156510,5,way,10003,16.6,0.922,-1849.75,-6221.96
75 Mac Dougal Street,0.989,1080052,7040,,0.9,SoHo / Hudson Square,79.4,4,tag,0,40.7287019,block,-74.0018249,0.0,yes,248156634,,way,10012,15.2,0.936,-2851.24,-5672.23
86 Mac Dougal Street,0.988,1008314,7049,,0.9,SoHo / Hudson Square,77.5,4,tag,0,40.7285901,block,-74.0014666,0.0,yes,248156653,,way,10012,13.2,0.929,-2821.03,-5684.6
,0.939,1077998,7140,,0.7,West Village,61.2,8,tag,0,40.7298705,block,-73.9999962,0.0,yes,248160011,,way,,14.6,0.89,-2697.09,-5543.02
129 Mac Dougal Street,0.989,1008762,7173,,0.9,West Village,72.5,4,tag,0,40.7306735,block,-74.0001141,0.0,yes,248163383,,way,10012,12.4,0.933,-2707.03,-5454.23
46-44 West 8th Street,0.652,1091857,7217,,25.3,West Village,467.2,7,tag,0,40.7329624,block,-73.9986356,0.0,yes,248163439,,way,10011,8.9,0.634,-2582.4,-5201.14
78 West Washington Place,0.855,1008872,7232,,1.8,West Village,86.7,4,tag,0,40.7318504,block,-73.9999138,0.0,yes,248163454,,way,10011,15.9,0.839,-2690.14,-5324.1
80 West Washington Place,0.863,1008871,7235,,1.7,West Village,90.5,4,tag,0,40.7318834,block,-73.9999811,0.0,yes,248163457,,way,10011,16.1,0.814,-2695.81,-5320.45
,0.68,1008877,7244,Lipton Dining Hall,21.7,West Village,666.9,11,tag,0,40.7315034,block,-73.9995942,0.0,yes,248163466,1,way,,29.2,0.657,-2663.21,-5362.46
,0.781,1010261,7264,,14.3,West Village,91.9,6,tag,0,40.7334566,block,-74.0004264,0.0,yes,248163489,,way,,11.7,0.767,-2733.35,-5146.49
19 REAR Washington Square North,0.645,1077881,7297,,8.3,West Village,109.0,6,tag,0,40.7320478,block,-73.9974631,0.0,yes,248166237,,way,10011,11.4,0.601,-2483.56,-5302.26
19 Washington Square North,0.709,1077881,7298,,7.8,West Village,141.4,4,tag,0,40.7319243,block,-73.997563,0.0,apartments,248166238,,way,10011,18.7,0.657,-2491.98,-5315.92
53 Washington Square South,0.734,1082207,7315,,15.8,West Village,147.3,4,tag,0,40.7303473,block,-73.9986337,0.0,university,248166256,,way,10012,21.1,0.711,-2582.24,-5490.3
,0.435,1008717,7347,,11.1,West Village,41.1,6,tag,0,40.7303323,block,-73.998459,0.0,yes,248166288,,way,,10.2,0.383,-2567.51,-5491.95
,0.71,1077838,7372,,5.1,SoHo / Hudson Square,422.1,12,tag,0,40.7287716,block,-73.9991066,0.0,apartments,248234556,,way,,23.1,0.699,-2622.1,-5664.53
235 Sullivan Street,0.989,1008670,7390,,0.9,West Village,88.8,4,tag,0,40.7297707,block,-73.999392,0.0,yes,248234576,,way,10012,16.4,0.934,-2646.16,-5554.06
,0.59,1005762,7472,Ageloff Towers,15.1,SoHo / Hudson Square,1644.4,21,tag,0,40.7240737,block,-73.985351,0.0,residential,248266470,12,way,,37.9,0.573,-1462.59,-6184.0
14 5th Avenue,0.638,1009431,7479,,10.3,West Village,391.1,7,tag,0,40.7326365,block,-73.9964421,0.0,yes,248754485,,way,10011,18.9,0.617,-2397.5,-5237.17
21 West 8th Street,0.811,1009437,7487,,15.1,West Village,161.0,8,tag,0,40.7329318,block,-73.9974767,0.0,yes,248754495,,way,10011,17.0,0.785,-2484.71,-5204.52
25 West 8th Street,0.695,1009441,7490,,16.1,West Village,184.6,6,tag,0,40.7330104,block,-73.9976232,0.0,yes,248754498,,way,10011,16.4,0.691,-2497.06,-5195.83
31 West 8th Street,0.864,1009443,7494,,8.6,West Village,173.4,5,tag,0,40.7331008,block,-73.9978724,0.0,yes,248754502,,way,10011,16.4,0.864,-2518.07,-5185.83
36 West 9th Street,0.954,1009417,7498,,0.8,West Village,147.0,4,tag,0,40.7334489,block,-73.9978292,0.0,apartments,248754506,,way,10011,17.2,0.898,-2514.42,-5147.35
47 West 8th Street,0.944,1080139,7510,,1.4,West Village,130.2,6,tag,0,40.7333409,block,-73.998479,0.0,yes,248754518,,way,10011,16.9,0.906,-2569.2,-5159.28
54 West 9th Street,0.988,1009415,7516,,0.9,West Village,93.3,5,tag,0,40.7337352,block,-73.9984703,0.0,apartments,248754524,,way,10011,16.2,0.929,-2568.47,-5115.68
56 West 9th Street,0.989,1009414,7518,,0.9,West Village,93.6,4,tag,0,40.7337574,block,-73.9985231,0.0,apartments,248754526,,way,10011,16.3,0.943,-2572.92,-5113.22
58 West 9th Street,0.989,1009413,7520,,0.9,West Village,90.9,4,tag,0,40.7337794,block,-73.9985752,0.0,apartments,248754528,,way,10011,16.3,0.932,-2577.31,-5110.8
,0.702,1077279,7531,The Portsmouth,7.7,West Village,179.1,9,tag,0,40.7336719,block,-73.9984272,0.0,apartments,248754539,,way,,18.7,0.678,-2564.83,-5122.69
13 West 9th Street,0.988,1009484,7538,,0.9,West Village,96.6,4,tag,0,40.7334098,block,-73.996772,0.0,apartments,248755407,,way,10011,16.3,0.937,-2425.31,-5151.67
29 West 9th Street,0.989,1009489,7553,,0.9,West Village,102.7,4,tag,0,40.733616,block,-73.9972336,0.0,apartments,248755423,,way,10011,16.3,0.934,-2464.22,-5128.86
31 West 9th Street,0.989,1009490,7555,,0.9,West Village,105.7,4,tag,0,40.7336387,block,-73.9972874,0.0,apartments,248755425,,way,10011,16.1,0.93,-2468.76,-5126.35
52 West 10th Street,0.906,1009461,7572,,7.2,West Village,101.3,5,tag,0,40.7342335,block,-73.9978026,0.0,apartments,248755442,,way,10011,11.5,0.874,-2512.18,-5060.58
53 West 9th Street,0.989,1009498,7573,,0.9,West Village,82.0,4,tag,0,40.7339165,block,-73.99799,0.0,apartments,248755443,,way,10011,15.8,0.942,-2527.98,-5095.63
41 Mercer Street,0.905,1007042,7653,,1.0,SoHo / Hudson Square,107.9,4,tag,0,40.7215252,block,-74.0014323,0.0,yes,248771044,,way,10013,5.4,0.861,-2818.14,-6465.79
204 Forsyth Street,0.708,1005614,7737,,16.1,SoHo / Hudson Square,124.3,5,tag,0,40.7227236,block,-73.9903963,0.0,yes,248772263,,way,10002,16.5,0.674,-1887.87,-6333.28
41 Avenue A,0.786,1077953,7788,,2.7,SoHo / Hudson Square,165.3,5,tag,0,40.7236426,block,-73.9855911,0.0,apartments,248772414,4,way,10009,12.1,0.746,-1482.83,-6231.67
12 Avenue B,0.677,1004959,7801,,19.6,SoHo / Hudson Square,131.3,7,tag,0,40.7218941,block,-73.9837807,0.0,office,248772614,5,way,10009,17.7,0.628,-1330.22,-6425.0
13 Avenue A,0.976,1005749,7802,,0.8,SoHo / Hudson Square,134.9,5,tag,0,40.7227532,block,-73.9862633,0.0,apartments,248772615,,way,10009,15.5,0.92,-1539.48,-6330.01
195 East 2nd Street,0.655,1004950,7821,,26.5,SoHo / Hudson Square,185.6,11,tag,0,40.7220569,block,-73.984103,0.0,apartments,248772635,6,way,,20.3,0.646,-1357.39,-6407.0
199 East 2nd Street,0.559,1004953,7823,,8.7,SoHo / Hudson Square,127.8,10,tag,0,40.7220403,block,-73.9839318,0.0,apartments,248772637,6,way,10009,20.1,0.545,-1342.95,-6408.84
220 East 4th Street,0.511,1081927,7901,,11.1,SoHo / Hudson Square,186.0,5,tag,0,40.7235085,block,-73.9836547,0.0,apartments,248772956,,way,10009,19.7,0.464,-1319.6,-6246.49
214 East 30th Street,0.989,1019940,8125,,0.9,Chelsea,90.9,4,tag,0,40.7427328,block,-73.9792913,0.0,yes,248827163,,way,10016,12.4,0.929,-951.79,-4120.78
723 3rd Avenue,0.989,1037583,8205,,0.9,Midtown East,81.3,4,tag,0,40.7527364,block,-73.972706,0.0,yes,249041790,4,way,10017,14.8,0.934,-396.69,-3014.65
42 East 21st Street,0.941,1016217,8267,,1.8,Chelsea,169.0,6,tag,0,40.7391168,block,-73.9883357,0.0,yes,249657350,,way,10010,18.2,0.881,-1714.18,-4520.62
240 East 15th Street,0.911,1019518,8341,,1.5,West Village,164.4,4,tag,0,40.7330658,block,-73.9850596,0.0,apartments,249657712,,way,10003,17.4,0.883,-1438.03,-5189.7
243 East 14th Street,0.722,1019512,8344,,10.6,West Village,147.5,4,tag,0,40.7327266,block,-73.9852495,0.0,apartments,249657715,,way,10003,17.3,0.72,-1454.03,-5227.2
204 Avenue A,0.793,1091652,8444,,3.6,West Village,114.2,4,tag,0,40.7294112,block,-73.9808186,0.0,apartments,249657917,,way,10009,11.8,0.788,-1080.53,-5593.8
206 Avenue B,0.988,1083454,8447,,0.9,SoHo / Hudson Square,49.8,5,tag,0,40.7284809,block,-73.9789583,0.0,apartments,249657920,5,way,10009,15.0,0.946,-923.72,-5696.67
206A Avenue B,0.989,1083450,8448,,0.9,SoHo / Hudson Square,50.7,5,tag,0,40.7285046,block,-73.9789411,0.0,apartments,249657921,5,way,10009,15.0,0.963,-922.27,-5694.05
208 Avenue B,0.988,1083451,8449,,0.9,SoHo / Hudson Square,54.0,4,tag,0,40.7285293,block,-73.9789233,0.0,apartments,249657922,5,way,10009,15.0,0.943,-920.77,-5691.32
208A Avenue B,0.988,1083453,8450,,0.9,SoHo / Hudson Square,49.8,4,tag,0,40.7285539,block,-73.9789055,0.0,apartments,249657923,5,way,10009,15.0,0.935,-919.27,-5688.61
,0.9,1076998,8523,,7.0,West Village,56.6,4,tag,0,40.7290734,block,-73.9804084,0.0,yes,249658003,,way,,12.3,0.858,-1045.95,-5631.15
273 1st Avenue,0.989,1020425,8549,,0.9,West Village,146.3,4,tag,0,40.7325459,block,-73.9820743,0.0,apartments,249663067,4,way,10003,11.8,0.933,-1186.38,-5247.19
54 Mac Dougal Street,0.628,1090640,8660,,7.0,SoHo / Hudson Square,73.4,5,tag,0,40.7274697,block,-74.0024306,0.0,yes,249663228,,way,10012,10.1,0.621,-2902.3,-5808.49
12 Sheridan Square,0.989,1085812,8675,,0.9,West Village,29.5,4,tag,0,40.7332515,block,-74.0020404,0.0,yes,249663950,,way,10014,20.6,0.938,-2869.4,-5169.17
123 West Washington Place,0.926,1076822,8677,,6.0,West Village,90.5,8,tag,0,40.7329478,block,-74.0014382,0.0,apartments,249663952,6,way,10014,14.1,0.913,-2818.64,-5202.75
12A Sheridan Square,0.988,1085813,8680,,0.9,West Village,29.8,4,tag,0,40.733267,block,-74.0019935,0.0,yes,249663955,,way,10014,20.6,0.944,-2865.45,-5167.45
158 West 10th Street,0.941,1078126,8704,,0.2,West Village,39.4,4,tag,0,40.7343371,block,-74.0017156,0.0,yes,249663979,,way,10014,10.2,0.903,-2842.02,-5049.13
178 Waverly Place,0.906,1010672,8715,,4.4,West Village,92.5,4,tag,0,40.7342136,block,-74.0014913,0.0,yes,249663990,,way,10014,10.8,0.85,-2823.12,-5062.79
180 Waverly Place,0.869,1010670,8716,,0.6,West Village,93.4,7,tag,0,40.7342582,block,-74.0015084,0.0,apartments,249663991,,way,10014,10.6,0.84,-2824.56,-5057.86
161 West 4th Street,0.951,1010224,8774,,1.3,West Village,88.6,5,tag,0,40.7320623,block,-74.0012363,0.0,yes,249664100,,way,10014,14.0,0.891,-2801.62,-5300.66
351 6th Avenue,0.958,1010222,8785,,1.6,West Village,118.2,4,tag,0,40.7320837,block,-74.0010078,0.0,yes,249664117,4,way,10014,14.4,0.919,-2782.36,-5298.3
359 6th Avenue,0.715,1088408,8789,,2.9,West Village,331.0,4,tag,0,40.7323244,block,-74.0008711,0.0,apartments,249664121,4,way,10014,12.4,0.666,-2770.84,-5271.69
,0.462,1010178,8797,18 Barrow St,36.7,West Village,15.1,3,tag,0,40.7325394,block,-74.0031969,0.0,yes,249664129,,way,,5.9,0.432,-2966.89,-5247.9
186 Spring Street,0.911,1007357,8831,,5.7,SoHo / Hudson Square,64.2,5,tag,0,40.7248769,block,-74.0029725,0.0,yes,249664227,,way,10012,14.2,0.853,-2947.98,-6095.19
200 Prince Street,0.902,1077765,8847,,1.3,SoHo / Hudson Square,87.8,4,tag,0,40.7265905,block,-74.0028548,0.0,yes,249664243,,way,10012,12.4,0.866,-2938.05,-5905.7
,0.615,1007810,8887,,28.4,SoHo / Hudson Square,105.0,5,tag,0,40.7263413,block,-74.0030625,0.0,yes,249664283,,way,,9.1,0.613,-2955.56,-5933.26
,0.989,1007805,8890,,0.9,SoHo / Hudson Square,100.6,4,tag,0,40.7265411,block,-74.0028018,0.0,yes,249664286,,way,,15.0,0.929,-2933.59,-5911.17
,0.794,1007056,8914,,14.5,SoHo / Hudson Square,236.6,5,tag,0,40.7225219,block,-74.0033846,0.0,yes,249664321,,way,,8.4,0.782,-2982.71,-6355.59
361 Canal Street,0.989,1002955,8927,,0.9,Tribeca / Civic Center,93.2,5,tag,0,40.7211781,block,-74.0039635,0.0,yes,249664334,,way,10013,17.5,0.936,-3031.51,-6504.18
391 Canal Street,0.849,1002939,8940,,2.4,SoHo / Hudson Square,134.2,5,tag,0,40.7218437,block,-74.0048591,0.0,yes,249664348,,way,10013,4.2,0.844,-3107.0,-6430.58
42 Grand Street,0.989,1077729,8943,,0.9,SoHo / Hudson Square,95.5,6,tag,0,40.7227081,block,-74.0040625,0.0,yes,249664351,,way,10013,18.0,0.931,-3039.85,-6334.99
505 Broome Street,0.915,1079918,8958,,0.3,SoHo / Hudson Square,61.5,5,tag,0,40.7232389,block,-74.0033433,0.0,yes,249664366,,way,10013,11.8,0.899,-2979.23,-6276.3
,0.955,1007067,8987,,0.9,SoHo / Hudson Square,121.0,5,tag,0,40.7229225,block,-74.0024458,0.0,yes,249664397,3,way,,16.1,0.937,-2903.58,-6311.29
554 Broome Street,0.944,1007381,9016,,1.4,SoHo / Hudson Square,179.8,5,tag,0,40.7245388,block,-74.0054211,0.0,yes,249664461,,way,10013,26.4,0.892,-3154.38,-6132.57
32 Dominick Street,0.742,1009726,9062,,8.2,SoHo / Hudson Square,158.3,4,tag,0,40.7248932,block,-74.0066086,0.0,yes,249664577,,way,10013,12.6,0.717,-3254.47,-6093.38
42 Charlton Street,0.569,1008116,9071,,34.4,SoHo / Hudson Square,87.5,5,tag,0,40.7269539,block,-74.0049947,0.0,school,249664586,,way,10013,13.4,0.523,-3118.43,-5865.52
497 Canal Street,0.789,1010319,9081,,1.6,SoHo / Hudson Square,123.8,8,tag,0,40.7242912,block,-74.008294,0.0,yes,249664596,2,way,10013,7.1,0.757,-3396.54,-6159.95
,0.509,1010365,9092,,39.0,SoHo / Hudson Square,225.7,5,tag,0,40.7265387,block,-74.0084268,0.0,yes,249664611,,way,,23.7,0.475,-3407.74,-5911.44
,0.665,1010364,9113,,14.4,SoHo / Hudson Square,95.4,5,tag,0,40.7262355,block,-74.0084311,0.0,yes,249664634,,way,,5.2,0.615,-3408.11,-5944.95
,0.491,1010363,9115,,14.4,SoHo / Hudson Square,47.7,5,tag,0,40.7262525,block,-74.0083355,0.0,yes,249664636,,way,,5.2,0.463,-3400.04,-5943.08
100 Vandam Street,0.703,1010360,9119,,9.2,SoHo / Hudson Square,615.6,5,tag,0,40.7265429,block,-74.0086994,0.0,yes,249664642,6,way,10013,23.7,0.689,-3430.72,-5910.97
21 Bedford Street,0.989,1008398,9165,,0.9,West Village,97.6,6,tag,0,40.7290065,block,-74.003654,0.0,yes,249664935,,way,10014,16.8,0.935,-3005.42,-5638.56
21 Charlton Street,0.914,1008107,9166,,1.0,SoHo / Hudson Square,121.6,7,tag,0,40.7271956,block,-74.0041604,0.0,yes,249664936,,way,10014,12.7,0.884,-3048.1,-5838.8
27 Bedford Street,0.988,1008395,9181,,0.9,West Village,94.6,5,tag,0,40.7291554,block,-74.0037397,0.0,yes,249664951,,way,10014,12.5,0.934,-3012.65,-5622.1
33 Charlton Street,0.859,1008111,9189,,3.0,SoHo / Hudson Square,86.8,7,tag,0,40.7272111,block,-74.0045519,0.0,yes,249664959,,way,10014,11.6,0.837,-3081.11,-5837.08
37 Clarkson Street,0.792,1010396,9195,,14.9,West Village,421.0,5,tag,0,40.7297774,block,-74.0075576,0.0,yes,249664969,,way,10014,7.6,0.766,-3334.47,-5553.31
53 Downing Street,0.778,1008414,9215,,6.5,West Village,172.2,4,tag,0,40.7293013,block,-74.0043934,0.0,yes,249664989,,way,10014,18.0,0.748,-3067.75,-5605.96
,0.897,1008401,9247,,6.7,West Village,50.1,4,tag,0,40.7291629,block,-74.0050058,0.0,yes,249665025,,way,,6.9,0.872,-3119.37,-5621.26
241 Bleecker Street,0.893,1010059,9302,,6.5,West Village,160.8,4,tag,0,40.730811,block,-74.0025134,0.0,yes,249665272,,way,10014,13.7,0.878,-2909.27,-5439.02
243 Bleecker Street,0.878,1010061,9303,,3.0,West Village,137.7,5,tag,0,40.7308664,block,-74.0025449,0.0,yes,249665273,,way,10014,17.2,0.86,-2911.93,-5432.9
249 Bleecker Street,0.989,1010064,9306,,0.9,West Village,58.3,4,tag,0,40.7309868,block,-74.0026816,0.0,yes,249665276,,way,10014,13.5,0.949,-2923.46,-5419.58
253 Bleecker Street,0.988,1010066,9309,,0.9,West Village,52.7,4,tag,0,40.7310632,block,-74.0027251,0.0,yes,249665279,,way,10014,12.5,0.949,-2927.12,-5411.14
319 6th Avenue,0.989,1010074,9328,,0.9,West Village,108.3,4,tag,0,40.731094,block,-74.0017483,0.0,yes,249665298,,way,10014,14.8,0.942,-2844.78,-5407.73
4 Bedford Street,0.965,1008343,9345,,0.9,SoHo / Hudson Square,82.5,5,tag,0,40.7288871,block,-74.0032133,0.0,yes,249665315,,way,10014,12.2,0.915,-2968.27,-5651.75
5C Carmine Street,0.78,1084593,9358,,2.4,West Village,32.0,4,tag,0,40.7308671,block,-74.0022548,0.0,yes,249665328,,way,10014,9.6,0.773,-2887.48,-5432.82
,0.821,1010070,9365,,7.9,West Village,183.8,15,tag,0,40.7313987,block,-74.0015873,0.0,yes,249665335,5,way,,17.6,0.769,-2831.21,-5374.04
,0.462,1084592,9366,,19.1,West Village,16.3,4,tag,0,40.7310014,block,-74.002066,0.0,yes,249665337,,way,,5.4,0.454,-2871.56,-5417.97
32 Downing Street,0.79,1008347,9368,,17.0,West Village,186.4,4,tag,0,40.7292897,block,-74.0034496,0.0,apartments,249665339,,way,10014,18.0,0.739,-2988.19,-5607.24
,0.967,1008346,9370,,1.2,West Village,72.1,5,tag,0,40.72907,block,-74.0033423,0.0,yes,249665342,,way,,11.6,0.915,-2979.15,-5631.54
432 Hudson Street,0.922,1009779,9405,,1.2,West Village,81.2,4,tag,0,40.7306845,block,-74.0065374,0.0,yes,249665498,,way,10014,13.3,0.89,-3248.47,-5453.01
50 Morton Street,0.989,1009791,9410,,0.9,West Village,96.9,4,tag,0,40.7306556,block,-74.005595,0.0,yes,249665503,,way,10014,15.0,0.929,-3169.03,-5456.2
266 Bleecker Street,0.988,1009921,9507,,1.0,West Village,88.6,4,tag,0,40.7312514,block,-74.0032159,0.0,yes,249665650,,way,10014,13.0,0.931,-2968.49,-5390.33
271 Bleecker Street,0.988,1010132,9514,,1.0,West Village,85.9,4,tag,0,40.7315397,block,-74.0029311,0.0,yes,249665657,,way,10014,8.5,0.949,-2944.48,-5358.45
5 Jones Street,0.959,1010166,9532,,0.3,West Village,178.8,16,tag,0,40.7323906,block,-74.0020432,0.0,apartments,249665675,,way,10014,17.5,0.901,-2869.64,-5264.36
71 7th Avenue South,0.823,1010157,9540,,2.7,West Village,122.1,6,tag,0,40.7322175,block,-74.0033158,0.0,yes,249665683,,way,10014,5.0,0.768,-2976.91,-5283.5
,0.778,1010157,9541,,5.8,West Village,119.0,5,tag,0,40.7322931,block,-74.0033074,0.0,yes,249665684,,way,,6.1,0.737,-2976.21,-5275.14
11 Commerce Street,0.832,1009971,9576,,2.8,West Village,45.2,4,tag,0,40.7319013,block,-74.0040946,0.0,yes,249665896,,way,10014,10.3,0.815,-3042.56,-5318.47
310 Bleecker Street,0.989,1010017,9595,,0.9,West Village,82.9,4,tag,0,40.7326729,block,-74.0040239,0.0,yes,249665915,,way,10014,15.2,0.934,-3036.6,-5233.14
44 Barrow Street,0.838,1010027,9617,,3.2,West Village,83.2,4,tag,0,40.732182,block,-74.0044502,0.0,yes,249665937,,way,10014,12.5,0.809,-3072.54,-5287.43
9 Commerce Street,0.844,1009970,9653,,2.3,West Village,45.7,4,tag,0,40.7319233,block,-74.0040247,0.0,yes,249665977,,way,10014,10.0,0.819,-3036.67,-5316.03
62 Barrow Street,0.988,1009867,9728,,1.0,West Village,79.3,6,tag,0,40.7318564,block,-74.005438,0.0,yes,249666248,,way,10014,17.8,0.929,-3155.8,-5323.43
,0.989,1009881,9766,,0.9,West Village,48.7,4,tag,0,40.7328554,block,-74.005855,0.0,yes,249666286,,way,,11.9,0.95,-3190.95,-5212.96
,0.845,1078108,9820,,12.6,West Village,169.7,5,tag,0,40.7323996,block,-74.0088988,0.0,apartments,249666400,5,way,,15.5,0.829,-3447.53,-5263.37
21 Desbrosses Street,0.579,1084858,9834,,6.8,SoHo / Hudson Square,37.8,4,tag,0,40.7233465,block,-74.009863,0.0,yes,249666494,,way,10013,13.4,0.55,-3528.8,-6264.41
452 Greenwich Street,0.855,1084858,9849,,2.7,SoHo / Hudson Square,113.7,4,tag,0,40.7233354,block,-74.0097536,0.0,yes,249666513,,way,10013,13.4,0.818,-3519.58,-6265.63
,0.645,1090674,9869,,9.3,SoHo / Hudson Square,355.9,4,tag,0,40.7233903,block,-74.0106147,0.0,yes,249666538,,way,,22.8,0.586,-3592.16,-6259.56
,0.601,1089682,9895,,7.3,Tribeca / Civic Center,1792.1,6,tag,0,40.7210366,district,-74.0089787,0.0,yes,250051910,,way,,58.0,0.568,-3454.26,-6519.82
403 Greenwich Street,0.895,1002796,9903,,6.3,Tribeca / Civic Center,237.4,6,tag,0,40.720977,block,-74.0096583,0.0,yes,250051918,,way,10013,8.7,0.886,-3511.55,-6526.41
30 West 12th Street,0.886,1009575,10019,,2.2,West Village,181.6,6,tag,0,40.7350157,block,-73.9959392,0.0,apartments,250072679,,way,10011,17.1,0.885,-2355.11,-4974.09
,0.997,1090773,10158,,0.2,East Village,26.8,4,tag,0,40.7296132,block,-73.9730993,0.0,industrial,250264355,,way,,3.6,0.938,-429.84,-5571.47
636 East 11th Street,0.706,1004885,10235,,23.0,Lower East Side,178.2,5,tag,0,40.7266654,block,-73.9780525,0.0,apartments,250264606,7,way,10009,22.8,0.683,-847.36,-5897.42
638 East 11th Street,0.614,1004887,10236,,3.2,Lower East Side,148.8,5,tag,0,40.7266343,block,-73.9779739,0.0,apartments,250264607,7,way,10009,23.7,0.565,-840.74,-5900.86
640 East 11th Street,0.617,1004887,10239,,7.5,Lower East Side,228.6,5,tag,0,40.7265735,block,-73.9779176,0.0,apartments,250264612,7,way,10009,23.4,0.578,-836.0,-5907.59
137 Avenue C,0.845,1004747,10336,,11.4,Lower East Side,109.6,4,tag,0,40.7251193,block,-73.9783811,0.0,apartments,250265053,5,way,10009,11.0,0.842,-875.07,-6068.38
253 East 7th Street,0.737,1004520,10355,,5.0,Lower East Side,92.2,5,tag,0,40.7237878,block,-73.9778026,0.0,apartments,250265072,6,way,10009,10.4,0.679,-826.3,-6215.61
261 East 7th Street,0.773,1004517,10359,,7.9,Lower East Side,139.6,4,tag,0,40.7236924,block,-73.9774674,0.0,apartments,250265076,6,way,10009,24.0,0.743,-798.05,-6226.16
356 East 8th Street,0.816,1004504,10388,,2.6,Lower East Side,75.4,4,tag,0,40.724385,block,-73.9780668,0.0,apartments,250265121,4,way,10009,12.3,0.792,-848.58,-6149.57
,0.989,1004503,10414,,0.9,Lower East Side,118.1,4,tag,0,40.7244955,block,-73.9782423,0.0,apartments,250265147,5,way,,16.5,0.932,-863.37,-6137.35
234 East 7th Street,0.975,1004470,10436,,0.8,Lower East Side,125.8,4,tag,0,40.7237561,block,-73.9785388,0.0,apartments,250265222,4,way,10009,16.6,0.916,-888.36,-6219.11
264 East 7th Street,0.942,1004481,10447,,1.6,Lower East Side,125.9,6,tag,0,40.7233329,block,-73.9775348,0.0,apartments,250265233,3,way,10009,16.9,0.91,-803.73,-6265.9
268 East 7th Street,0.903,1004483,10449,,1.5,Lower East Side,133.3,5,tag,0,40.7232694,block,-73.9773916,0.0,apartments,250265235,6,way,10009,18.4,0.871,-791.66,-6272.93
344 East 4th Street,0.67,1004389,10513,,5.8,Chinatown / Two Bridges,200.8,20,tag,0,40.7214214,block,-73.9786651,0.0,apartments,250265349,5,way,10009,18.4,0.62,-899.01,-6477.28
734 East 5th Street,0.66,1087569,10528,,9.4,Lower East Side,661.0,5,tag,0,40.7220362,block,-73.978175,0.0,apartments,250265365,6,way,10009,18.2,0.647,-857.69,-6409.29
11 Avenue B,0.988,1004568,10548,,0.9,SoHo / Hudson Square,112.5,4,tag,0,40.7217427,block,-73.9833853,0.0,apartments,250265507,5,way,10009,17.0,0.932,-1296.89,-6441.74
,0.732,1082473,10631,,3.9,SoHo / Hudson Square,297.9,8,tag,0,40.7221405,block,-73.9831027,0.0,apartments,250265598,6,way,,13.9,0.7,-1273.07,-6397.75
,0.469,1090047,10756,,28.2,SoHo / Hudson Square,38.6,5,tag,0,40.7215931,block,-73.9870904,0.0,yes,250266629,,way,,7.9,0.442,-1609.21,-6458.28
151 Essex Street,0.764,1005374,10778,,14.4,Tribeca / Civic Center,201.6,5,tag,0,40.720782,block,-73.9873833,0.0,yes,250266795,,way,10002,22.1,0.755,-1633.9,-6547.97
226 West 10th Street,0.902,1011141,10810,,0.7,West Village,75.6,4,tag,0,40.7338057,block,-74.0050653,0.0,yes,250269698,,way,10014,12.3,0.856,-3124.39,-5107.89
653 Washington Street,0.988,1011722,10836,,0.9,West Village,65.8,4,tag,0,40.7329616,block,-74.0083852,0.0,yes,250269724,,way,10014,13.7,0.938,-3404.24,-5201.22
159 REAR Charles Street,0.855,1078320,10897,,6.6,West Village,53.5,4,tag,0,40.7342829,block,-74.0093203,0.0,yes,250270012,,way,10014,6.0,0.814,-3483.05,-5055.13
401 West Street,0.802,1011989,10916,,13.3,West Village,128.8,5,tag,0,40.7335995,block,-74.0098464,0.0,yes,250270032,,way,10014,9.9,0.776,-3527.41,-5130.69
402 West Street,0.807,1090655,10917,,5.7,West Village,168.8,6,tag,0,40.7336665,block,-74.0098021,0.0,yes,250270033,,way,10014,9.7,0.793,-3523.67,-5123.28
,0.522,1011990,10941,,13.0,West Village,56.0,5,tag,0,40.7336267,block,-74.0096823,0.0,yes,250270057,,way,,6.9,0.487,-3513.57,-5127.68
,0.698,1080154,10972,,11.0,West Village,424.3,4,tag,0,40.7367198,block,-73.99608,0.0,apartments,250471899,,way,,26.1,0.672,-2366.98,-4785.66
159 West 12th Street,0.919,1010628,11006,,1.8,West Village,91.1,7,tag,0,40.7369591,block,-73.9995934,0.0,apartments,250473039,,way,10011,13.0,0.864,-2663.14,-4759.21
469 6th Avenue,0.989,1010580,11011,,0.9,West Village,101.5,4,tag,0,40.7356982,block,-73.9983776,0.0,yes,250473044,,way,10011,13.9,0.929,-2560.65,-4898.63
138 West 13th Street,0.925,1010607,11042,,1.7,Chelsea,114.1,4,tag,0,40.7372144,block,-73.9990855,0.0,apartments,250473931,,way,10011,13.5,0.876,-2620.32,-4730.97
184 7th Avenue South,0.794,1078148,11111,,0.9,West Village,21.9,4,tag,0,40.7362178,block,-74.0015457,0.0,yes,250474180,,way,10014,3.4,0.757,-2827.71,-4841.18
2 Milligan Place,0.937,1010551,11116,,1.0,West Village,65.9,4,tag,0,40.7350981,block,-73.9989125,0.0,apartments,250474185,,way,10011,10.3,0.915,-2605.74,-4964.98
3 Patchin Place,0.989,1010561,11152,,0.9,West Village,74.7,4,tag,0,40.7350605,block,-73.9992161,0.0,apartments,250474221,,way,10011,9.7,0.936,-2631.33,-4969.13
5 Patchin Place,0.989,1010562,11181,,0.9,West Village,75.8,4,tag,0,40.7351139,block,-73.999235,0.0,apartments,250474250,,way,10011,10.6,0.93,-2632.92,-4963.23
8 Patchin Place,0.989,1010566,11200,,0.9,West Village,63.7,4,tag,0,40.7351155,block,-73.9994812,0.0,apartments,250474269,,way,10011,10.2,0.938,-2653.68,-4963.05
245 West 4th Street,0.834,1010823,11267,,8.1,West Village,93.0,6,tag,0,40.7347061,block,-74.0029338,0.0,yes,250474588,,way,10014,12.0,0.806,-2944.71,-5008.32
35 Charles Street,0.925,1010877,11287,,5.4,West Village,70.4,4,tag,0,40.735111,block,-74.0026772,0.0,apartments,250474608,,way,10014,12.7,0.922,-2923.08,-4963.55
37 Charles Street,0.989,1010879,11295,,0.9,West Village,68.0,4,tag,0,40.7351024,block,-74.0027368,0.0,apartments,250474616,,way,10014,13.0,0.938,-2928.1,-4964.51
39 Charles Street,0.989,1010880,11301,,0.9,West Village,67.9,4,tag,0,40.7350939,block,-74.0027952,0.0,apartments,250474625,,way,10014,13.1,0.937,-2933.03,-4965.45
41 Charles Street,0.989,1010881,11303,,0.9,West Village,68.6,4,tag,0,40.7350853,block,-74.002854,0.0,apartments,250474628,,way,10014,13.2,0.938,-2937.98,-4966.39
43 Charles Street,0.989,1010882,11305,,0.9,West Village,68.6,4,tag,0,40.7350768,block,-74.002913,0.0,apartments,250474633,,way,10014,13.0,0.936,-2942.96,-4967.34
45 Charles Street,0.989,1010883,11307,,0.9,West Village,69.3,4,tag,0,40.7350681,block,-74.0029724,0.0,apartments,250474638,,way,10014,13.0,0.932,-2947.96,-4968.3
47 Charles Street,0.988,1078142,11310,,0.9,West Village,71.3,4,tag,0,40.7350593,block,-74.0030329,0.0,apartments,250474645,,way,10014,15.9,0.933,-2953.06,-4969.27
49 Charles Street,0.989,1078144,11312,,0.9,West Village,70.8,4,tag,0,40.7350504,block,-74.003094,0.0,apartments,250474647,,way,10014,13.2,0.931,-2958.22,-4970.26
56 Charles Street,0.936,1010825,11319,,0.3,West Village,97.9,4,tag,0,40.734828,block,-74.0026397,0.0,apartments,250474664,,way,10014,12.1,0.908,-2919.92,-4994.85
66 Charles Street,0.989,1011212,11331,,0.9,West Village,71.7,4,tag,0,40.7347489,block,-74.0033036,0.0,apartments,250474686,,way,10014,11.6,0.93,-2975.89,-5003.6
380 Bleecker Street,0.887,1011234,11442,,5.6,West Village,90.9,5,tag,0,40.735071,block,-74.0050404,0.0,yes,250489437,,way,10014,13.3,0.853,-3122.29,-4967.98
391 Bleecker Street,0.988,1011298,11447,,0.9,West Village,84.2,5,tag,0,40.7356252,block,-74.0048475,0.0,yes,250489442,,way,10014,14.1,0.938,-3106.03,-4906.7
395 Bleecker Street,0.989,1011300,11451,,0.9,West Village,77.9,4,tag,0,40.7357279,block,-74.0048889,0.0,yes,250489446,,way,10014,12.5,0.932,-3109.51,-4895.34
544 Hudson Street,0.729,1011226,11463,,8.7,West Village,166.7,5,tag,0,40.7347983,block,-74.0058419,0.0,yes,250489459,,way,10014,11.2,0.678,-3189.85,-4998.13
564 Hudson Street,0.988,1078189,11470,,0.9,West Village,89.1,4,tag,0,40.7355652,block,-74.0057484,0.0,yes,250489466,,way,10014,14.5,0.933,-3181.97,-4913.33
,0.809,1083546,11507,,14.6,West Village,84.8,4,tag,0,40.7348078,block,-74.0066201,0.0,yes,250489504,,way,,9.7,0.759,-3255.44,-4997.08
10 Bank Street,0.989,1010985,11526,,0.9,West Village,65.0,4,tag,0,40.7369696,block,-74.0018718,0.0,yes,250489639,,way,10014,17.9,0.945,-2855.19,-4758.05
12 Bank Street,0.989,1010984,11528,,0.9,West Village,65.1,4,tag,0,40.7369608,block,-74.0019236,0.0,yes,250489641,,way,10014,17.6,0.943,-2859.56,-4759.01
243 Waverly Place,0.989,1010980,11547,,0.9,West Village,69.2,7,tag,0,40.7367511,block,-74.0018783,0.0,yes,250489660,,way,10014,14.0,0.939,-2855.74,-4782.2
245 Waverly Place,0.989,1010981,11550,,0.9,West Village,71.1,4,tag,0,40.736794,block,-74.0018927,0.0,yes,250489663,,way,10014,14.5,0.939,-2856.95,-4777.46
247 Waverly Place,0.989,1010982,11552,,0.9,West Village,72.0,4,tag,0,40.7368384,block,-74.0019042,0.0,yes,250489665,,way,10014,14.8,0.945,-2857.92,-4772.55
405 Bleecker Street,0.879,1011333,11591,,1.9,West Village,71.9,4,tag,0,40.7361434,block,-74.0050162,0.0,yes,250489704,,way,10014,13.9,0.854,-3120.25,-4849.39
411 Bleecker Street,0.989,1011336,11594,,0.9,West Village,72.5,4,tag,0,40.7363126,block,-74.0050623,0.0,yes,250489707,,way,10014,14.7,0.933,-3124.13,-4830.69
6 Bank Street,0.988,1010987,11605,,0.9,West Village,63.8,4,tag,0,40.7369873,block,-74.0017677,0.0,yes,250489718,,way,10014,18.2,0.93,-2846.42,-4756.09
8 Bank Street,0.989,1010986,11622,,0.9,West Village,66.1,4,tag,0,40.7369785,block,-74.0018195,0.0,yes,250489735,,way,10014,18.2,0.938,-2850.79,-4757.06
,0.621,1078302,11669,,12.7,West Village,33.5,6,tag,0,40.7359367,block,-74.0064329,0.0,yes,250489850,,way,,10.0,0.574,-3239.66,-4872.25
741 Greenwich Street,0.988,1011874,11711,,0.9,West Village,69.4,4,tag,0,40.7353586,block,-74.0067078,0.0,yes,250489893,3,way,10014,10.7,0.943,-3262.84,-4936.18
757 Greenwich Street,0.853,1078302,11718,,4.8,West Village,82.8,5,tag,0,40.7359458,block,-74.0065626,0.0,yes,250489900,,way,10014,11.7,0.833,-3250.6,-4871.25
314 West 11th Street,0.86,1011877,11728,The Spotted Pig,11.2,West Village,57.5,4,tag,0,40.7356294,block,-74.0066731,0.0,yes,250489910,3,way,10014,10.4,0.806,-3259.91,-4906.24
,0.907,1011909,11740,,0.4,West Village,57.9,4,tag,0,40.7358543,block,-74.0066012,0.0,yes,250489922,,way,,10.9,0.87,-3253.85,-4881.36
108 Horatio Street,0.419,1012127,11755,,21.6,Chelsea,389.0,5,tag,0,40.7385772,block,-74.0089796,0.0,yes,250490048,,way,10014,23.4,0.361,-3454.34,-4580.28
10 Little West 12th Street,0.725,1012194,11768,,21.3,Chelsea,74.3,4,tag,0,40.7396896,block,-74.0068684,0.0,yes,250490288,3,way,10014,11.0,0.7,-3276.38,-4457.29
12 Little West 12th Street,0.659,1084973,11769,,22.0,Chelsea,80.5,4,tag,0,40.7397171,block,-74.0069338,0.0,yes,250490289,3,way,10014,10.9,0.642,-3281.89,-4454.25
15 Little West 12th Street,0.496,1012208,11770,,32.5,Chelsea,241.3,4,tag,0,40.7401014,block,-74.0068589,0.0,yes,250490290,,way,10014,21.4,0.46,-3275.57,-4411.75
410 West 13th Street,0.609,1082469,11780,,14.3,Chelsea,534.0,4,levels,0,40.7403354,block,-74.0066455,0.0,retail,250490301,5,way,10014,17.2,0.569,-3257.59,-4385.87
444 West 14th Street,0.625,1012224,11788,,12.0,Chelsea,233.0,4,tag,0,40.7415209,block,-74.0074709,0.0,yes,250490309,,way,10014,13.0,0.607,-3327.17,-4254.79
51 Gansevoort Street,0.616,1012195,11792,,5.9,Chelsea,19.1,3,tag,0,40.7395066,block,-74.0067519,0.0,yes,250490315,1,way,10014,4.2,0.567,-3266.56,-4477.52
643 Hudson Street,0.799,1011677,11809,,3.6,Chelsea,87.9,4,tag,0,40.7390956,block,-74.0056804,0.0,yes,250490332,,way,10014,14.5,0.742,-3176.23,-4522.96
645 Hudson Street,0.806,1011676,11810,,3.5,Chelsea,89.1,4,tag,0,40.7391586,block,-74.0056746,0.0,yes,250490333,,way,10014,14.5,0.759,-3175.75,-4516.0
647 Hudson Street,0.813,1011675,11811,,3.5,Chelsea,96.2,4,tag,0,40.7392209,block,-74.0056689,0.0,yes,250490334,,way,10014,14.4,0.787,-3175.26,-4509.11
66 Gansevoort Street,0.558,1080257,11812,,4.1,Chelsea,194.5,5,tag,0,40.7391777,block,-74.0075101,0.0,yes,250490335,,way,10014,7.9,0.52,-3330.47,-4513.89
68 Gansevoort Street,0.597,1078369,11815,,16.0,Chelsea,188.1,4,tag,0,40.7391784,block,-74.0075996,0.0,yes,250490338,,way,10014,8.5,0.557,-3338.01,-4513.8
8 Little West 12th Street,0.806,1012194,11821,,15.3,Chelsea,72.8,5,tag,0,40.7396634,block,-74.0068064,0.0,yes,250490344,3,way,10014,11.3,0.78,-3271.15,-4460.18
,0.505,1088644,11841,,39.3,Chelsea,249.8,4,tag,0,40.7400675,block,-74.0067778,0.0,yes,250490365,,way,,22.1,0.478,-3268.73,-4415.49
,0.472,1080257,11860,,19.7,Chelsea,541.7,5,tag,0,40.7391928,block,-74.0077886,0.0,yes,250490387,,way,,5.2,0.454,-3353.94,-4512.22
657 Hudson Street,0.559,1080222,11881,Mēdüzā Mediterrania,33.1,Chelsea,324.9,8,tag,0,40.7396484,block,-74.0055859,0.0,yes,250490408,,way,10014,6.5,0.558,-3168.27,-4461.84
30 Bethune Street,0.898,1012070,11909,,0.6,Chelsea,74.2,4,tag,0,40.7370891,block,-74.0073371,0.0,yes,250490470,,way,10014,12.1,0.841,-3315.88,-4744.83
32 Bethune Street,0.988,1012071,11912,,0.9,Chelsea,58.6,4,tag,0,40.7370752,block,-74.007398,0.0,yes,250490473,,way,10014,12.5,0.937,-3321.02,-4746.37
70 Jane Street,0.988,1012090,11954,,0.9,Chelsea,70.7,4,tag,0,40.7379965,block,-74.0068738,0.0,yes,250490515,,way,10014,13.2,0.931,-3276.84,-4644.5
72 Jane Street,0.988,1012089,11957,,0.9,Chelsea,72.2,4,tag,0,40.7379968,block,-74.0069281,0.0,yes,250490518,,way,10014,13.2,0.934,-3281.4,-4644.46
76 Jane Street,0.989,1012087,11968,,0.9,Chelsea,69.4,4,tag,0,40.7379974,block,-74.0070272,0.0,yes,250490533,,way,10014,13.2,0.929,-3289.77,-4644.4
77 Jane Street,0.8,1012146,11971,,12.5,Chelsea,101.7,4,tag,0,40.7382842,block,-74.0071487,0.0,yes,250490537,,way,10014,12.5,0.741,-3300.0,-4612.69
,0.988,1012085,12007,,0.9,Chelsea,64.7,4,tag,0,40.7379979,block,-74.0071289,0.0,yes,250490573,,way,,13.2,0.933,-3298.34,-4644.34
,0.989,1012086,12010,,0.9,Chelsea,67.0,4,tag,0,40.7379976,block,-74.007079,0.0,yes,250490576,,way,,12.9,0.932,-3294.13,-4644.37
,0.733,1083549,12020,,7.0,West Village,54.1,5,tag,0,40.7366995,block,-74.0078411,0.0,yes,250490586,,way,,8.0,0.703,-3358.37,-4787.91
104 Greenwich Avenue,0.932,1011088,12045,,0.5,Chelsea,71.3,5,tag,0,40.7382001,block,-74.0018654,0.0,yes,250490663,,way,10011,13.6,0.907,-2854.66,-4621.98
,0.955,1011089,12046,,0.7,Chelsea,71.6,4,tag,0,40.7382988,block,-74.0019253,0.0,yes,250490664,,way,,14.3,0.92,-2859.7,-4611.07
108 Greenwich Avenue,0.954,1088420,12047,,0.7,Chelsea,75.8,4,tag,0,40.7382494,block,-74.0018955,0.0,yes,250490665,,way,10011,10.1,0.906,-2857.19,-4616.53
96 Greenwich Avenue,0.975,1011084,12094,,0.1,Chelsea,99.3,5,tag,0,40.7379982,block,-74.0017217,0.0,yes,250490715,,way,10011,11.0,0.919,-2842.54,-4644.3
305 West 4th Street,0.988,1010995,12165,,0.9,Chelsea,80.8,5,tag,0,40.7370651,block,-74.0036151,0.0,yes,250490790,,way,10014,11.5,0.934,-3002.14,-4747.49
315 West 4th Street,0.988,1011000,12171,,0.9,Chelsea,89.2,4,tag,0,40.7373375,block,-74.0036645,0.0,yes,250490796,,way,10014,12.6,0.935,-3006.31,-4717.36
50 8th Avenue,0.936,1082611,12188,,0.7,Chelsea,75.2,4,tag,0,40.7384387,block,-74.003522,0.0,yes,250490813,,way,10014,11.7,0.881,-2994.29,-4595.6
52 8th Avenue,0.93,1082554,12189,,0.7,Chelsea,58.3,4,tag,0,40.7384783,block,-74.0034776,0.0,yes,250490814,,way,10014,11.3,0.88,-2990.55,-4591.23
7 1/2 Jane Street,0.99,1078163,12191,,0.9,Chelsea,65.5,6,tag,0,40.7382705,block,-74.002651,0.0,yes,250490816,,way,10014,16.9,0.946,-2920.87,-4614.2
,0.989,1083085,12214,,0.9,Chelsea,65.7,6,tag,0,40.7382539,block,-74.0027078,0.0,yes,250490840,,way,,13.1,0.932,-2925.67,-4616.04
,0.989,1078162,12215,,0.9,Chelsea,66.3,6,tag,0,40.73827,block,-74.0026042,0.0,yes,250490841,,way,,16.8,0.944,-2916.93,-4614.25
342 West 14th Street,0.704,1011694,12248,,11.7,Chelsea,205.6,10,tag,0,40.7402962,block,-74.0045532,0.0,apartments,250490955,,way,10014,26.2,0.697,-3081.22,-4390.21
342 West 15th Street,0.922,1013032,12353,,0.8,Chelsea,76.4,7,tag,0,40.7409966,block,-74.0037378,0.0,yes,264624873,,way,10011,14.9,0.878,-3012.49,-4312.76
346 West 15th Street,0.988,1013034,12357,,0.9,Chelsea,68.1,4,tag,0,40.7410574,block,-74.0038525,0.0,yes,264624877,,way,10011,15.6,0.932,-3022.15,-4306.03
355 West 14th Street,0.629,1013006,12381,,8.3,Chelsea,306.3,4,tag,0,40.7410159,block,-74.0047611,0.0,apartments,264624905,,way,10011,18.5,0.576,-3098.74,-4310.63
412 West 20th Street,0.909,1012586,12500,,0.9,Chelsea,92.3,4,tag,0,40.744806,block,-74.0035851,0.0,yes,264628404,,way,10011,17.3,0.896,-2999.61,-3891.54
414 West 20th Street,0.938,1012587,12501,,0.6,Chelsea,90.1,4,tag,0,40.744835,block,-74.0036544,0.0,yes,264628405,,way,10011,17.3,0.89,-3005.45,-3888.34
450 West 20th Street,0.989,1012602,12532,,0.9,Chelsea,86.0,4,tag,0,40.7453493,block,-74.0049095,0.0,yes,264628436,,way,10011,14.4,0.937,-3111.26,-3831.46
312 West 19th Street,0.988,1013114,12576,,0.9,Chelsea,58.7,5,tag,0,40.7430147,block,-74.0010635,0.0,yes,264629148,,way,10011,11.3,0.929,-2787.05,-4089.61
318 West 19th Street,0.742,1013117,12582,,20.6,Chelsea,98.2,4,tag,0,40.743087,block,-74.0012733,0.0,yes,264629154,,way,10011,17.9,0.732,-2804.74,-4081.62
330 West 20th Street,0.988,1013231,12602,,0.9,Chelsea,72.9,4,tag,0,40.7438629,block,-74.0012836,0.0,yes,264629178,,way,10011,13.8,0.938,-2805.61,-3995.82
332 West 20th Street,0.989,1013232,12606,,0.9,Chelsea,72.3,4,tag,0,40.7438845,block,-74.0013352,0.0,yes,264629182,,way,10011,14.1,0.942,-2809.96,-3993.44
350 West 20th Street,0.989,1013236,12625,,0.9,Chelsea,91.4,4,tag,0,40.7441656,block,-74.0020937,0.0,yes,264629207,,way,10011,15.6,0.933,-2873.89,-3962.35
352 West 20th Street,0.988,1013237,12627,,0.9,Chelsea,91.7,4,tag,0,40.7441864,block,-74.0021439,0.0,yes,264629209,,way,10011,15.6,0.946,-2878.13,-3960.05
358 West 20th Street,0.989,1013240,12633,,0.9,Chelsea,94.9,5,tag,0,40.7442533,block,-74.0023044,0.0,yes,264629219,,way,10011,16.0,0.939,-2891.65,-3952.66
360 West 20th Street,0.989,1082790,12636,,0.9,Chelsea,95.9,5,tag,0,40.7442919,block,-74.0023526,0.0,yes,264629222,,way,10011,16.2,0.932,-2895.72,-3948.39
214 West 15th Street,0.766,1013742,12658,,15.9,Chelsea,103.1,4,tag,0,40.7394592,block,-74.0000988,0.0,yes,264630964,,way,10011,13.9,0.743,-2705.74,-4482.76
230 West 15th Street,0.94,1013744,12671,,0.7,Chelsea,112.0,5,tag,0,40.7397156,block,-74.0007369,0.0,yes,264630977,,way,10011,13.8,0.894,-2759.53,-4454.4
243 West 14th Street,0.854,1013717,12679,,7.6,Chelsea,159.6,6,tag,0,40.7395335,block,-74.0013366,0.0,apartments,264630985,,way,10011,21.5,0.838,-2810.08,-4474.54
249 West 14th Street,0.605,1013716,12680,,22.8,Chelsea,155.8,6,tag,0,40.7396306,block,-74.0015733,0.0,apartments,264630986,,way,10011,19.0,0.594,-2830.03,-4463.81
,0.612,1013753,12698,,23.4,Chelsea,59.4,5,tag,0,40.7399806,block,-74.001827,0.0,yes,264631005,,way,,7.2,0.571,-2851.42,-4425.1
158 8th Avenue,0.747,1068028,12760,,2.2,Chelsea,45.3,4,tag,0,40.7419849,block,-74.0005807,0.0,yes,264633385,,way,10011,16.6,0.745,-2746.36,-4203.48
244 West 18th Street,0.415,1013871,12796,,36.0,Chelsea,75.6,4,tag,0,40.7417814,block,-73.9999477,0.0,yes,264633427,,way,10011,14.3,0.386,-2693.01,-4225.99
,0.764,1068028,12813,,0.9,Chelsea,45.3,4,tag,0,40.7420075,block,-74.0005638,0.0,yes,264633444,,way,,16.6,0.71,-2744.94,-4200.98
139 West 15th Street,0.988,1014549,12853,,0.9,Chelsea,96.3,4,tag,0,40.7388551,block,-73.9977721,0.0,apartments,264635223,,way,10011,13.0,0.929,-2509.61,-4549.56
26 West 16th Street,0.68,1080628,12924,,8.3,Chelsea,249.2,5,tag,0,40.737827,block,-73.9945301,0.0,yes,264637730,,way,10011,21.9,0.65,-2236.33,-4663.24
39 West 16th Street,0.989,1015378,12986,,0.9,Chelsea,89.2,5,tag,0,40.7384428,block,-73.9948149,0.0,yes,264638568,,way,10011,18.4,0.93,-2260.33,-4595.14
48 West 17th Street,0.988,1077228,12992,,0.9,Chelsea,107.1,4,tag,0,40.7387093,block,-73.9946083,0.0,yes,264638574,,way,10011,20.0,0.934,-2242.93,-4565.68
189 9th Avenue,0.988,1012639,13013,,0.9,Chelsea,117.7,4,tag,0,40.7455637,block,-74.0023429,0.0,yes,264643052,,way,10011,7.5,0.934,-2894.9,-3807.76
444 West 21st Street,0.243,1083575,13052,,38.9,Chelsea,563.4,4,tag,0,40.745403,block,-74.0030867,0.0,yes,264643092,,way,10011,20.0,0.196,-2957.6,-3825.53
450 West 22nd Street,0.989,1012656,13059,,0.9,Hudson Yards,75.4,4,tag,0,40.7463901,block,-74.0035277,0.0,yes,264643099,,way,10011,13.7,0.935,-2994.77,-3716.38
461 West 21st Street,0.989,1012614,13070,,0.9,Hudson Yards,91.1,4,tag,0,40.746325,block,-74.0044056,0.0,yes,264643110,,way,10011,15.7,0.931,-3068.77,-3723.58
469 West 21st Street,0.929,1012611,13074,,5.6,Hudson Yards,96.5,4,tag,0,40.7464315,block,-74.0046751,0.0,yes,264643114,3,way,10011,10.5,0.887,-3091.49,-3711.8
473 West 21st Street,0.988,1012608,13076,,0.9,Hudson Yards,78.9,4,tag,0,40.7464723,block,-74.0048138,0.0,yes,264643116,3,way,10011,10.5,0.929,-3103.18,-3707.29
237 West 19th Street,0.989,1014010,13258,,0.9,Chelsea,58.6,4,tag,0,40.7424084,block,-73.998867,0.0,yes,264644219,,way,10011,11.6,0.931,-2601.91,-4156.65
239 West 19th Street,0.986,1014009,13262,,0.9,Chelsea,58.2,4,tag,0,40.7424284,block,-73.998915,0.0,yes,264644223,,way,10011,11.6,0.947,-2605.95,-4154.45
42 West 23rd Street,0.421,1080667,13447,,26.5,Chelsea,710.9,4,tag,0,40.7420224,block,-73.9915169,0.0,yes,264645759,,way,10010,30.2,0.407,-1982.33,-4199.34
143 West 21st Street,0.723,1014770,13548,,6.0,Chelsea,175.3,5,tag,0,40.7425007,block,-73.9952501,0.0,yes,264646548,,way,10011,16.2,0.687,-2297.02,-4146.45
145 West 21st Street,0.989,1014769,13549,,0.9,Chelsea,95.4,4,tag,0,40.7424741,block,-73.9953505,0.0,yes,264646549,,way,10011,15.8,0.932,-2305.48,-4149.38
156 West 22nd Street,0.737,1014782,13556,,6.7,Chelsea,195.9,5,tag,0,40.7429264,block,-73.9955281,0.0,yes,264646559,,way,10011,13.2,0.688,-2320.46,-4099.38
205 7th Avenue,0.611,1091773,13565,,2.4,Chelsea,67.4,4,tag,0,40.743199,block,-73.9960083,0.0,yes,264646569,,way,10011,15.0,0.552,-2360.93,-4069.23
224 West 22nd Street,0.815,1014081,13587,,4.4,Chelsea,154.6,5,tag,0,40.7436245,block,-73.9971438,0.0,yes,264646842,,way,10011,14.8,0.787,-2456.65,-4022.18
238 West 22nd Street,0.988,1014087,13598,,0.9,Chelsea,106.5,4,tag,0,40.7438353,block,-73.9975588,0.0,yes,264646853,,way,10011,14.6,0.93,-2491.63,-3998.87
248 West 22nd Street,0.837,1014091,13606,,7.4,Chelsea,136.1,5,tag,0,40.7439932,block,-73.9979404,0.0,yes,264646861,,way,10011,17.3,0.819,-2523.8,-3981.41
233 West 20th Street,0.901,1014022,13660,,4.4,Chelsea,88.3,5,tag,0,40.743021,block,-73.9983892,0.0,yes,264647241,,way,10011,3.0,0.884,-2561.63,-4088.91
253 West 20th Street,0.989,1081529,13679,,0.9,Chelsea,65.7,5,tag,0,40.7432621,block,-73.9990712,0.0,yes,264647260,,way,10011,11.9,0.93,-2619.12,-4062.25
255 West 20th Street,0.989,1081531,13680,,0.9,Chelsea,63.4,4,tag,0,40.7432831,block,-73.9991214,0.0,yes,264647261,,way,10011,12.3,0.932,-2623.35,-4059.93
257 West 20th Street,0.989,1081532,13682,,0.9,Chelsea,65.9,4,tag,0,40.7433041,block,-73.9991717,0.0,yes,264647263,,way,10011,12.3,0.93,-2627.59,-4057.61
259 West 20th Street,0.989,1081533,13683,,0.9,Chelsea,64.2,4,tag,0,40.7433252,block,-73.9992223,0.0,yes,264647264,,way,10011,12.3,0.935,-2631.85,-4055.28
261 West 20th Street,0.989,1014017,13685,,0.9,Chelsea,62.4,4,tag,0,40.7433457,block,-73.9992715,0.0,yes,264647266,,way,10011,11.9,0.935,-2636.0,-4053.01
128 West 23rd Street,0.737,1014807,13712,,15.6,Chelsea,125.1,6,tag,0,40.7431598,block,-73.9940041,0.0,yes,264649371,,way,10011,15.3,0.727,-2191.99,-4073.56
169 West 23rd Street,0.94,1014942,13737,,0.5,Chelsea,77.7,4,tag,0,40.7441108,block,-73.9951451,0.0,yes,264649425,,way,10011,11.3,0.883,-2288.17,-3968.41
213 7th Avenue,0.988,1014790,13739,,0.9,Chelsea,99.1,4,tag,0,40.7434948,block,-73.9957511,0.0,yes,264649428,,way,10011,14.2,0.931,-2339.25,-4036.52
207 West 22nd Street,0.988,1014123,13758,,0.9,Chelsea,63.5,4,tag,0,40.7436913,block,-73.9963893,0.0,yes,264650582,,way,10011,14.4,0.934,-2393.05,-4014.8
215 West 22nd Street,0.989,1014119,13764,,0.9,Chelsea,83.7,4,tag,0,40.7438072,block,-73.9965747,0.0,yes,264650588,,way,10011,12.7,0.931,-2408.68,-4001.98
217 West 22nd Street,0.989,1014118,13767,,0.9,Chelsea,83.6,4,tag,0,40.743829,block,-73.9966264,0.0,yes,264650591,,way,10011,12.0,0.945,-2413.03,-3999.57
229 West 22nd Street,0.988,1014113,13777,,0.9,Chelsea,85.3,4,tag,0,40.7439573,block,-73.996929,0.0,yes,264650601,,way,10011,14.8,0.932,-2438.55,-3985.39
231 West 22nd Street,0.989,1014112,13780,,0.9,Chelsea,84.2,4,tag,0,40.7439791,block,-73.996981,0.0,yes,264650604,,way,10011,14.7,0.939,-2442.92,-3982.97
250 West 23rd Street,0.68,1014133,13796,,20.3,Chelsea,353.6,6,tag,0,40.7446807,block,-73.9976968,0.0,yes,264650622,,way,10011,18.4,0.673,-2503.27,-3905.4
223 West 24th Street,0.957,1084995,13828,,1.1,Chelsea,75.2,4,tag,0,40.745372,block,-73.9961245,0.0,yes,264650771,,way,10001,14.8,0.941,-2370.73,-3828.95
280 West 25th Street,0.989,1014187,13845,,0.9,Hudson Yards,62.8,5,tag,0,40.746302,block,-73.9972504,0.0,yes,264650788,,way,10001,11.4,0.936,-2465.64,-3726.12
413 West 22nd Street,0.988,1012695,13950,,0.9,Hudson Yards,82.4,5,tag,0,40.7461937,block,-74.0021917,0.0,yes,264651943,,way,10011,16.3,0.934,-2882.15,-3738.09
415 West 22nd Street,0.989,1012694,13951,,0.9,Hudson Yards,82.7,4,tag,0,40.7462143,block,-74.0022404,0.0,yes,264651944,,way,10011,16.8,0.947,-2886.26,-3735.81
423 West 22nd Street,0.989,1012690,13957,,0.9,Hudson Yards,93.5,5,tag,0,40.7463123,block,-74.0024541,0.0,yes,264651950,,way,10011,19.7,0.931,-2904.27,-3724.98
432 West 23rd Street,0.877,1012703,13965,,7.5,Hudson Yards,112.0,4,tag,0,40.7468068,block,-74.0027146,0.0,yes,264651958,,way,10011,21.2,0.875,-2926.24,-3670.31
451 West 22nd Street,0.989,1012678,13983,,0.9,Hudson Yards,61.8,4,tag,0,40.7466569,block,-74.0032962,0.0,yes,264651976,,way,10011,16.7,0.938,-2975.26,-3686.89
453 West 22nd Street,0.989,1012677,13985,,0.9,Hudson Yards,63.1,4,tag,0,40.7466731,block,-74.0033347,0.0,yes,264651978,,way,10011,17.3,0.951,-2978.51,-3685.08
463 West 22nd Street,0.748,1012676,13994,,19.5,Hudson Yards,84.1,4,tag,0,40.7467807,block,-74.0035892,0.0,yes,264651987,,way,10011,19.4,0.746,-2999.96,-3673.19
483 West 22nd Street,0.989,1012667,14005,,0.9,Hudson Yards,77.3,4,tag,0,40.746996,block,-74.00411,0.0,yes,264651998,,way,10011,16.4,0.932,-3043.86,-3649.38
485 West 22nd Street,0.989,1012666,14006,,0.9,Hudson Yards,76.3,4,tag,0,40.7470172,block,-74.0041601,0.0,yes,264651999,,way,10011,15.7,0.942,-3048.08,-3647.04
487 West 22nd Street,0.989,1012665,14007,,0.9,Hudson Yards,75.9,4,tag,0,40.7470382,block,-74.0042097,0.0,yes,264652000,,way,10011,15.8,0.945,-3052.27,-3644.72
489 West 22nd Street,0.989,1012664,14008,,0.9,Hudson Yards,74.9,4,tag,0,40.7470589,block,-74.0042589,0.0,yes,264652001,,way,10011,16.4,0.942,-3056.41,-3642.42
493 West 22nd Street,0.989,1080371,14010,,0.9,Hudson Yards,75.7,4,tag,0,40.7471014,block,-74.0043592,0.0,yes,264652003,,way,10011,3.7,0.931,-3064.87,-3637.73
205 10th Avenue,0.732,1012332,14026,,4.3,Hudson Yards,344.1,4,tag,0,40.7472667,block,-74.0048327,0.0,yes,264656460,5,way,10011,17.4,0.723,-3104.78,-3619.45
516 REAR West 25th Street,0.541,1080311,14066,,13.8,Hudson Yards,638.6,6,tag,0,40.7491538,block,-74.0043983,0.0,yes,264656534,,way,10001,22.2,0.491,-3068.16,-3410.79
517 West 29th Street,0.665,1012444,14068,,10.6,Midtown West / Times Sq,226.3,5,tag,0,40.7520531,block,-74.0022781,0.0,yes,264656538,,way,10001,7.1,0.612,-2889.44,-3090.2
518 West 24th Street,0.626,1012348,14069,,29.9,Hudson Yards,231.5,4,tag,0,40.7486126,block,-74.0048888,0.0,yes,264656541,3,way,10011,11.8,0.617,-3109.51,-3470.63
,0.467,1012422,14135,,34.0,Hudson Yards,103.5,4,tag,0,40.7508237,block,-74.0021889,0.0,yes,264656646,4,way,,12.8,0.43,-2881.92,-3226.14
,0.501,1012374,14136,,31.7,Hudson Yards,471.8,4,tag,0,40.749267,block,-74.0043083,0.0,yes,264656648,,way,,19.5,0.488,-3060.58,-3398.27
,0.344,1090448,14139,,18.0,Hudson Yards,28.8,5,tag,0,40.7508635,block,-74.0022848,0.0,yes,264656654,1,way,,4.0,0.288,-2890.01,-3221.74
,0.593,1012422,14143,,22.6,Hudson Yards,99.5,6,tag,0,40.7512092,block,-74.0022559,0.0,yes,264656664,,way,,5.8,0.591,-2887.57,-3183.51
252 10th Avenue,0.988,1012824,14169,,0.9,Hudson Yards,91.0,4,tag,0,40.748638,block,-74.0031762,0.0,yes,264657547,,way,10001,12.3,0.93,-2965.15,-3467.82
450 West 25th Street,0.905,1012813,14198,,5.4,Hudson Yards,78.4,5,tag,0,40.7485364,block,-74.0025944,0.0,yes,264657589,,way,10001,12.3,0.873,-2916.1,-3479.06
361 West 30th Street,0.989,1013513,14334,,0.9,Hudson Yards,96.3,5,tag,0,40.750806,block,-73.9975279,0.0,yes,264674602,,way,10001,14.2,0.932,-2489.03,-3228.09
358 7th Avenue,0.988,1014293,14389,,0.9,Garment / Midtown South,138.9,4,tag,0,40.7484364,block,-73.9928471,0.0,yes,264678476,,way,10001,12.2,0.932,-2094.46,-3490.11
376 8th Avenue,0.988,1014273,14393,,0.9,Hudson Yards,106.6,4,tag,0,40.7488003,block,-73.9955927,0.0,yes,264678480,,way,10001,12.8,0.933,-2325.9,-3449.88
,0.759,1015112,14429,,2.6,Garment / Midtown South,350.3,5,zone_model,0,40.7465299,block,-73.9911278,0.0,yes,264685125,,way,,27.49,0.719,-1949.54,-3700.93
127 West 28th Street,0.838,1015107,14442,Hotel Indigo,1.9,Garment / Midtown South,389.3,5,tag,0,40.7468125,district,-73.9917108,0.0,hotel,264685140,,way,10001,65.0,0.807,-1998.68,-3669.68
135 West 28th Street,0.732,1015103,14447,,10.7,Garment / Midtown South,131.6,4,tag,0,40.7468622,block,-73.9920468,0.0,yes,264685146,,way,10001,15.1,0.707,-2027.0,-3664.17
343 7th Avenue,0.965,1015136,14468,,1.2,Garment / Midtown South,166.5,4,tag,0,40.747897,block,-73.9925169,0.0,yes,264685172,,way,10001,13.8,0.919,-2066.63,-3549.76
825 6th Avenue,0.988,1015121,14478,,0.9,Garment / Midtown South,120.7,4,tag,0,40.746529,block,-73.9904994,0.0,yes,264685182,,way,10001,13.5,0.93,-1896.57,-3701.03
864 6th Avenue,0.819,1082274,14481,,6.0,Garment / Midtown South,128.9,5,tag,0,40.7474372,block,-73.9891527,0.0,yes,264685186,,way,10001,10.3,0.761,-1783.05,-3600.6
216 East 17th Street,0.989,1019546,14577,,0.9,West Village,100.8,5,tag,0,40.7346971,block,-73.9850424,0.0,apartments,264752120,,way,10003,17.8,0.935,-1436.57,-5009.32
218 East 17th Street,0.988,1019545,14580,,0.9,West Village,100.9,4,tag,0,40.734672,block,-73.9849824,0.0,apartments,264752123,,way,10003,16.5,0.933,-1431.52,-5012.1
220 East 18th Street,0.989,1019573,14584,,0.9,West Village,87.2,4,tag,0,40.7351988,block,-73.9844211,0.0,apartments,264752127,,way,10003,16.7,0.936,-1384.2,-4953.85
135 East 18th Street,0.988,1017874,14625,,0.9,West Village,76.1,4,tag,0,40.7363748,block,-73.9863105,0.0,apartments,264753459,,way,10003,15.5,0.932,-1543.47,-4823.81
137 East 18th Street,0.988,1017875,14628,,0.9,West Village,73.0,4,tag,0,40.7363551,block,-73.9862629,0.0,apartments,264753462,,way,10003,14.8,0.937,-1539.45,-4825.99
139 East 18th Street,0.989,1017876,14630,,0.9,West Village,70.6,4,tag,0,40.7363362,block,-73.9862171,0.0,apartments,264753464,,way,10003,15.1,0.946,-1535.59,-4828.08
141 East 18th Street,0.988,1017877,14634,,0.9,West Village,71.7,4,tag,0,40.7363173,block,-73.9861717,0.0,apartments,264753468,,way,10003,15.8,0.933,-1531.77,-4830.17
218 3rd Avenue,0.989,1017885,14654,,0.9,West Village,95.7,4,tag,0,40.7362919,block,-73.9853156,0.0,apartments,264753489,,way,10003,9.8,0.931,-1459.61,-4832.98
,0.988,1017898,14681,,0.9,West Village,87.5,5,tag,0,40.7366749,block,-73.9865105,0.0,yes,264753516,,way,,17.1,0.938,-1560.33,-4790.63
312 2nd Avenue,0.967,1020462,14740,,1.1,West Village,83.5,4,tag,0,40.7348812,block,-73.9827809,0.0,apartments,264755024,,way,10003,17.4,0.915,-1245.95,-4988.97
314 2nd Avenue,0.956,1020463,14742,,1.2,West Village,79.9,4,tag,0,40.7349236,block,-73.9827501,0.0,apartments,264755027,,way,10003,17.1,0.904,-1243.34,-4984.27
319 1st Avenue,0.711,1020489,14752,,13.6,West Village,212.1,5,tag,0,40.7342429,block,-73.9808752,0.0,apartments,264755039,,way,10003,11.9,0.705,-1085.3,-5059.54
329 East 18th Street,0.978,1020478,14767,,1.1,West Village,93.0,4,tag,0,40.7344668,block,-73.9817861,0.0,apartments,264755054,,way,10003,13.5,0.928,-1162.09,-5034.78
333 East 18th Street,0.98,1020480,14772,,1.0,West Village,92.4,4,tag,0,40.7344137,block,-73.9816588,0.0,apartments,264755059,,way,10003,14.1,0.929,-1151.36,-5040.66
335 East 18th Street,0.977,1020481,14775,,1.0,West Village,91.1,4,tag,0,40.7343873,block,-73.9815957,0.0,apartments,264755062,,way,10003,13.8,0.926,-1146.04,-5043.57
336 East 19th Street,0.967,1020499,14776,,0.7,West Village,90.1,5,tag,0,40.7347122,block,-73.9814416,0.0,apartments,264755063,,way,10003,11.2,0.928,-1133.04,-5007.66
342 East 19th Street,0.978,1020496,14790,,0.8,West Village,90.4,4,tag,0,40.7346332,block,-73.9812527,0.0,apartments,264755078,,way,10003,12.1,0.926,-1117.13,-5016.39
343 East 18th Street,0.974,1020485,14792,,0.7,West Village,98.9,5,tag,0,40.7342869,block,-73.9813388,0.0,apartments,264755080,,way,10003,17.1,0.927,-1124.38,-5054.67
354 East 19th Street,0.953,1020492,14809,,0.7,West Village,97.5,5,tag,0,40.7344785,block,-73.9808681,0.0,apartments,264755097,,way,10003,11.9,0.913,-1084.71,-5033.5
389 2nd Avenue,0.965,1019652,14913,,0.8,Chelsea,144.6,4,tag,0,40.7376699,block,-73.9814256,0.0,yes,264758437,,way,10010,13.0,0.922,-1131.7,-4680.6
393 2nd Avenue,0.946,1019654,14915,,0.9,Chelsea,144.5,4,tag,0,40.7377642,block,-73.9813569,0.0,yes,264758439,,way,10010,13.0,0.931,-1125.91,-4670.19
319 East 21st Street,0.735,1020546,14946,,3.3,West Village,160.9,4,tag,0,40.7363064,block,-73.980663,0.0,apartments,264759019,,way,10010,17.1,0.704,-1067.42,-4831.38
332 East 22nd Street,0.883,1020563,14951,,2.5,West Village,120.7,4,tag,0,40.7364322,block,-73.9799268,0.0,yes,264759029,,way,10010,11.5,0.834,-1005.36,-4817.47
369 REAR-B 1st Avenue,0.988,1078816,14965,,0.9,West Village,52.3,4,tag,0,40.7361267,block,-73.9796144,0.0,yes,264759067,,way,10010,3.8,0.946,-979.03,-4851.25
,0.554,1084711,14978,,10.8,Chelsea,1652.4,38,tag,0,40.7374387,district,-73.9789397,0.0,apartments,264760111,,way,,57.3,0.549,-922.15,-4706.17
148 East 24th Street,0.74,1088467,15003,,3.4,Chelsea,472.5,5,tag,0,40.7397602,block,-73.9838767,0.0,yes,264761230,,way,10010,16.6,0.713,-1338.32,-4449.47
115 Lexington Avenue,0.879,1018193,15200,,2.0,Chelsea,138.4,5,tag,0,40.7424524,block,-73.9823205,0.0,yes,264764136,,way,10016,21.6,0.823,-1207.14,-4151.79
400 3rd Avenue,0.909,1018221,15239,,6.6,Chelsea,226.1,5,tag,0,40.7423779,district,-73.9809659,0.0,yes,264764180,16,way,10016,45.8,0.874,-1092.95,-4160.02
110 Lexington Avenue,0.969,1018195,15375,,1.1,Chelsea,100.3,4,tag,0,40.7424443,block,-73.9828759,0.0,yes,265040021,,way,10016,13.9,0.92,-1253.95,-4152.69
111 East 29th Street,0.872,1018243,15377,,3.5,Chelsea,138.7,5,tag,0,40.7437901,block,-73.9827271,0.0,yes,265040023,,way,10016,14.5,0.829,-1241.41,-4003.87
113 East 29th Street,0.744,1018244,15379,,6.5,Chelsea,111.3,4,tag,0,40.7437399,block,-73.9826809,0.0,yes,265040025,,way,10016,17.1,0.73,-1237.51,-4009.42
117 East 26th Street,0.989,1018125,15388,,0.9,Chelsea,71.8,4,tag,0,40.7418757,block,-73.9839688,0.0,yes,265040034,,way,10016,13.0,0.936,-1346.08,-4215.56
121 East 26th Street,0.989,1018127,15393,,0.9,Chelsea,75.6,4,tag,0,40.7418385,block,-73.9838779,0.0,yes,265040039,,way,10016,13.0,0.936,-1338.41,-4219.67
123 East 26th Street,0.988,1018128,15396,,0.9,Chelsea,78.3,4,tag,0,40.7418189,block,-73.9838318,0.0,yes,265040043,,way,10016,13.0,0.932,-1334.53,-4221.84
125 East 26th Street,0.989,1018129,15399,,0.9,Chelsea,74.8,4,tag,0,40.7417993,block,-73.9837859,0.0,yes,265040047,,way,10016,13.0,0.943,-1330.66,-4224.0
127 East 26th Street,0.989,1018130,15404,,0.9,Chelsea,73.1,5,tag,0,40.7417804,block,-73.9837417,0.0,yes,265040057,,way,10016,13.0,0.93,-1326.93,-4226.09
136 Lexington Avenue,0.989,1018232,15412,,0.9,Chelsea,83.1,4,tag,0,40.7431757,block,-73.982332,0.0,yes,265040067,,way,10016,15.2,0.937,-1208.1,-4071.81
437 Park Avenue South,0.989,1018293,15436,,0.9,Chelsea,94.4,4,tag,0,40.7442689,block,-73.9830771,0.0,yes,265040094,,way,10016,15.5,0.93,-1270.91,-3950.93
439 Park Avenue South,0.988,1082103,15437,,0.9,Chelsea,93.4,4,tag,0,40.7443168,block,-73.9830423,0.0,yes,265040095,,way,10016,15.8,0.93,-1267.97,-3945.63
,0.989,1018126,15452,,0.9,Chelsea,74.6,4,tag,0,40.7418566,block,-73.9839242,0.0,yes,265040110,,way,,13.0,0.946,-1342.32,-4217.67
,0.963,1018199,15456,,1.1,Chelsea,132.5,4,tag,0,40.7426488,block,-73.9827723,0.0,yes,265040114,,way,,13.4,0.936,-1245.22,-4130.07
51 West 29th Street,0.869,1015752,15530,,1.0,Garment / Midtown South,67.6,4,tag,0,40.7466205,block,-73.9896611,0.0,yes,265042532,,way,10001,11.6,0.863,-1825.9,-3690.9
294 5th Avenue,0.761,1015791,15644,,14.8,Garment / Midtown South,235.0,4,tag,0,40.7464492,block,-73.986423,0.0,yes,265260844,,way,10001,19.0,0.734,-1552.95,-3709.85
,0.586,1083634,15700,,16.2,Garment / Midtown South,422.3,4,tag,0,40.7486435,block,-73.9865187,0.0,yes,265260949,,way,,23.8,0.528,-1561.02,-3467.22
124 East 31st Street,0.948,1018338,15729,Sukyo Mahikari,1.7,Chelsea,141.8,5,tag,0,40.7445447,block,-73.9816989,0.0,yes,265261773,,way,10016,14.2,0.912,-1154.74,-3920.44
170 Lexington Avenue,0.989,1018331,15741,,0.9,Chelsea,99.4,4,tag,0,40.7442977,block,-73.9815223,0.0,yes,265261787,,way,10016,13.0,0.933,-1139.85,-3947.75
172 Lexington Avenue,0.987,1018332,15742,,0.9,Chelsea,99.3,4,tag,0,40.7443459,block,-73.9814873,0.0,yes,265261788,,way,10016,13.0,0.933,-1136.9,-3942.42
182 Lexington Avenue,0.877,1018466,15745,,1.6,Chelsea,97.8,5,tag,0,40.74473,block,-73.9811976,0.0,yes,265261791,,way,10016,16.4,0.841,-1112.48,-3899.95
,0.952,1018335,15783,,1.2,Chelsea,116.1,4,tag,0,40.7444948,block,-73.9813991,0.0,apartments,265261841,5,way,,17.8,0.924,-1129.46,-3925.95
,0.585,1080788,15786,Schwartzenbach Buildings,16.3,Chelsea,1533.2,10,tag,0,40.7456025,district,-73.9828027,0.0,yes,265261844,,way,,74.8,0.585,-1247.78,-3803.47
243 East 33rd Street,0.987,1020116,15858,,0.9,Gramercy / Flatiron,83.2,5,tag,0,40.74455,block,-73.976924,0.0,yes,265268172,,way,10016,14.4,0.934,-752.24,-3919.85
248 East 33rd Street,0.989,1020098,15865,,0.9,Gramercy / Flatiron,72.2,5,tag,0,40.7441639,block,-73.9769115,0.0,yes,265268186,,way,10016,15.5,0.936,-751.19,-3962.54
250 East 33rd Street,0.989,1020097,15866,,0.9,Gramercy / Flatiron,73.5,4,tag,0,40.7441414,block,-73.9768584,0.0,yes,265268187,,way,10016,15.9,0.941,-746.71,-3965.03
252 East 33rd Street,0.989,1020096,15868,,0.9,Gramercy / Flatiron,73.1,4,tag,0,40.7441187,block,-73.976805,0.0,yes,265268192,,way,10016,12.1,0.933,-742.21,-3967.53
605 2nd Avenue,0.986,1020121,15874,,0.9,Gramercy / Flatiron,136.2,4,tag,0,40.744372,block,-73.9765362,0.0,yes,265268211,,way,10016,12.4,0.928,-719.56,-3939.53
607 2nd Avenue,0.987,1020122,15875,,1.0,Gramercy / Flatiron,136.0,5,tag,0,40.7444186,block,-73.9765021,0.0,yes,265268213,,way,10016,12.1,0.935,-716.68,-3934.37
317 West 35th Street,0.761,1013572,15895,,3.8,Midtown West / Times Sq,164.0,4,tag,0,40.7533662,block,-73.9936874,0.0,yes,265272947,,way,10018,16.8,0.736,-2165.3,-2945.01
319 West 35th Street,0.685,1013572,15897,,4.6,Midtown West / Times Sq,121.5,4,tag,0,40.7533741,block,-73.9937853,0.0,yes,265272950,,way,10018,15.3,0.671,-2173.55,-2944.14
369 West 36th Street,0.515,1082262,15928,,8.6,Midtown West / Times Sq,28.2,4,tag,0,40.7546365,block,-73.9949655,0.0,yes,265272985,,way,10018,3.8,0.488,-2273.04,-2804.54
430 West 37th Street,0.227,1012889,15934,,42.9,Midtown West / Times Sq,383.2,4,tag,0,40.7557426,block,-73.9965487,0.0,yes,265272992,4,way,10018,21.4,0.198,-2406.49,-2682.23
439 West 36th Street,0.488,1012889,15937,,14.6,Midtown West / Times Sq,664.5,5,tag,0,40.7556761,block,-73.9971633,0.0,yes,265272995,2,way,10018,7.9,0.448,-2458.29,-2689.59
470 9th Avenue,0.685,1082263,15963,,3.3,Midtown West / Times Sq,106.1,4,tag,0,40.7547352,block,-73.9950165,0.0,yes,265273022,,way,10018,12.9,0.629,-2277.33,-2793.62
472 9th Avenue,0.759,1013586,15964,,5.4,Midtown West / Times Sq,136.7,4,tag,0,40.7547847,block,-73.9949526,0.0,yes,265273023,,way,10018,13.5,0.699,-2271.95,-2788.16
,0.524,1082262,15983,,7.9,Midtown West / Times Sq,28.5,5,tag,0,40.7546955,block,-73.9949207,0.0,yes,265273057,,way,,3.9,0.506,-2269.25,-2798.02
56 East 34th Street,0.988,1017087,16007,,0.9,Garment / Midtown South,143.2,6,tag,0,40.7471742,block,-73.9822628,0.0,yes,265274848,,way,10016,19.7,0.93,-1202.27,-3629.68
508 West 37th Street,0.736,1080349,16111,SIR Stage37,0.8,Midtown West / Times Sq,924.8,4,tag,0,40.7566644,block,-73.9987709,0.0,yes,265282570,,way,10018,9.1,0.682,-2593.8,-2580.31
333 West 38th Street,0.87,1090648,16186,La Quinta Inn & Suites,2.3,Midtown West / Times Sq,219.5,5,tag,0,40.7555504,district,-73.993029,0.0,yes,265296151,22,way,10018,62.5,0.826,-2109.8,-2703.49
339 West 38th Street,0.658,1013639,16192,,11.0,Midtown West / Times Sq,241.2,4,tag,0,40.7556504,block,-73.9932651,0.0,yes,265296159,,way,10018,4.0,0.648,-2129.7,-2692.43
355 West 39th Street,0.712,1013675,16199,,19.1,Midtown West / Times Sq,85.9,4,tag,0,40.7564686,block,-73.9934803,0.0,apartments,265296170,4,way,10018,14.1,0.712,-2147.84,-2601.96
357 West 39th Street,0.774,1013675,16201,,13.0,Midtown West / Times Sq,83.2,4,tag,0,40.7564958,block,-73.9935436,0.0,apartments,265296174,4,way,10018,14.1,0.751,-2153.18,-2598.96
506 9th Avenue,0.741,1013635,16214,,16.0,Midtown West / Times Sq,199.4,9,tag,0,40.7560029,block,-73.9940113,0.0,yes,265296208,,way,10018,16.4,0.707,-2192.6,-2653.46
512 West 39th Street,0.331,1089733,16218,,24.1,Midtown West / Times Sq,232.9,4,tag,0,40.7578815,block,-73.997826,0.0,yes,265296220,,way,10018,4.3,0.329,-2514.16,-2445.73
518 9th Avenue,0.988,1013657,16220,,0.9,Midtown West / Times Sq,79.1,4,tag,0,40.7562495,block,-73.9939228,0.0,yes,265296223,,way,10018,12.1,0.934,-2185.14,-2626.19
,0.989,1013001,16252,,0.9,Midtown West / Times Sq,112.4,4,tag,0,40.7571598,block,-73.9938953,0.0,yes,265296274,,way,,14.0,0.933,-2182.82,-2525.53
357 West 39th Street,0.598,1013677,16254,,16.0,Midtown West / Times Sq,54.1,5,tag,0,40.7565866,block,-73.9934355,0.0,apartments,265296277,2,way,10018,6.4,0.582,-2144.06,-2588.91
547 9th Avenue,0.5,1013001,16298,,40.2,Midtown West / Times Sq,110.1,4,tag,0,40.7574871,block,-73.9936685,0.0,yes,265300042,,way,10018,14.8,0.484,-2163.7,-2489.34
1008 6th Avenue,0.98,1015955,16313,,0.8,Garment / Midtown South,148.1,4,tag,0,40.7518694,block,-73.9859112,0.0,yes,265301704,,way,10018,9.4,0.93,-1509.81,-3110.52
1027 6th Avenue,0.984,1015271,16321,,1.0,Midtown West / Times Sq,105.1,4,tag,0,40.7526659,block,-73.9860246,0.0,yes,265301715,4,way,10018,14.2,0.931,-1519.37,-3022.44
1028 6th Avenue,0.775,1080737,16322,,2.6,Midtown West / Times Sq,218.2,5,tag,0,40.752499,block,-73.985401,0.0,yes,265301717,5,way,10018,20.3,0.735,-1466.8,-3040.89
24 West 39th Street,0.66,1016007,16398,,9.7,Garment / Midtown South,204.9,4,tag,0,40.7519313,block,-73.9837041,0.0,yes,265301848,,way,10018,16.9,0.632,-1323.76,-3103.66
30 West 39th Street,0.621,1090669,16419,Grayson,9.8,Midtown West / Times Sq,187.1,4,tag,0,40.7520193,block,-73.9839126,0.0,yes,265301882,,way,10018,17.2,0.602,-1341.34,-3093.94
32 West 38th Street,0.731,1090634,16421,,7.0,Garment / Midtown South,213.1,5,tag,0,40.7514126,block,-73.9843827,0.0,yes,265301885,,way,10018,16.9,0.725,-1380.96,-3161.02
4 West 37th Street,0.825,1090636,16441,The Draper,0.8,Garment / Midtown South,396.2,7,zone_model,0,40.7504384,district,-73.9839814,0.0,yes,265301922,,way,10018,57.21,0.811,-1347.14,-3268.74
68 West 39th Street,0.732,1080738,16490,,2.8,Midtown West / Times Sq,151.0,4,tag,0,40.7525987,block,-73.9852442,0.0,yes,265302016,5,way,10018,18.4,0.711,-1453.58,-3029.87
198 Madison Avenue,0.604,1087934,16533,,14.1,Garment / Midtown South,1825.2,5,tag,0,40.7482394,district,-73.9829783,0.0,yes,265302084,,way,10016,64.6,0.584,-1262.58,-3511.9
,0.455,1087308,16548,,35.3,Garment / Midtown South,84.8,4,tag,0,40.7507502,block,-73.9904973,0.0,yes,265302105,,way,,15.9,0.432,-1896.39,-3234.27
413 West 43rd Street,0.989,1026389,16626,,0.9,Midtown West / Times Sq,75.1,4,tag,0,40.7595387,block,-73.9927524,0.0,yes,265319528,,way,10036,12.2,0.931,-2086.48,-2262.49
441 West 43rd Street,0.989,1026386,16643,,0.9,Midtown West / Times Sq,86.3,6,tag,0,40.7599011,block,-73.9936089,0.0,yes,265319552,,way,10036,13.1,0.929,-2158.68,-2222.42
320 West 45th Street,0.988,1080882,16685,,0.9,Midtown West / Times Sq,116.0,4,tag,0,40.7594162,block,-73.9895385,0.0,yes,265320178,,way,10036,13.2,0.93,-1815.57,-2276.03
435 West 44th Street,0.989,1026433,16725,,0.9,Midtown West / Times Sq,86.0,4,tag,0,40.7605253,block,-73.9931675,0.0,yes,265320218,,way,10036,12.2,0.93,-2121.48,-2153.4
629 9th Avenue,0.915,1026417,16744,,6.9,Midtown West / Times Sq,117.4,4,tag,0,40.7600777,block,-73.9917605,0.0,yes,265320237,,way,10036,15.5,0.858,-2002.87,-2202.88
633 9th Avenue,0.84,1026416,16747,,12.6,Midtown West / Times Sq,153.2,8,tag,0,40.7601825,block,-73.9916912,0.0,yes,265320240,,way,10036,18.5,0.833,-1997.02,-2191.3
649 9th Avenue,0.792,1083775,16797,,8.5,Midtown West / Times Sq,67.1,4,tag,0,40.7606963,block,-73.9913173,0.0,yes,265320399,,way,10036,16.6,0.736,-1965.51,-2134.49
651 9th Avenue,0.902,1083774,16798,,3.3,Midtown West / Times Sq,158.5,5,tag,0,40.7607426,block,-73.9912827,0.0,yes,265320401,,way,10036,16.9,0.849,-1962.59,-2129.36
318 West 47th Street,0.747,1025060,16816,,9.1,Midtown West / Times Sq,120.8,5,tag,0,40.7607288,block,-73.9886334,0.0,yes,265320837,,way,10036,15.1,0.747,-1739.27,-2130.89
343 West 46th Street,0.989,1025083,16834,,0.9,Midtown West / Times Sq,96.0,4,tag,0,40.7606215,block,-73.9894759,0.0,yes,265320862,,way,10036,14.1,0.933,-1810.3,-2142.76
361 West 46th Street,0.988,1025081,16846,,0.9,Midtown West / Times Sq,90.8,4,tag,0,40.7608519,block,-73.9900055,0.0,yes,265320880,,way,10036,13.2,0.929,-1854.93,-2117.28
363 West 46th Street,0.989,1025043,16847,,0.9,Midtown West / Times Sq,90.7,4,tag,0,40.7608746,block,-73.9900594,0.0,yes,265320881,,way,10036,13.8,0.942,-1859.48,-2114.77
365 West 46th Street,0.988,1025080,16848,,0.9,Midtown West / Times Sq,141.2,5,tag,0,40.7609421,block,-73.9900785,0.0,yes,265320883,,way,10036,13.8,0.933,-1861.09,-2107.31
367 West 46th Street,0.988,1025042,16849,,0.9,Midtown West / Times Sq,141.5,4,tag,0,40.7609634,block,-73.9901292,0.0,yes,265320884,,way,10036,14.2,0.946,-1865.36,-2104.95
369 West 46th Street,0.988,1025079,16850,,0.9,Midtown West / Times Sq,142.6,4,tag,0,40.7609849,block,-73.9901801,0.0,yes,265320886,,way,10036,14.1,0.942,-1869.65,-2102.58
669 9th Avenue,0.988,1080936,16861,,0.9,Midtown West / Times Sq,70.3,4,tag,0,40.7612612,block,-73.9908613,0.0,yes,265320974,,way,10036,14.9,0.94,-1927.07,-2072.02
,0.564,1078872,16870,,17.7,Midtown West / Times Sq,32.3,5,tag,0,40.7605681,block,-73.9887423,0.0,yes,265320995,,way,,4.7,0.543,-1748.45,-2148.66
,0.401,1035781,16905,,25.9,Midtown East,77.5,5,tag,0,40.7614012,block,-73.9715332,0.0,apartments,265345387,,way,,7.5,0.356,-297.83,-2056.55
233 East 35th Street,0.886,1020182,16920,,6.9,Gramercy / Flatiron,118.8,4,tag,0,40.7459753,block,-73.9761635,0.0,yes,265416885,,way,10016,14.6,0.844,-688.13,-3762.25
235 East 35th Street,0.844,1020184,16921,,2.1,Gramercy / Flatiron,119.2,5,tag,0,40.7459479,block,-73.9761003,0.0,yes,265416886,,way,10016,14.3,0.812,-682.81,-3765.28
247 East 35th Street,0.989,1020186,16924,,0.9,Gramercy / Flatiron,85.0,4,tag,0,40.745762,block,-73.9757392,0.0,yes,265416889,,way,10016,12.5,0.935,-652.37,-3785.84
206 East 35th Street,0.987,1020170,16947,,1.0,Murray Hill / Kips Bay,65.7,4,tag,0,40.7460399,block,-73.9772461,0.0,apartments,265417075,,way,10016,11.4,0.936,-779.39,-3755.1
214 East 35th Street,0.824,1020168,16952,,13.0,Gramercy / Flatiron,144.0,5,tag,0,40.745896,block,-73.9770676,0.0,apartments,265417083,,way,10016,19.2,0.783,-764.34,-3771.02
519 3rd Avenue,0.989,1020175,16972,,0.9,Murray Hill / Kips Bay,100.2,4,tag,0,40.7461001,block,-73.9775164,0.0,yes,265417104,,way,10016,16.0,0.936,-802.18,-3748.44
625 2nd Avenue,0.988,1020154,16974,,0.9,Gramercy / Flatiron,138.6,4,tag,0,40.7450879,block,-73.9760191,0.0,yes,265417106,,way,10016,13.1,0.935,-675.96,-3860.37
102 East 35th Street,0.547,1018544,16987,,16.1,Garment / Midtown South,53.6,4,tag,0,40.7474188,block,-73.9804394,0.0,yes,265417410,,way,10016,17.0,0.506,-1048.57,-3602.64
,0.426,1018544,17002,,17.8,Garment / Midtown South,25.7,5,tag,0,40.7472309,block,-73.9805084,0.0,yes,265417427,,way,,9.1,0.412,-1054.38,-3623.4
,0.535,1082750,17003,,5.5,Garment / Midtown South,43.7,4,tag,0,40.7473499,block,-73.9804903,0.0,yes,265417429,,way,,17.3,0.523,-1052.86,-3610.25
,0.606,1018544,17004,,12.9,Garment / Midtown South,59.2,5,tag,0,40.7472311,block,-73.9804402,0.0,yes,265417430,,way,,12.4,0.581,-1048.63,-3623.39
140 East 37th Street,0.989,1018976,17010,,0.9,Murray Hill / Kips Bay,119.5,6,tag,0,40.7478995,block,-73.9779438,0.0,yes,265417709,,way,10016,18.4,0.944,-838.2,-3549.48
141 East 36th Street,0.989,1018955,17011,,0.9,Murray Hill / Kips Bay,92.7,4,tag,0,40.7476013,block,-73.9781454,0.0,yes,265417710,,way,10016,16.2,0.931,-855.2,-3582.46
142 East 37th Street,0.989,1018975,17012,,0.9,Murray Hill / Kips Bay,118.4,6,tag,0,40.7478824,block,-73.9778931,0.0,yes,265417711,,way,10016,18.7,0.932,-833.93,-3551.37
544 3rd Avenue,0.989,1018962,17038,,0.9,Murray Hill / Kips Bay,149.5,4,tag,0,40.7472714,block,-73.9773631,0.0,yes,265417761,,way,10016,14.1,0.929,-789.26,-3618.93
546 3rd Avenue,0.989,1018963,17039,,0.9,Murray Hill / Kips Bay,151.0,4,tag,0,40.7473193,block,-73.9773283,0.0,yes,265417765,,way,10016,13.8,0.93,-786.32,-3613.63
120 East 38th Street,0.969,1019115,17094,,0.6,Murray Hill / Kips Bay,74.4,4,tag,0,40.7490329,block,-73.9786197,0.0,yes,265419210,,way,10016,13.3,0.909,-895.18,-3424.16
124 East 38th Street,0.87,1019113,17104,,2.6,Murray Hill / Kips Bay,106.1,5,tag,0,40.7489788,block,-73.9785427,0.0,yes,265419220,,way,10016,16.9,0.865,-888.69,-3430.13
128 East 38th Street,0.988,1019111,17113,,0.9,Murray Hill / Kips Bay,45.5,4,tag,0,40.748986,block,-73.9783643,0.0,yes,265419243,,way,10016,14.9,0.928,-873.65,-3429.34
,0.817,1018892,17146,,4.7,Garment / Midtown South,125.9,6,tag,0,40.7475287,block,-73.9798375,0.0,yes,265419286,,way,,18.6,0.805,-997.83,-3590.48
373 5th Avenue,0.935,1017116,17178,,2.1,Garment / Midtown South,211.0,5,tag,0,40.7490753,block,-73.9836902,0.0,yes,265424294,,way,10016,32.1,0.879,-1322.59,-3419.47
,0.791,1017229,17222,,8.2,Garment / Midtown South,573.5,7,tag,0,40.7508174,block,-73.9815762,0.0,yes,265424440,,way,,43.5,0.788,-1144.4,-3226.84
113 East 39th Street,0.989,1019463,17239,,0.9,Murray Hill / Kips Bay,143.7,4,tag,0,40.7500505,block,-73.9780383,0.0,yes,265427637,,way,10016,16.9,0.939,-846.17,-3311.63
320 Lexington Avenue,0.989,1019136,17259,,0.9,Murray Hill / Kips Bay,123.4,7,tag,0,40.7492585,block,-73.9779482,0.0,yes,265427658,,way,10016,17.1,0.93,-838.57,-3399.21
340 Lexington Avenue,0.989,1019471,17262,,0.9,Murray Hill / Kips Bay,134.9,4,tag,0,40.7498828,block,-73.9775015,0.0,yes,265427661,,way,10016,6.7,0.934,-800.92,-3330.18
1087 2nd Avenue,0.989,1038601,17276,,0.9,Midtown East,109.5,4,tag,0,40.7596516,block,-73.9653696,0.0,yes,265430647,,way,10022,13.4,0.933,221.73,-2250.0
246 East 58th Street,0.989,1038621,17303,,0.9,Midtown East,168.0,5,tag,0,40.7599726,block,-73.9653811,0.0,yes,265430683,,way,10022,13.8,0.934,220.76,-2214.51
403 East 57th Street,0.989,1040556,17332,,0.9,Midtown East,97.6,4,tag,0,40.7583979,block,-73.9625391,0.0,yes,265433011,,way,10022,15.3,0.93,460.32,-2388.63
461 East 57th Street,0.968,1091729,17350,,1.1,Midtown East,68.6,4,tag,0,40.7576766,block,-73.9608825,0.0,yes,265433032,,way,10022,12.3,0.91,599.96,-2468.39
463 East 57th Street,0.959,1091735,17351,,1.0,Midtown East,69.8,4,tag,0,40.7576542,block,-73.9608297,0.0,yes,265433033,,way,10022,12.3,0.901,604.41,-2470.86
409 East 51st Street,0.813,1040134,17476,,6.1,Midtown East,83.0,4,tag,0,40.7544334,block,-73.9651167,0.0,yes,265448135,,way,10022,15.4,0.783,243.05,-2827.0
,0.347,1040134,17492,,24.0,Midtown East,553.9,5,zone_model,0,40.7545427,block,-73.9652907,0.0,construction,265448236,,way,,44.74,0.301,228.38,-2814.91
312 East 50th Street,0.989,1039480,17515,,0.9,Midtown East,91.7,4,tag,0,40.754492,block,-73.9680851,0.0,yes,265451588,,way,10022,15.0,0.938,-7.17,-2820.52
331 East 50th Street,0.988,1039604,17582,,0.9,Midtown East,82.8,4,tag,0,40.754514,block,-73.9671881,0.0,yes,265458918,,way,10022,16.5,0.943,68.43,-2818.09
333 East 50th Street,0.988,1039633,17583,Permanent Mission of Latvia to the United Nations,0.9,Midtown East,82.2,4,tag,0,40.7544928,block,-73.9671375,0.0,yes,265458919,,way,10022,15.8,0.931,72.7,-2820.43
353 East 50th Street,0.989,1039610,17591,,0.9,Midtown East,108.8,4,tag,0,40.7542549,block,-73.9665573,0.0,yes,265458938,,way,10022,18.6,0.929,121.61,-2846.74
407 East 50th Street,0.989,1040104,17597,,0.9,Midtown East,84.7,4,tag,0,40.7538598,block,-73.96568,0.0,yes,265458950,,way,10022,13.4,0.93,195.56,-2890.43
413 East 50th Street,0.989,1040119,17600,,0.9,Midtown East,84.1,4,tag,0,40.7537827,block,-73.9654964,0.0,yes,265458956,,way,10022,13.5,0.931,211.04,-2898.95
327 East 51st Street,0.906,1039680,17657,,5.3,Midtown East,79.2,5,tag,0,40.7551929,block,-73.966912,0.0,yes,265459505,,way,10022,12.9,0.904,91.71,-2743.02
347 East 52nd Street,0.989,1039795,17679,,0.9,Midtown East,116.5,4,tag,0,40.7555048,block,-73.9656697,0.0,yes,265459530,,way,10022,17.8,0.931,196.43,-2708.53
1047 2nd Avenue,0.989,1038581,17700,,0.9,Midtown East,96.3,4,tag,0,40.7582478,block,-73.9663705,0.0,yes,265460307,,way,10022,16.2,0.932,137.36,-2405.23
214 East 50th Street,0.987,1038242,17749,,0.9,Midtown East,76.6,4,tag,0,40.7553754,block,-73.970163,0.0,yes,265483501,,way,10022,13.7,0.942,-182.33,-2722.84
216 East 50th Street,0.988,1038241,17754,,0.9,Midtown East,77.7,4,tag,0,40.7553547,block,-73.970113,0.0,yes,265483506,,way,10022,14.0,0.93,-178.12,-2725.13
217 East 49th Street,0.989,1038244,17756,,0.9,Midtown East,113.2,5,tag,0,40.7549974,block,-73.9702882,0.0,apartments,265483508,4,way,10022,10.5,0.93,-192.88,-2764.64
226 East 51st Street,0.989,1038450,17775,,0.9,Midtown East,137.8,4,tag,0,40.7557957,block,-73.969319,0.0,yes,265483527,3,way,10022,12.2,0.933,-111.18,-2676.36
242 East 52nd Street,0.793,1038479,17808,,8.9,Midtown East,222.6,4,tag,0,40.7562124,block,-73.9684204,0.0,yes,265483560,,way,10022,8.7,0.743,-35.43,-2630.29
248 East 52nd Street,0.988,1038490,17823,,0.9,Midtown East,134.5,4,tag,0,40.7561221,block,-73.9682002,0.0,yes,265483575,,way,10022,7.6,0.951,-16.87,-2640.27
249 East 50th Street,0.841,1038456,17825,,6.0,Midtown East,177.4,4,tag,0,40.7552937,block,-73.9688993,0.0,yes,265483577,,way,10022,13.0,0.805,-75.8,-2731.87
250 East 52nd Street,0.989,1038489,17829,,0.9,Midtown East,134.9,5,tag,0,40.7561029,block,-73.9681546,0.0,yes,265483581,,way,10022,13.0,0.937,-13.03,-2642.4
253 East 50th Street,0.749,1038440,17834,,12.4,Midtown East,165.0,5,tag,0,40.7552461,block,-73.9687866,0.0,yes,265483586,,way,10022,13.2,0.736,-66.3,-2737.13
951 2nd Avenue,0.988,1038441,17842,,1.0,Midtown East,120.7,4,tag,0,40.7552802,block,-73.9685848,0.0,yes,265483594,4,way,10022,13.7,0.933,-49.29,-2733.37
,0.989,1038445,17861,,0.9,Midtown East,139.2,4,tag,0,40.7555274,block,-73.9684253,0.0,yes,265483615,4,way,,12.7,0.932,-35.85,-2706.04
213 East 48th Street,0.989,1038002,17872,,0.9,Midtown East,72.0,4,tag,0,40.7543923,block,-73.9708255,0.0,yes,265490411,,way,10017,13.4,0.933,-238.17,-2831.55
217 East 48th Street,0.987,1038033,17876,,1.0,Midtown East,61.1,6,tag,0,40.7543544,block,-73.9707227,0.0,yes,265490415,,way,10017,12.9,0.939,-229.5,-2835.73
225 East 48th Street,0.989,1038034,17885,,0.9,Midtown East,70.9,5,tag,0,40.7542815,block,-73.9705304,0.0,yes,265490424,,way,10017,14.7,0.939,-213.3,-2843.8
232 East 49th Street,0.989,1085110,17891,,0.9,Midtown East,82.5,4,tag,0,40.754518,block,-73.9700535,0.0,yes,265490430,,way,10017,13.1,0.935,-173.1,-2817.64
236 East 49th Street,0.988,1038022,17895,,0.9,Midtown East,84.6,4,tag,0,40.7544677,block,-73.9699336,0.0,yes,265490434,,way,10017,16.4,0.931,-162.99,-2823.2
242 East 49th Street,0.989,1038041,17901,,0.9,Midtown East,83.4,4,tag,0,40.754392,block,-73.9697532,0.0,yes,265490440,,way,10017,16.0,0.931,-147.78,-2831.58
,0.988,1038006,17936,,0.9,Midtown East,71.2,4,tag,0,40.7542998,block,-73.9705742,0.0,yes,265490478,,way,,14.8,0.952,-216.99,-2841.77
817 2nd Avenue,0.844,1037563,17993,,7.7,Murray Hill / Kips Bay,100.3,5,tag,0,40.7509899,block,-73.9716621,0.0,yes,265516401,4,way,10017,15.0,0.797,-308.7,-3207.76
821 2nd Avenue,0.845,1037563,17995,,6.5,Murray Hill / Kips Bay,96.8,4,tag,0,40.7510772,block,-73.9715988,0.0,yes,265516403,4,way,10017,15.0,0.796,-303.35,-3198.11
336 East 43rd Street,0.989,1038662,18021,,0.9,Murray Hill / Kips Bay,81.0,4,tag,0,40.7498092,block,-73.9705321,0.0,yes,265517908,,way,10017,12.7,0.933,-213.44,-3338.32
338 East 43rd Street,0.989,1038664,18022,,0.9,Murray Hill / Kips Bay,79.2,4,tag,0,40.7497869,block,-73.970479,0.0,yes,265517910,,way,10017,13.3,0.932,-208.96,-3340.79
133 East 38th Street,0.913,1019138,18043,,6.5,Murray Hill / Kips Bay,96.2,4,tag,0,40.7488682,block,-73.977319,0.0,yes,265857320,,way,10016,12.8,0.878,-785.54,-3442.36
141 East 37th Street,0.982,1019091,18050,,1.0,Murray Hill / Kips Bay,128.0,5,tag,0,40.7482413,block,-73.9776157,0.0,apartments,265857327,,way,10016,17.0,0.928,-810.55,-3511.69
142 East 38th Street,0.972,1019105,18051,,1.1,Murray Hill / Kips Bay,98.5,5,tag,0,40.7485523,block,-73.9774642,0.0,yes,265857328,,way,10016,14.0,0.913,-797.77,-3477.3
145 East 37th Street,0.975,1019093,18056,,1.0,Murray Hill / Kips Bay,73.0,6,tag,0,40.7481649,block,-73.9775403,0.0,apartments,265857333,,way,10016,17.0,0.95,-804.19,-3520.13
153 East 37th Street,0.989,1019096,18068,,0.9,Murray Hill / Kips Bay,86.6,4,tag,0,40.7480637,block,-73.9773192,0.0,yes,265857345,,way,10016,17.3,0.933,-785.56,-3531.33
206 East 38th Street,0.904,1020343,18076,,2.6,Murray Hill / Kips Bay,188.6,6,tag,0,40.7478091,block,-73.9758313,0.0,yes,265857355,,way,10016,13.6,0.895,-660.14,-3559.47
212 East 39th Street,0.968,1020364,18081,,0.9,Murray Hill / Kips Bay,130.8,5,tag,0,40.7484012,block,-73.9753065,0.0,yes,265857367,,way,10016,19.8,0.939,-615.89,-3494.0
214 East 39th Street,0.969,1020363,18083,,0.8,Murray Hill / Kips Bay,136.1,4,tag,0,40.7483792,block,-73.9752537,0.0,yes,265857369,,way,10016,19.8,0.936,-611.44,-3496.44
343 Lexington Avenue,0.989,1019473,18140,,0.9,Murray Hill / Kips Bay,127.1,5,tag,0,40.7497344,block,-73.9769819,0.0,yes,265864973,,way,10016,19.2,0.931,-757.12,-3346.59
347 Lexington Avenue,0.988,1082116,18142,,0.9,Murray Hill / Kips Bay,83.9,5,tag,0,40.749848,block,-73.9769575,0.0,yes,265864980,,way,10016,11.3,0.931,-755.07,-3334.02
692 3rd Avenue,0.922,1036173,18167,,2.2,Murray Hill / Kips Bay,164.9,4,tag,0,40.7518867,block,-73.9740012,0.0,yes,265869505,5,way,10017,16.0,0.913,-505.87,-3108.6
23 East 39th Street,0.885,1017593,18181,Pestana Park Avenue,8.3,Garment / Midtown South,193.4,6,tag,0,40.7508699,district,-73.9800749,0.0,hotel,265875541,,way,10016,76.5,0.828,-1017.84,-3221.03
151 East 49th Street,0.7,1036443,18266,,11.6,Midtown East,231.0,7,tag,0,40.7557425,block,-73.971897,0.0,yes,265884386,5,way,10022,16.5,0.643,-328.49,-2682.25
12 East 42nd Street,0.722,1035341,18285,Nat Sherman Townhouse,20.0,Midtown West / Times Sq,180.4,4,tag,0,40.7530569,block,-73.9805374,0.0,retail,265932613,,way,10017,9.0,0.668,-1056.83,-2979.21
,0.743,1036523,18308,,3.0,Midtown East,340.6,4,tag,0,40.7595608,block,-73.968398,0.0,yes,265943110,5,way,,17.6,0.715,-33.55,-2260.05
,0.307,1082595,18436,,31.5,Midtown East,1040.2,31,tag,0,40.7583705,block,-73.9758318,0.0,cathedral,266010403,,way,,29.4,0.278,-660.18,-2391.66
304 West 46th Street,0.501,1025012,18468,,22.1,Midtown West / Times Sq,80.8,5,tag,0,40.7598193,block,-73.9884546,0.0,yes,266024848,,way,10036,20.4,0.484,-1724.2,-2231.46
306 West 46th Street,0.458,1025012,18469,,25.6,Midtown West / Times Sq,80.7,4,tag,0,40.7598415,block,-73.9885075,0.0,yes,266024851,,way,10036,20.7,0.422,-1728.66,-2229.01
322 West 46th Street,0.988,1025032,18473,,0.9,Midtown West / Times Sq,128.2,4,tag,0,40.7600047,block,-73.9890158,0.0,yes,266024867,,way,10036,14.5,0.929,-1771.51,-2210.96
324 West 46th Street,0.989,1025015,18475,,0.9,Midtown West / Times Sq,128.3,4,tag,0,40.7600274,block,-73.9890699,0.0,yes,266024873,,way,10036,14.5,0.942,-1776.06,-2208.44
326 West 46th Street,0.989,1025016,18477,,0.9,Midtown West / Times Sq,128.4,4,tag,0,40.7600502,block,-73.9891239,0.0,yes,266024880,,way,10036,14.2,0.942,-1780.62,-2205.93
342 West 46th Street,0.988,1025021,18486,,0.9,Midtown West / Times Sq,173.7,4,tag,0,40.760245,block,-73.9896315,0.0,yes,266024914,,way,10036,14.8,0.929,-1823.4,-2184.39
344 West 46th Street,0.989,1025022,18487,,0.9,Midtown West / Times Sq,174.0,4,tag,0,40.7602777,block,-73.9896912,0.0,yes,266024918,,way,10036,14.2,0.931,-1828.44,-2180.78
372 West 46th Street,0.989,1025036,18506,,0.9,Midtown West / Times Sq,81.2,5,tag,0,40.7606904,block,-73.9904792,0.0,apartments,266024982,4,way,10036,14.9,0.929,-1894.87,-2135.14
346 West 44th Street,0.659,1024976,18543,,23.6,Midtown West / Times Sq,238.0,4,tag,0,40.7591545,block,-73.9909156,0.0,yes,266034024,,way,10036,8.6,0.6,-1931.65,-2304.98
348 West 44th Street,0.6,1078866,18544,,23.4,Midtown West / Times Sq,95.4,4,tag,0,40.7592584,block,-73.990944,0.0,yes,266034025,,way,10036,9.5,0.543,-1934.04,-2293.48
600 9th Avenue,0.935,1088997,18555,,1.2,Midtown West / Times Sq,152.4,4,tag,0,40.7588789,block,-73.9919104,0.0,yes,266034038,,way,10036,12.6,0.875,-2015.5,-2335.44
606 9th Avenue,0.988,1024958,18557,,0.9,Midtown West / Times Sq,94.3,5,tag,0,40.7591709,block,-73.9917634,0.0,yes,266034040,,way,10036,15.9,0.944,-2003.12,-2303.16
,0.643,1078866,18572,,27.3,Midtown West / Times Sq,134.2,4,tag,0,40.7591379,block,-73.9910317,0.0,yes,266034055,,way,,5.6,0.617,-1941.44,-2306.81
,0.513,1024947,18577,,36.2,Midtown West / Times Sq,611.8,5,tag,0,40.7579916,district,-73.9900974,0.0,yes,266034060,,way,,64.8,0.506,-1862.68,-2433.56
,0.707,1078866,18578,,21.2,Midtown West / Times Sq,138.0,4,tag,0,40.7591712,block,-73.991111,0.0,yes,266034062,,way,,6.6,0.701,-1948.12,-2303.12
576 9th Avenue,0.988,1024934,18623,,0.9,Midtown West / Times Sq,115.7,5,tag,0,40.7580807,block,-73.9925433,0.0,yes,266143329,,way,10036,13.4,0.934,-2068.86,-2423.71
,0.745,1078854,18669,,4.2,Midtown West / Times Sq,422.3,6,tag,0,40.7582761,block,-73.9886341,0.0,yes,266149320,,way,,17.9,0.709,-1739.33,-2402.09
,0.425,1024743,18691,,35.1,Midtown West / Times Sq,464.6,4,tag,0,40.7593099,district,-73.9862061,0.0,yes,266149358,,way,,63.2,0.418,-1534.66,-2287.78
13 East 47th Street,0.886,1035416,18752,,7.5,Midtown East,231.2,4,tag,0,40.7564431,block,-73.9774374,0.0,yes,266170567,,way,10017,19.0,0.828,-795.52,-2604.78
136 West 46th Street,0.989,1022647,18757,,0.9,Midtown West / Times Sq,145.6,4,tag,0,40.7578647,block,-73.9839758,0.0,yes,266170573,,way,10036,15.9,0.934,-1346.66,-2447.59
144 West 46th Street,0.988,1022649,18764,,0.9,Midtown West / Times Sq,111.7,4,tag,0,40.7579677,block,-73.9841491,0.0,yes,266170582,,way,10036,16.0,0.94,-1361.27,-2436.2
45 West 46th Street,0.986,1034320,18845,,1.0,Midtown West / Times Sq,168.0,7,tag,0,40.7569845,block,-73.9806831,0.0,yes,266170684,5,way,10036,16.9,0.929,-1069.11,-2544.91
76 West 47th Street,0.98,1034351,18888,,1.0,Midtown West / Times Sq,126.8,4,tag,0,40.7577254,block,-73.9815911,0.0,yes,266170746,1,way,10036,5.0,0.924,-1145.64,-2462.99
1072 1st Avenue,0.988,1078278,18967,,0.9,Midtown East,95.5,4,tag,0,40.7591221,block,-73.9620177,0.0,yes,266194564,,way,10022,13.5,0.933,504.28,-2308.55
345 East 58th Street,0.989,1040044,18995,,0.9,Midtown East,118.5,5,tag,0,40.7594281,block,-73.9630119,0.0,yes,266194626,,way,10022,17.2,0.93,420.46,-2274.72
347 East 58th Street,0.989,1040066,18996,,0.9,Midtown East,118.9,4,tag,0,40.7594013,block,-73.9629484,0.0,yes,266194627,,way,10022,17.8,0.931,425.82,-2277.68
405 East 58th Street,0.989,1040642,19001,,0.9,Midtown East,77.7,4,tag,0,40.7589303,block,-73.961857,0.0,yes,266194634,,way,10022,10.0,0.94,517.82,-2329.76
407 East 58th Street,0.989,1040636,19002,,0.9,Midtown East,77.1,4,tag,0,40.7589047,block,-73.9618054,0.0,yes,266194635,,way,10022,12.7,0.932,522.17,-2332.59
349 East 61st Street,0.952,1044234,19080,,0.7,Midtown East,168.2,9,tag,0,40.7612598,block,-73.9614754,0.0,yes,266206838,,way,10065,17.0,0.906,549.99,-2072.18
144 East 58th Street,0.542,1081167,19088,,10.2,Midtown East,157.6,5,tag,0,40.7612813,block,-73.9684102,0.0,yes,266211988,,way,10022,15.4,0.508,-34.58,-2069.8
719 Lexington Avenue,0.64,1036923,19117,,29.4,Midtown East,113.5,4,tag,0,40.7613595,block,-73.9685285,0.0,yes,266212066,,way,10022,15.4,0.592,-44.55,-2061.15
,0.551,1036923,19128,,35.4,Midtown East,117.5,4,tag,0,40.7614071,block,-73.9684938,0.0,yes,266212081,,way,,15.4,0.533,-41.63,-2055.89
119 East 54th Street,0.988,1036479,19167,,0.9,Midtown East,156.3,5,tag,0,40.7595608,block,-73.9712708,0.0,yes,266233379,,way,10022,16.0,0.937,-275.71,-2260.05
126 East 57th Street,0.898,1036893,19179,,5.5,Midtown East,158.3,5,tag,0,40.7608658,block,-73.9697385,0.0,yes,266233399,,way,10022,18.7,0.863,-146.54,-2115.74
,0.229,1087128,19203,,33.5,Midtown East,434.0,8,tag,0,40.7611937,block,-73.956258,0.0,yes,266867285,,way,,7.2,0.227,989.78,-2079.49
600 5th Avenue,0.572,1087733,19205,CS DISCO Inc.,20.5,Midtown West / Times Sq,335.1,4,tag,0,40.7579867,skyline,-73.9787918,0.0,yes,267018744,31,way,10020,138.0,0.528,-909.69,-2434.1
257 East Houston Street,0.798,1088655,19290,,15.1,SoHo / Hudson Square,185.6,6,tag,0,40.7215624,block,-73.9851101,0.0,yes,278290436,,way,10002,16.4,0.781,-1442.28,-6461.67
337 East 33rd Street,0.928,1021882,19428,,2.0,Gramercy / Flatiron,129.0,5,tag,0,40.7436351,block,-73.9747551,0.0,yes,278326143,,way,10016,14.9,0.884,-569.41,-4021.01
12 Sutton Square,0.907,1040738,19534,,4.6,Midtown East,71.4,4,tag,0,40.7576343,block,-73.9596661,0.0,yes,284884808,,way,10022,16.8,0.858,702.5,-2473.07
17 Sutton Place,0.989,1040730,19539,,0.9,Midtown East,72.3,4,tag,0,40.7577534,block,-73.9600637,0.0,yes,284884821,,way,10022,17.0,0.932,668.98,-2459.9
10 Sutton Square,0.894,1040735,19555,,5.8,Midtown East,78.8,4,tag,0,40.757657,block,-73.9597198,0.0,yes,284884869,,way,10022,16.3,0.873,697.97,-2470.56
,0.989,1040732,19557,,0.9,Midtown East,77.5,4,tag,0,40.7578358,block,-73.9600035,0.0,yes,284884874,,way,,19.2,0.937,674.05,-2450.78
,0.52,1090162,19589,,28.4,Chelsea,1259.7,4,zone_model,0,40.7458036,block,-74.0060657,0.0,parking,288767465,,way,,42.93,0.481,-3208.71,-3781.23
304 5th Avenue,0.878,1088687,19599,,2.2,Garment / Midtown South,190.8,4,tag,0,40.7468366,district,-73.9861427,0.0,yes,292838358,14,way,10001,50.0,0.862,-1529.32,-3667.0
50 West 36th Street,0.873,1015912,19601,Best Western,2.8,Garment / Midtown South,167.0,5,tag,0,40.75034,district,-73.9856683,0.0,hotel,292840083,17,way,10018,50.0,0.839,-1489.33,-3279.63
,0.882,1011676,19618,,8.5,Chelsea,129.5,5,tag,0,40.7392192,block,-74.0057894,0.0,yes,294172020,1,way,,4.5,0.878,-3185.42,-4509.3
,0.795,1037564,19625,,4.6,Murray Hill / Kips Bay,91.7,4,tag,0,40.7511239,block,-73.9715648,0.0,yes,301468226,4,way,,15.0,0.764,-300.5,-3192.94
,0.849,1037567,19626,,8.0,Murray Hill / Kips Bay,181.2,4,levels,0,40.7511078,block,-73.9717384,0.0,yes,301468227,1,way,,4.4,0.808,-315.13,-3194.72
,0.811,1037576,19628,,4.1,Murray Hill / Kips Bay,124.7,4,tag,0,40.7517467,block,-73.9711159,0.0,yes,301482305,4,way,,16.1,0.804,-262.65,-3124.08
324 East 48th Street,0.829,1038913,19632,,3.6,Midtown East,269.3,4,tag,0,40.7529522,block,-73.9684375,0.0,yes,301503924,5,way,10017,17.0,0.827,-36.87,-2990.78
,0.636,1082709,19684,,18.3,Hudson Yards,324.6,10,tag,0,40.7474281,block,-74.0024996,0.0,yes,324866819,2,way,,10.0,0.586,-2908.12,-3601.6
146 West 13th Street,0.685,1010604,19696,City and Country School,5.4,Chelsea,329.2,9,tag,0,40.7373364,block,-73.99938,0.0,yes,367809093,,way,10011,16.8,0.644,-2645.15,-4717.48
,0.204,1038756,19706,,37.9,Murray Hill / Kips Bay,94.8,5,zone_model,0,40.7504902,block,-73.970068,0.0,roof,378181855,,way,,24.24,0.168,-174.32,-3263.01
,0.876,1038454,19713,,8.2,Midtown East,189.7,4,zone_model,0,40.7562277,district,-73.9701231,0.0,yes,380383290,,way,,49.69,0.852,-178.96,-2628.6
,0.345,1020030,19715,,42.2,Chelsea,51.0,12,tag,0,40.7441009,block,-73.9790567,3.0,roof,380656829,,way,,4.0,0.326,-932.02,-3969.51
,0.309,1083642,19734,,40.3,Garment / Midtown South,107.1,4,tag,0,40.7502615,block,-73.9871142,0.0,yes,452058406,5,way,,20.0,0.293,-1611.21,-3288.31
34 Renwick Street,0.668,1010306,19742,,23.7,SoHo / Hudson Square,246.4,4,zone_model,0,40.7253335,block,-74.008257,0.0,yes,458998071,,way,,15.39,0.657,-3393.43,-6044.69
688 Broadway,0.706,1008507,19747,,13.8,SoHo / Hudson Square,672.6,4,tag,0,40.7280197,district,-73.9941374,0.0,yes,464974864,,way,10012,47.0,0.687,-2203.22,-5747.67
329 West 38th Street,0.908,1090696,19750,,3.0,Midtown West / Times Sq,194.9,4,tag,0,40.7554643,block,-73.9928838,0.0,yes,470186329,,way,10018,20.0,0.859,-2097.56,-2713.01
,0.122,1011081,19753,New York City AIDS Memorial,43.8,Chelsea,154.1,3,zone_model,0,40.7374173,block,-74.0014143,0.0,roof,471550476,,way,,19.83,0.075,-2816.63,-4708.54
293 East Houston Street,0.507,1004246,19757,,11.4,Tribeca / Civic Center,45.8,4,levels,0,40.7213371,block,-73.9840629,0.0,apartments,484435125,5,way,10002,17.2,0.449,-1354.01,-6486.59
,0.537,1020091,19769,,15.5,Gramercy / Flatiron,274.6,6,zone_model,0,40.7439422,block,-73.9770347,0.0,yes,540259447,,way,,18.01,0.535,-761.57,-3987.06
,0.392,1024661,19780,,18.4,Midtown West / Times Sq,35.1,5,levels,0,40.7562342,block,-73.9876933,0.0,roof,591988931,1,way,,4.4,0.374,-1660.03,-2627.88
,0.201,1080837,19783,,32.0,Midtown West / Times Sq,21.2,7,levels,0,40.7565372,block,-73.9884559,0.0,roof,591988942,1,way,,4.4,0.147,-1724.31,-2594.37
,0.17,1080837,19784,,44.1,Midtown West / Times Sq,81.3,5,levels,0,40.7566058,block,-73.9885815,0.0,roof,591988947,1,way,,4.4,0.16,-1734.89,-2586.79
,0.459,1010073,19790,,16.3,West Village,28.2,4,zone_model,0,40.7311645,block,-74.0015275,0.0,roof,619920833,,way,,10.05,0.433,-2826.17,-5399.94
,0.439,1012347,19839,,20.3,Hudson Yards,1044.6,5,zone_model,0,40.7487876,district,-74.0051775,0.0,yes,881210121,,way,,56.01,0.408,-3133.84,-3451.28
,0.769,1091588,19841,,11.8,SoHo / Hudson Square,482.9,9,tag,0,40.7269603,block,-73.9936598,0.0,office,885498198,,way,,39.9,0.744,-2162.97,-5864.82
,0.425,1017929,19862,,17.0,West Village,26.7,4,zone_model,0,40.7368697,block,-73.9851553,0.0,yes,939122870,,way,,7.8,0.424,-1446.09,-4769.09
76 East Houston Street,0.87,1008190,19863,The Detox Market,7.4,SoHo / Hudson Square,156.4,5,tag,0,40.7245611,block,-73.9931643,0.0,retail,939422856,,way,10012,8.5,0.828,-2121.2,-6130.11
92 East 7th Street,0.935,1089397,19864,,1.2,SoHo / Hudson Square,120.7,6,tag,0,40.7266677,block,-73.9854449,0.0,apartments,951679435,6,way,10009,22.6,0.877,-1470.5,-5897.16
348 Bowery,0.757,1008523,19870,The Bowery Market,18.9,SoHo / Hudson Square,82.0,4,zone_model,0,40.7266353,block,-73.9919939,0.0,yes,994983511,,way,10012,13.36,0.755,-2022.54,-5900.75
350 West 45th Street,0.795,1090977,19873,,3.9,Midtown West / Times Sq,260.7,4,zone_model,0,40.7598503,district,-73.990461,0.0,apartments,1012312364,,way,10036,102.38,0.786,-1893.33,-2228.03
,0.52,1090858,19893,,19.1,Midtown West / Times Sq,125.7,4,zone_model,0,40.7544283,block,-74.0060484,0.0,roof,1021760857,,way,,23.86,0.492,-3207.25,-2827.56
171 Suffolk Street,0.635,1004339,19905,Sioné,17.4,Tribeca / Civic Center,262.8,9,levels,0,40.7213714,district,-73.9851039,0.0,apartments,1076732754,14,way,10002,46.0,0.601,-1441.75,-6482.8
216 East 14th Street,0.645,1006899,19911,,18.3,West Village,320.9,4,tag,0,40.7327738,block,-73.9866044,0.0,yes,1079499933,,way,10003,12.2,0.629,-1568.24,-5221.99
71 East 1st Street,0.332,1006098,19915,,32.9,SoHo / Hudson Square,23.4,6,zone_model,0,40.723286,block,-73.9887899,0.0,yes,1083909785,,way,10003,10.31,0.319,-1752.47,-6271.09
,0.428,1022581,19931,,14.2,Midtown West / Times Sq,62.7,5,zone_model,0,40.7562204,block,-73.9863723,0.0,roof,1117680745,,way,,31.69,0.374,-1548.67,-2629.41
,0.381,1089436,19933,,32.6,Garment / Midtown South,37.4,6,tag,0,40.7503795,block,-73.9879812,0.0,roof,1121582597,,way,,3.0,0.338,-1684.3,-3275.26
,0.23,1015866,19934,,33.1,Garment / Midtown South,43.4,4,tag,0,40.7494734,block,-73.987327,0.0,roof,1121932369,,way,,4.0,0.187,-1629.15,-3375.45
,0.614,1006547,19940,,10.4,SoHo / Hudson Square,45.2,4,zone_model,0,40.7256386,block,-73.990571,0.0,greenhouse,1147801232,,way,,17.66,0.584,-1902.6,-6010.96
,0.757,1082155,19944,,2.5,West Village,310.3,5,tag,0,40.7316378,block,-73.9827303,0.0,yes,1160570469,,way,,11.1,0.714,-1241.68,-5347.6
,0.588,1012874,19969,,11.4,Midtown West / Times Sq,322.2,5,levels,0,40.7552194,block,-73.997152,0.0,residential,1202082376,11,way,,36.4,0.537,-2457.34,-2740.09
255 West 35th Street,0.605,1014417,19988,,30.9,Midtown West / Times Sq,624.5,7,tag,0,40.7520815,skyline,-73.9924091,0.0,construction,1239290249,,way,10001,121.0,0.592,-2057.54,-3087.06
,0.44,1089807,20000,One High Line,24.4,Chelsea,5218.4,12,tag,0,40.7447741,skyline,-74.007574,0.0,apartments,1275407069,34,way,,123.0,0.425,-3335.85,-3895.07
262 5th Avenue,0.693,1091939,20001,262 Fifth Avenue,5.4,Chelsea,233.5,9,tag,0,40.7452758,landmark,-73.9872466,0.0,residential,1275711615,54,way,,262.13,0.653,-1622.37,-3839.6
,0.499,1083250,20011,,8.3,Chelsea,15.3,7,zone_model,0,40.7388691,block,-73.9970053,0.0,roof,1335878037,,way,,7.78,0.466,-2444.97,-4548.01
654 East 12th Street,0.672,1004908,20022,Social Security Administration,8.2,Lower East Side,951.1,4,tag,0,40.7271455,block,-73.9773338,0.0,office,1378058927,,way,10009,7.4,0.663,-786.78,-5844.33
,0.406,1043348,20033,,14.2,Midtown East,23.1,5,zone_model,0,40.7611409,block,-73.9643812,0.0,roof,1393586275,,way,,12.73,0.379,305.05,-2085.33
178 Bleecker Street,0.865,1089989,20035,,2.4,SoHo / Hudson Square,119.2,5,zone_model,0,40.7288473,block,-74.0009334,0.0,yes,1417216042,,way,,11.79,0.829,-2776.09,-5656.16
2 Lincoln Square,0.512,1028159,20077,,17.1,Upper West Side,808.1,6,zone_model,0,40.7732542,block,-73.9812698,0.0,apartments,162776007,,way,10023,34.9,0.508,-1118.57,-745.91
732 West End Avenue,0.821,1088822,20084,,4.5,Yorkville / Carnegie Hill,263.5,5,levels,0,40.7948663,district,-73.973096,0.0,apartments,194722214,15,way,10025,49.2,0.799,-429.56,1643.83
290 Columbus Avenue,0.64,1030017,20087,,1.0,Upper East Side,49.4,4,tag,0,40.7786213,block,-73.9781679,0.0,yes,204876211,4,way,,18.8,0.618,-857.09,-152.45
294 Columbus Avenue,0.7,1030019,20088,,13.5,Upper East Side,85.4,5,tag,0,40.7786929,block,-73.9781159,0.0,yes,204876214,1,way,,18.8,0.68,-852.71,-144.53
288 Columbus Avenue,0.576,1030018,20089,,10.0,Upper East Side,48.3,4,tag,0,40.7785693,block,-73.9782056,0.0,yes,204876215,4,way,10023,18.8,0.559,-860.27,-158.2
286 Columbus Avenue,0.482,1030018,20090,,14.6,Upper East Side,36.1,4,tag,0,40.7785245,block,-73.9782391,0.0,yes,204876218,4,way,10023,18.8,0.465,-863.09,-163.15
,0.731,1085060,20100,,16.3,Upper West Side,236.0,5,tag,0,40.7755135,block,-73.983122,0.0,yes,241826156,,way,,3.0,0.672,-1274.7,-496.1
2009 3rd Avenue,0.526,1052484,20107,,33.9,Yorkville / Carnegie Hill,251.0,4,tag,0,40.7942141,block,-73.9423088,0.0,yes,248877921,,way,10029,11.2,0.48,2165.62,1571.71
2011 3rd Avenue,0.586,1052484,20108,,28.2,Yorkville / Carnegie Hill,257.8,5,tag,0,40.7942737,block,-73.9422656,0.0,yes,248877922,,way,10029,11.2,0.571,2169.25,1578.3
2159 1st Avenue,0.775,1052878,20141,,7.3,Yorkville / Carnegie Hill,164.0,14,tag,0,40.7932827,block,-73.9377762,0.0,apartments,248878001,,way,10029,20.9,0.743,2547.68,1468.72
2171 2nd Avenue,0.657,1052503,20154,,13.7,Yorkville / Carnegie Hill,70.0,4,tag,0,40.794242,block,-73.9400808,0.0,retail,248878026,,way,10029,14.5,0.656,2353.43,1574.8
252 East 112th Street,0.973,1089918,20196,,1.0,Yorkville / Carnegie Hill,76.5,5,tag,0,40.7944944,block,-73.9401851,0.0,yes,248878108,,way,10029,16.6,0.918,2344.63,1602.7
336 East 112th Street,0.549,1090607,20219,,6.6,Yorkville / Carnegie Hill,54.6,5,tag,0,40.7936937,block,-73.9381812,0.0,yes,248878154,,way,10029,3.0,0.549,2513.54,1514.16
,0.722,1088728,20224,,14.9,Yorkville / Carnegie Hill,178.1,18,tag,0,40.7948589,block,-73.9418932,0.0,yes,248878163,,way,,17.6,0.722,2200.65,1643.01
,0.78,1081398,20225,,14.0,Yorkville / Carnegie Hill,66.1,4,tag,0,40.7943493,block,-73.9401278,0.0,yes,248878166,,way,,9.9,0.735,2349.46,1586.66
,0.513,1091791,20226,,17.4,Yorkville / Carnegie Hill,733.9,4,tag,0,40.7944038,block,-73.9421049,0.0,yes,248878168,,way,,9.6,0.5,2182.81,1592.68
,0.484,1052884,20235,,17.3,Yorkville / Carnegie Hill,69.6,4,tag,0,40.793482,block,-73.9382314,0.0,yes,248878182,,way,,6.4,0.467,2509.32,1490.76
,0.712,1081398,20240,,21.5,Yorkville / Carnegie Hill,78.5,7,tag,0,40.7943017,block,-73.9402352,0.0,yes,248878191,,way,,10.0,0.697,2340.41,1581.4
1402 York Avenue,0.989,1046294,20268,,0.9,Turtle Bay / Sutton,121.9,4,tag,0,40.7683502,block,-73.9523044,0.0,apartments,264622285,,way,10021,6.5,0.929,1323.05,-1288.16
132 West 58th Street,0.989,1023742,20338,,0.9,Turtle Bay / Sutton,157.5,5,tag,0,40.7653084,block,-73.9780214,0.0,yes,265147946,,way,10019,16.1,0.939,-844.75,-1624.51
45 West 57th Street,0.481,1035066,20351,,36.3,Turtle Bay / Sutton,432.6,9,tag,0,40.7642646,block,-73.9763304,0.0,yes,265147964,,way,10019,26.3,0.48,-702.2,-1739.93
10 West 55th Street,0.573,1034798,20379,,30.4,Midtown East,244.3,5,tag,0,40.7617798,block,-73.9758142,0.0,yes,265149192,,way,10019,19.8,0.569,-658.69,-2014.68
14 West 57th Street,0.625,1035055,20385,,12.1,Midtown East,231.5,4,tag,0,40.7631738,district,-73.9752116,0.0,yes,265149200,10,way,10019,46.7,0.599,-607.89,-1860.54
31 West 54th Street,0.733,1034790,20409,,19.6,Midtown East,116.3,8,tag,0,40.7619864,block,-73.97714,0.0,yes,265149231,,way,10019,21.2,0.712,-770.44,-1991.84
33 West 54th Street,0.773,1034791,20410,,7.5,Midtown East,131.2,5,tag,0,40.7620249,block,-73.977194,0.0,yes,265149232,,way,10019,20.2,0.76,-775.0,-1987.58
49 West 55th Street,0.989,1081131,20437,,0.9,Midtown East,169.5,5,tag,0,40.7627104,block,-73.9768021,0.0,yes,265149261,5,way,10019,16.7,0.933,-741.97,-1911.78
58 West 56th Street,0.988,1084505,20449,,0.9,Midtown East,121.3,4,tag,0,40.7631767,block,-73.9771248,0.0,yes,265149273,,way,10019,17.1,0.931,-769.17,-1860.22
6 West 57th Street,0.421,1084673,20450,,38.6,Midtown East,607.8,4,tag,0,40.7630499,district,-73.9749201,0.0,yes,265149274,10,way,10019,46.7,0.403,-583.32,-1874.24
331 West 55th Street,0.989,1085026,20533,,0.9,Hell's Kitchen,76.2,4,tag,0,40.7660975,block,-73.9849793,0.0,yes,265151200,,way,10019,13.2,0.942,-1431.25,-1537.26
333 West 55th Street,0.989,1085027,20534,,0.9,Hell's Kitchen,74.8,4,tag,0,40.7661195,block,-73.9850315,0.0,yes,265151201,,way,10019,13.2,0.936,-1435.65,-1534.82
335 West 55th Street,0.989,1025448,20535,,0.9,Hell's Kitchen,74.1,5,tag,0,40.7661455,block,-73.9850773,0.0,yes,265151202,,way,10019,13.8,0.944,-1439.51,-1531.95
337 West 55th Street,0.989,1025426,20536,,0.9,Hell's Kitchen,74.0,4,tag,0,40.7661655,block,-73.9851245,0.0,yes,265151203,,way,10019,13.8,0.95,-1443.49,-1529.73
326 West 55th Street,0.989,1078904,20572,,0.9,Hell's Kitchen,80.5,4,tag,0,40.7657413,block,-73.9850279,0.0,yes,265151945,,way,10019,17.2,0.941,-1435.35,-1576.64
353 West 54th Street,0.718,1025406,20585,,15.7,Hell's Kitchen,215.3,5,tag,0,40.7658992,block,-73.9863103,0.0,yes,265151958,,way,10019,7.1,0.695,-1543.45,-1559.18
523 West 48th Street,0.742,1080965,20696,,5.0,Hell's Kitchen,237.2,4,tag,0,40.7641412,block,-73.9937819,0.0,yes,265318749,,way,10019,9.7,0.702,-2173.27,-1753.57
,0.855,1027046,20742,,2.0,Hell's Kitchen,162.2,4,tag,0,40.7661606,block,-73.9939659,0.0,yes,265318800,,way,,4.0,0.811,-2188.77,-1530.28
505 West 47th Street,0.501,1088435,20743,The 505,20.3,Midtown West / Times Sq,543.3,6,tag,0,40.7632602,block,-73.9937486,0.0,yes,265318801,,way,10036,20.7,0.471,-2170.46,-1850.99
429 West 47th Street,0.988,1026560,20841,,0.9,Midtown West / Times Sq,92.2,5,tag,0,40.762272,block,-73.9914428,0.0,yes,265322663,,way,10036,12.8,0.935,-1976.09,-1960.25
433 West 47th Street,0.988,1080939,20843,,0.9,Midtown West / Times Sq,90.3,4,tag,0,40.7623218,block,-73.9915611,0.0,yes,265322665,,way,10036,15.3,0.937,-1986.07,-1954.75
435 West 47th Street,0.988,1026559,20844,,0.9,Midtown West / Times Sq,90.4,4,tag,0,40.7623466,block,-73.99162,0.0,yes,265322666,,way,10036,13.4,0.937,-1991.03,-1952.01
437 West 47th Street,0.989,1026558,20845,,0.9,Midtown West / Times Sq,90.3,4,tag,0,40.7623713,block,-73.9916789,0.0,yes,265322667,,way,10036,13.4,0.936,-1995.99,-1949.28
439 West 47th Street,0.988,1026557,20846,,0.9,Midtown West / Times Sq,90.4,4,tag,0,40.762396,block,-73.9917378,0.0,yes,265322668,,way,10036,15.8,0.936,-2000.96,-1946.54
447 West 47th Street,0.914,1026554,20849,,6.5,Midtown West / Times Sq,91.3,4,tag,0,40.7624985,block,-73.9919743,0.0,yes,265322671,,way,10036,15.6,0.899,-2020.9,-1935.21
422 West 51st Street,0.988,1085044,20964,,0.9,Hell's Kitchen,108.9,5,tag,0,40.764403,block,-73.9897205,0.0,yes,265325080,,way,10019,16.8,0.935,-1830.91,-1724.62
738 10th Avenue,0.874,1026668,21021,,3.0,Hell's Kitchen,141.1,6,tag,0,40.7647941,block,-73.9913671,0.0,yes,265325181,,way,10019,13.4,0.855,-1969.71,-1681.37
407 West 51st Street,0.714,1082416,21052,,4.5,Hell's Kitchen,165.3,11,tag,0,40.7645022,block,-73.988872,0.0,yes,265327699,,way,10019,22.6,0.702,-1759.39,-1713.65
408 West 52nd Street,0.4,1026738,21054,,18.4,Hell's Kitchen,635.9,12,tag,0,40.7648386,block,-73.9887904,0.0,yes,265327701,,way,10019,31.9,0.391,-1752.5,-1676.46
416 West 52nd Street,0.476,1080950,21063,,15.2,Hell's Kitchen,760.6,23,tag,0,40.7649398,block,-73.9891142,0.0,yes,265327710,,way,10019,24.5,0.473,-1779.8,-1665.26
773 10th Avenue,0.947,1088297,21097,,1.0,Hell's Kitchen,125.4,6,tag,0,40.766195,block,-73.9910081,0.0,yes,265327751,,way,10019,17.9,0.918,-1939.44,-1526.47
328 West 53rd Street,0.562,1025245,21135,,22.1,Hell's Kitchen,164.5,19,tag,0,40.7645098,block,-73.9860839,0.0,yes,265329481,,way,10019,17.1,0.547,-1524.37,-1712.81
333 West 51st Street,0.989,1025205,21141,,0.9,Midtown West / Times Sq,150.4,4,tag,0,40.7636971,block,-73.9868849,0.0,yes,265329487,,way,10019,14.2,0.94,-1591.89,-1802.68
334 West 53rd Street,0.628,1078897,21144,,7.7,Hell's Kitchen,237.2,9,tag,0,40.7645935,block,-73.9862611,0.0,yes,265329491,,way,10019,21.4,0.571,-1539.3,-1703.56
340 West 53rd Street,0.597,1070020,21188,St. Benedict the Moor's Church,23.6,Hell's Kitchen,154.1,7,tag,0,40.7646528,block,-73.9863593,0.0,yes,265329550,,way,10019,11.0,0.578,-1547.58,-1697.0
,0.425,1078896,21195,,23.6,Hell's Kitchen,66.8,5,tag,0,40.7645244,block,-73.9864848,0.0,yes,265329559,,way,,11.7,0.421,-1558.16,-1711.2
50 East 57th Street,0.867,1035781,21302,,3.9,Midtown East,256.6,5,tag,0,40.7616005,block,-73.9715067,0.0,yes,265345360,7,way,10022,28.3,0.849,-295.6,-2034.51
6 East 57th Street,0.697,1035790,21308,Louis Vuitton,7.0,Midtown East,985.8,5,tag,0,40.7624223,block,-73.9734391,0.0,yes,265345367,,way,10022,34.4,0.66,-458.48,-1943.63
9 East 57th Street,0.786,1036052,21311,,17.4,Midtown East,233.2,4,tag,0,40.7628431,block,-73.9729736,0.0,yes,265345370,,way,10022,24.4,0.767,-419.24,-1897.1
18 East 63rd Street,0.973,1040921,21357,,0.9,Turtle Bay / Sutton,119.5,6,tag,0,40.7661335,block,-73.9702048,0.0,yes,265345741,,way,10065,20.5,0.917,-185.86,-1533.27
31 East 63rd Street,0.989,1041059,21372,,0.9,Turtle Bay / Sutton,101.6,4,tag,0,40.7659959,block,-73.9688727,0.0,yes,265345756,,way,10065,16.4,0.929,-73.56,-1548.49
40 East 64th Street,0.989,1041041,21391,,0.9,Turtle Bay / Sutton,139.6,9,tag,0,40.7662084,block,-73.9685139,0.0,yes,265345779,,way,10065,17.1,0.938,-43.32,-1524.99
44 East 64th Street,0.988,1041065,21397,,0.9,Turtle Bay / Sutton,67.8,4,tag,0,40.7661967,block,-73.9683909,0.0,yes,265345787,,way,10065,16.6,0.942,-32.95,-1526.29
46 East 64th Street,0.989,1041039,21402,,0.9,Turtle Bay / Sutton,70.7,4,tag,0,40.7661811,block,-73.9683519,0.0,yes,265345792,,way,10065,16.5,0.929,-29.66,-1528.01
694 Madison Avenue,0.989,1040892,21415,,0.9,Turtle Bay / Sutton,102.6,4,tag,0,40.765747,block,-73.9701113,0.0,yes,265345805,,way,10065,18.0,0.931,-177.97,-1576.02
8 East 64th Street,0.855,1041067,21430,,5.8,Turtle Bay / Sutton,118.4,6,tag,0,40.7669516,block,-73.9702038,0.0,yes,265345820,,way,10065,17.9,0.846,-185.77,-1442.81
,0.934,1041064,21448,,5.4,Turtle Bay / Sutton,125.9,4,tag,0,40.7661064,block,-73.9682822,0.0,yes,265345841,,way,,17.1,0.916,-23.79,-1536.27
,0.679,1041052,21463,,25.4,Turtle Bay / Sutton,118.3,5,tag,0,40.7666507,block,-73.9700516,0.0,yes,265345871,,way,,4.5,0.642,-172.93,-1476.08
424 West 55th Street,0.761,1026800,21501,,14.1,Hell's Kitchen,409.9,5,tag,0,40.7668825,block,-73.9879015,0.0,yes,265353304,,way,10019,13.4,0.73,-1677.58,-1450.46
854 10th Avenue,0.884,1026856,21586,,2.5,Hell's Kitchen,115.4,4,tag,0,40.7684815,block,-73.9886893,0.0,yes,265353541,,way,10019,14.0,0.837,-1743.99,-1273.64
856 10th Avenue,0.882,1026877,21588,,2.5,Hell's Kitchen,105.2,5,tag,0,40.7685274,block,-73.9886554,0.0,apartments,265353543,,way,10019,13.7,0.881,-1741.13,-1268.58
400 West 57th Street,0.59,1081705,21592,The Windermere,4.2,Hell's Kitchen,911.4,18,tag,0,40.7678024,block,-73.9861959,0.0,construction,265353547,,way,10019,27.0,0.546,-1533.81,-1348.74
,0.885,1026855,21598,,2.5,Hell's Kitchen,113.2,4,tag,0,40.768434,block,-73.9887243,0.0,yes,265353553,,way,,14.0,0.834,-1746.94,-1278.9
467 West 57th Street,0.989,1026901,21620,,0.9,Hell's Kitchen,89.2,4,tag,0,40.7690736,block,-73.9878645,0.0,apartments,265353679,5,way,10019,16.4,0.93,-1674.46,-1208.18
608 West 48th Street,0.651,1027123,21676,,11.0,Hell's Kitchen,227.0,5,tag,0,40.7647219,block,-73.9963526,0.0,yes,265356000,,way,10036,8.7,0.607,-2389.96,-1689.36
506 West 48th Street,0.516,1088435,21727,,19.0,Midtown West / Times Sq,542.9,7,tag,0,40.7635722,block,-73.9935259,0.0,yes,265356058,,way,10036,21.4,0.462,-2151.68,-1816.49
609 West 46th Street,0.659,1091842,21740,,8.8,Midtown West / Times Sq,430.0,5,tag,0,40.763861,block,-73.9970284,0.0,yes,265357824,,way,10036,14.5,0.615,-2446.92,-1784.55
60 East 118th Street,0.988,1086457,21849,,0.9,East Harlem,84.3,4,tag,0,40.8008254,block,-73.9432874,0.0,yes,265794795,,way,10035,12.2,0.93,2083.13,2302.75
62 East 118th Street,0.989,1086454,21851,,0.9,East Harlem,84.6,4,tag,0,40.8007989,block,-73.9432249,0.0,yes,265794797,,way,10035,12.5,0.929,2088.4,2299.82
68 East 118th Street,0.989,1086565,21857,,0.9,East Harlem,82.8,4,tag,0,40.800719,block,-73.9430357,0.0,yes,265794803,,way,10035,12.8,0.929,2104.34,2290.98
1640 Park Avenue,0.428,1051675,21869,,43.6,Yorkville / Carnegie Hill,991.0,4,tag,0,40.7996764,block,-73.9429717,0.0,yes,265794817,,way,10035,6.5,0.384,2109.74,2175.69
104 East 117th Street,0.989,1082370,21911,,0.9,Yorkville / Carnegie Hill,61.4,4,tag,0,40.7997101,block,-73.9424964,0.0,yes,265796785,,way,10035,10.7,0.939,2149.8,2179.43
106 East 117th Street,0.989,1082371,21914,,0.9,Yorkville / Carnegie Hill,62.5,4,tag,0,40.7996889,block,-73.9424461,0.0,yes,265796791,,way,10035,10.7,0.945,2154.05,2177.08
108 East 117th Street,0.989,1082372,21916,,0.9,Yorkville / Carnegie Hill,62.6,4,tag,0,40.7996674,block,-73.9423953,0.0,yes,265796795,,way,10035,10.7,0.945,2158.33,2174.71
110 East 117th Street,0.988,1082373,21919,,0.9,Yorkville / Carnegie Hill,62.5,5,tag,0,40.799646,block,-73.9423445,0.0,yes,265796800,,way,10035,10.7,0.932,2162.61,2172.34
1441A 5th Avenue,0.989,1085989,21973,,0.9,East Harlem,82.5,4,tag,0,40.8013744,block,-73.9455884,0.0,yes,265798932,,way,10035,11.0,0.931,1889.16,2363.45
1786 Madison Avenue,0.989,1086014,21987,,0.9,East Harlem,82.5,4,tag,0,40.8009113,block,-73.9444894,0.0,yes,265798955,,way,10035,11.4,0.931,1981.8,2312.25
54 East 120th Street,0.989,1086471,22006,,0.9,East Harlem,83.0,4,tag,0,40.8021478,block,-73.9425647,0.0,yes,265798992,,way,10035,11.2,0.929,2144.04,2448.97
56 East 119th Street,0.989,1086156,22008,,0.9,East Harlem,91.1,4,tag,0,40.8015458,block,-73.9430898,0.0,yes,265798996,,way,10035,11.1,0.932,2099.79,2382.4
62 East 120th Street,0.989,1086476,22020,,0.9,East Harlem,82.4,4,tag,0,40.8020423,block,-73.9423131,0.0,yes,265799017,,way,10035,11.2,0.93,2165.25,2437.3
67 East 119th Street,0.989,1086465,22030,,0.9,East Harlem,83.0,4,tag,0,40.8017857,block,-73.9425898,0.0,yes,265799036,,way,10035,10.8,0.929,2141.93,2408.93
68 East 120th Street,0.989,1086479,22032,,0.9,East Harlem,82.9,4,tag,0,40.8019635,block,-73.9421253,0.0,yes,265799043,,way,10035,11.5,0.931,2181.08,2428.6
69 East 118th Street,0.989,1086142,22033,,0.9,East Harlem,94.8,4,tag,0,40.8010766,block,-73.9428561,0.0,yes,265799047,,way,10035,11.4,0.93,2119.48,2330.52
66 West 116th Street,0.89,1051423,22063,,2.2,East Harlem,157.8,16,tag,0,40.8015935,block,-73.9493284,0.0,yes,265799242,,way,10026,17.4,0.88,1573.9,2387.68
,0.971,1044218,22141,,2.3,Midtown East,141.9,5,tag,0,40.7616461,block,-73.9632214,0.0,yes,266195298,,way,,14.0,0.911,402.81,-2029.46
342 East 62nd Street,0.953,1044242,22170,,0.8,Midtown East,193.8,16,tag,0,40.7617029,block,-73.9616738,0.0,yes,266206816,,way,10065,20.1,0.902,533.26,-2023.19
206 East 60th Street,0.989,1043355,22198,,0.9,Midtown East,170.0,6,tag,0,40.7617656,block,-73.9657515,0.0,yes,266217106,,way,10022,13.2,0.935,189.53,-2016.26
110 East 60th Street,0.619,1041901,22210,,13.8,Midtown East,563.6,7,tag,0,40.7630697,district,-73.9688571,0.0,yes,266233366,,way,10022,56.0,0.568,-72.25,-1872.05
129 East 58th Street,0.475,1037167,22215,,29.8,Midtown East,99.1,5,tag,0,40.7619513,block,-73.9690153,0.0,yes,266233412,,way,10022,10.8,0.44,-85.58,-1995.72
116 East 61st Street,0.893,1041947,22270,,5.1,Midtown East,90.9,4,tag,0,40.7636985,block,-73.9682605,0.0,yes,266236197,,way,10065,14.1,0.884,-21.95,-1802.53
123 East 62nd Street,0.989,1042029,22290,,0.9,Turtle Bay / Sutton,82.0,4,tag,0,40.764572,block,-73.9674785,0.0,yes,266236217,,way,10065,12.6,0.945,43.96,-1705.94
125 East 62nd Street,0.988,1042061,22297,,0.9,Turtle Bay / Sutton,82.6,4,tag,0,40.7645514,block,-73.9674293,0.0,yes,266236224,,way,10065,16.9,0.931,48.11,-1708.22
126 East 61st Street,0.989,1041944,22299,,0.9,Midtown East,86.9,4,tag,0,40.7635794,block,-73.9679752,0.0,yes,266236226,,way,10065,14.5,0.934,2.09,-1815.69
127 East 62nd Street,0.941,1042031,22304,,4.5,Turtle Bay / Sutton,87.3,4,tag,0,40.7645301,block,-73.9673785,0.0,yes,266236232,,way,10065,15.8,0.908,52.39,-1710.57
128 East 62nd Street,0.904,1042004,22306,,7.6,Turtle Bay / Sutton,118.7,6,tag,0,40.7641707,block,-73.9675075,0.0,yes,266236234,,way,10065,21.0,0.895,41.51,-1750.31
132 East 62nd Street,0.989,1042002,22318,,0.9,Turtle Bay / Sutton,114.1,4,tag,0,40.764126,block,-73.9673834,0.0,yes,266236246,,way,10065,17.7,0.93,51.98,-1755.25
132 East 64th Street,0.81,1042119,22319,,9.7,Turtle Bay / Sutton,83.9,4,tag,0,40.7653995,block,-73.9664883,0.0,yes,266236247,,way,10065,15.7,0.8,127.42,-1614.44
134 East 64th Street,0.76,1042119,22323,,14.3,Turtle Bay / Sutton,85.5,5,tag,0,40.7653791,block,-73.9664396,0.0,yes,266236251,,way,10065,15.1,0.75,131.53,-1616.69
786 Lexington Avenue,0.989,1042013,22328,,0.9,Midtown East,120.6,4,tag,0,40.7637177,block,-73.9673851,0.0,yes,266236257,,way,10065,15.2,0.932,51.83,-1800.4
794 Lexington Avenue,0.989,1041999,22332,,0.9,Midtown East,124.1,4,tag,0,40.7639148,block,-73.9672621,0.0,yes,266236261,,way,10065,17.6,0.932,62.2,-1778.6
141 East 63rd Street,0.988,1042125,22364,,0.9,Turtle Bay / Sutton,69.2,4,tag,0,40.764712,block,-73.9658485,0.0,yes,266237341,,way,10065,16.7,0.936,181.36,-1690.46
148 East 63rd Street,0.989,1042054,22374,,0.9,Turtle Bay / Sutton,80.0,4,tag,0,40.7643576,block,-73.9659438,0.0,yes,266237370,,way,10065,13.7,0.947,173.33,-1729.64
150 East 63rd Street,0.989,1042068,22378,,0.9,Turtle Bay / Sutton,80.2,4,tag,0,40.7643365,block,-73.9658943,0.0,yes,266237382,,way,10065,13.4,0.933,177.5,-1731.98
155 East 62nd Street,0.989,1042044,22387,,0.9,Midtown East,79.5,8,tag,0,40.7639903,block,-73.9660191,0.0,yes,266237406,,way,10065,12.5,0.938,166.98,-1770.25
157 East 63rd Street,0.895,1042098,22394,,2.4,Turtle Bay / Sutton,108.0,5,tag,0,40.7645469,block,-73.9654691,0.0,yes,266237415,,way,10065,16.7,0.856,213.34,-1708.71
158 East 64th Street,0.988,1042131,22398,,0.9,Turtle Bay / Sutton,122.0,4,tag,0,40.7650714,block,-73.9657739,0.0,yes,266237419,,way,10065,17.8,0.929,187.64,-1650.71
159 East 61st Street,0.989,1041983,22399,,0.9,Midtown East,108.6,4,tag,0,40.7632638,block,-73.9662886,0.0,yes,266237420,,way,10065,17.2,0.929,144.26,-1850.58
159 East 62nd Street,0.989,1042045,22400,,0.9,Midtown East,85.9,6,tag,0,40.7639335,block,-73.9659298,0.0,yes,266237422,,way,10065,18.7,0.936,174.5,-1776.54
165 East 62nd Street,0.885,1042048,22416,,9.3,Midtown East,82.9,4,tag,0,40.7638639,block,-73.9657809,0.0,yes,266237458,,way,10065,13.7,0.849,187.06,-1784.23
170 East 64th Street,0.866,1042110,22423,,7.3,Turtle Bay / Sutton,119.0,5,tag,0,40.7649356,block,-73.9654095,0.0,yes,266237476,,way,10065,17.9,0.84,218.36,-1665.74
176 East 64th Street,0.874,1042107,22427,,3.0,Turtle Bay / Sutton,150.4,5,tag,0,40.7648353,block,-73.9652278,0.0,yes,266237485,,way,10065,17.7,0.846,233.68,-1676.82
789 Lexington Avenue,0.988,1042015,22433,,0.9,Midtown East,133.6,5,tag,0,40.7636136,block,-73.9668447,0.0,yes,266237499,,way,10065,15.7,0.929,97.38,-1811.91
214 East 61st Street,0.989,1043545,22471,,0.9,Midtown East,78.5,4,tag,0,40.7623532,block,-73.9650491,0.0,yes,266238383,,way,10065,13.8,0.943,248.74,-1951.27
216 East 61st Street,0.989,1043535,22472,,0.9,Midtown East,78.5,4,tag,0,40.7623308,block,-73.9649962,0.0,yes,266238384,,way,10065,13.5,0.93,253.2,-1953.75
236 East 61st Street,0.989,1043527,22490,,0.9,Midtown East,93.5,4,tag,0,40.7620676,block,-73.9643711,0.0,yes,266238402,,way,10065,13.7,0.93,305.9,-1982.85
213 East 61st Street,0.989,1043815,22524,,0.9,Midtown East,86.3,4,tag,0,40.7626402,block,-73.9648306,0.0,yes,266244377,,way,10065,16.6,0.936,267.16,-1919.54
215 East 61st Street,0.989,1043784,22527,,0.9,Midtown East,87.3,4,tag,0,40.762617,block,-73.9647753,0.0,yes,266244383,,way,10065,16.3,0.94,271.82,-1922.1
218 East 62nd Street,0.989,1043810,22532,,0.9,Midtown East,106.3,4,tag,0,40.7629025,block,-73.964454,0.0,yes,266244388,,way,10065,16.5,0.934,298.91,-1890.54
224 East 62nd Street,0.988,1043807,22541,,0.9,Midtown East,88.3,4,tag,0,40.7628407,block,-73.9642575,0.0,yes,266244397,,way,10065,13.5,0.932,315.47,-1897.37
227 East 62nd Street,0.989,1043834,22543,,0.9,Midtown East,73.2,6,tag,0,40.7630754,block,-73.9639789,0.0,yes,266244399,,way,10065,14.1,0.945,338.96,-1871.42
228 East 62nd Street,0.989,1043806,22544,,0.9,Midtown East,79.5,4,tag,0,40.7627953,block,-73.9641264,0.0,yes,266244400,,way,10065,13.0,0.929,326.53,-1902.4
229 East 62nd Street,0.988,1043857,22545,,0.9,Midtown East,73.4,6,tag,0,40.763056,block,-73.9639283,0.0,yes,266244401,,way,10065,14.2,0.941,343.22,-1873.57
238 East 62nd Street,0.989,1043802,22558,,0.9,Midtown East,102.2,4,tag,0,40.7626466,block,-73.9638236,0.0,yes,266244415,,way,10065,17.1,0.929,352.05,-1918.84
245 East 61st Street,0.989,1043792,22564,,0.9,Midtown East,85.5,4,tag,0,40.7622669,block,-73.9639446,0.0,yes,266244424,,way,10065,16.4,0.931,341.84,-1960.82
247 East 61st Street,0.989,1043818,22567,,0.9,Midtown East,87.7,5,tag,0,40.7622464,block,-73.9638897,0.0,yes,266244427,,way,10065,16.1,0.943,346.48,-1963.09
249 East 61st Street,0.988,1043793,22570,,0.9,Midtown East,87.6,5,tag,0,40.762224,block,-73.9638362,0.0,yes,266244434,,way,10065,12.6,0.929,350.98,-1965.57
150 East 65th Street,0.989,1042403,22613,,0.9,Turtle Bay / Sutton,97.7,4,tag,0,40.7654173,block,-73.9646107,0.0,yes,266853192,,way,10065,15.0,0.941,285.7,-1612.46
161 East 65th Street,0.989,1042426,22627,,0.9,Turtle Bay / Sutton,74.9,4,tag,0,40.7657165,block,-73.9643633,0.0,yes,266853206,,way,10065,16.2,0.93,306.55,-1579.39
177 East 64th Street,0.989,1042366,22640,,0.9,Turtle Bay / Sutton,75.3,5,tag,0,40.7651194,block,-73.964878,0.0,yes,266853219,,way,10065,17.7,0.93,263.17,-1645.41
179 East 64th Street,0.988,1042400,22641,,0.9,Turtle Bay / Sutton,71.8,4,tag,0,40.7650937,block,-73.9648344,0.0,yes,266853220,,way,10065,14.3,0.93,266.84,-1648.25
181 East 64th Street,0.988,1042367,22642,,0.9,Turtle Bay / Sutton,68.7,4,tag,0,40.7650736,block,-73.964787,0.0,yes,266853221,,way,10065,14.7,0.94,270.84,-1650.48
183 East 64th Street,0.989,1042401,22643,,0.9,Turtle Bay / Sutton,70.3,4,tag,0,40.7650537,block,-73.9647401,0.0,yes,266853222,,way,10065,14.7,0.939,274.79,-1652.67
185 East 64th Street,0.983,1042368,22644,,0.9,Turtle Bay / Sutton,69.4,5,tag,0,40.7650338,block,-73.9646928,0.0,yes,266853223,,way,10065,14.9,0.931,278.78,-1654.87
847 Lexington Avenue,0.989,1042357,22647,,0.9,Turtle Bay / Sutton,126.6,4,tag,0,40.7654652,block,-73.9654991,0.0,yes,266853226,,way,10065,12.9,0.938,210.81,-1607.17
851 Lexington Avenue,0.989,1042356,22649,,0.9,Turtle Bay / Sutton,122.1,5,tag,0,40.7655454,block,-73.9654404,0.0,yes,266853228,,way,10065,12.9,0.932,215.76,-1598.3
853 Lexington Avenue,0.989,1042380,22650,,0.9,Turtle Bay / Sutton,118.8,4,tag,0,40.7655853,block,-73.9654112,0.0,yes,266853229,,way,10065,13.5,0.934,218.22,-1593.9
855 Lexington Avenue,0.988,1042407,22651,,0.9,Turtle Bay / Sutton,120.6,4,tag,0,40.7656249,block,-73.9653821,0.0,yes,266853230,,way,10065,13.3,0.94,220.67,-1589.52
115 East 64th Street,0.905,1042350,22673,,5.2,Turtle Bay / Sutton,119.4,7,tag,0,40.7659292,block,-73.9667483,0.0,yes,266863948,,way,10065,14.1,0.902,105.51,-1555.86
120 East 65th Street,0.866,1042412,22682,,6.4,Turtle Bay / Sutton,124.9,7,tag,0,40.7661207,block,-73.9662874,0.0,yes,266863957,,way,10065,18.6,0.84,144.36,-1534.69
126 East 65th Street,0.879,1042411,22690,,1.6,Turtle Bay / Sutton,92.3,4,tag,0,40.7660556,block,-73.9660801,0.0,yes,266863975,,way,10065,18.5,0.826,161.83,-1541.89
128 East 65th Street,0.921,1042410,22693,,5.3,Turtle Bay / Sutton,100.0,4,tag,0,40.7660286,block,-73.9660163,0.0,yes,266863978,,way,10065,18.1,0.879,167.21,-1544.87
16 East 65th Street,0.922,1041096,22703,,2.5,Turtle Bay / Sutton,145.1,7,tag,0,40.7674148,block,-73.9693914,0.0,yes,266864001,,way,10065,19.3,0.869,-117.29,-1391.59
743 Madison Avenue,0.988,1041108,22754,,0.9,Turtle Bay / Sutton,89.8,4,tag,0,40.7669959,block,-73.9686296,0.0,yes,266864052,,way,10065,17.3,0.943,-53.07,-1437.92
858 Lexington Avenue,0.989,1042408,22761,,0.9,Turtle Bay / Sutton,77.5,4,tag,0,40.7658162,block,-73.9658458,0.0,yes,266864060,,way,10065,17.4,0.939,181.59,-1568.36
862 Lexington Avenue,0.988,1042383,22763,,0.9,Turtle Bay / Sutton,76.9,4,tag,0,40.7658938,block,-73.965789,0.0,yes,266864062,,way,10065,17.2,0.931,186.38,-1559.78
864 Lexington Avenue,0.988,1042409,22764,,0.9,Turtle Bay / Sutton,76.7,4,tag,0,40.7659315,block,-73.9657615,0.0,yes,266864063,,way,10065,17.0,0.949,188.7,-1555.61
872 Lexington Avenue,0.837,1042452,22765,,3.4,Turtle Bay / Sutton,95.6,4,tag,0,40.7662565,block,-73.9655017,0.0,yes,266864064,,way,10065,15.2,0.798,210.59,-1519.68
880 Lexington Avenue,0.989,1042441,22769,,0.9,Turtle Bay / Sutton,136.2,4,tag,0,40.7664622,block,-73.9653929,0.0,yes,266864068,,way,10065,15.3,0.932,219.76,-1496.93
,0.989,1041155,22788,,0.9,Turtle Bay / Sutton,137.4,6,tag,0,40.7674432,block,-73.9674822,0.0,yes,266864087,,way,,19.2,0.93,43.65,-1388.46
316 East 66th Street,0.989,1044737,22827,,0.9,Turtle Bay / Sutton,84.9,4,tag,0,40.7645021,block,-73.9604565,0.0,yes,266864310,,way,10065,14.3,0.934,635.88,-1713.67
,0.289,1091080,22926,,40.2,Midtown East,227.0,4,tag,0,40.7626569,block,-73.9547006,0.0,yes,266867292,,way,,37.3,0.268,1121.06,-1917.69
416 East 71st Street,0.758,1084298,22937,,2.3,Turtle Bay / Sutton,299.7,15,tag,0,40.7665336,block,-73.9556289,0.0,apartments,266867821,,way,10021,21.0,0.75,1042.81,-1489.03
314 East 69th Street,0.989,1044779,23068,,0.9,Turtle Bay / Sutton,73.8,5,tag,0,40.7665045,block,-73.9593505,0.0,yes,266873422,,way,10065,17.3,0.937,729.11,-1492.25
316 East 69th Street,0.989,1044778,23069,,0.9,Turtle Bay / Sutton,75.2,7,tag,0,40.7664821,block,-73.9592991,0.0,yes,266873423,,way,10065,13.6,0.938,733.43,-1494.73
334 East 69th Street,0.989,1044772,23077,,0.9,Turtle Bay / Sutton,71.4,4,tag,0,40.7662822,block,-73.9588253,0.0,yes,266873431,,way,10065,14.7,0.934,773.37,-1516.83
336 East 69th Street,0.988,1044789,23078,,0.9,Turtle Bay / Sutton,69.7,4,tag,0,40.7662602,block,-73.9587732,0.0,yes,266873432,,way,10065,14.0,0.94,777.77,-1519.27
342 East 69th Street,0.988,1044788,23081,,0.9,Turtle Bay / Sutton,79.1,4,tag,0,40.7661865,block,-73.9586192,0.0,yes,266873435,,way,10065,14.3,0.935,790.75,-1527.41
350 East 69th Street,0.989,1044767,23085,,0.9,Turtle Bay / Sutton,69.1,4,tag,0,40.7661037,block,-73.9584053,0.0,yes,266873439,,way,10065,10.0,0.941,808.78,-1536.56
352 East 69th Street,0.989,1044766,23087,,0.9,Turtle Bay / Sutton,68.7,4,tag,0,40.7660814,block,-73.9583523,0.0,yes,266873441,,way,10065,10.0,0.933,813.24,-1539.04
366 East 69th Street,0.988,1044785,23096,,0.9,Turtle Bay / Sutton,69.7,4,tag,0,40.7659265,block,-73.9579838,0.0,yes,266873450,,way,10065,10.0,0.937,844.3,-1556.17
1437 2nd Avenue,0.988,1044050,23268,,0.9,Turtle Bay / Sutton,128.7,4,tag,0,40.7707249,block,-73.9573188,0.0,apartments,266876453,,way,10021,13.4,0.935,900.36,-1025.58
202 East 75th Street,0.795,1044053,23269,,11.6,Turtle Bay / Sutton,112.0,5,tag,0,40.7713525,block,-73.9588764,0.0,yes,266876455,,way,10021,16.6,0.764,769.07,-956.19
234 East 74th Street,0.988,1044005,23322,,0.9,Turtle Bay / Sutton,88.2,5,tag,0,40.7703568,block,-73.9584315,0.0,terrace,266877373,,way,10021,15.6,0.931,806.57,-1066.29
246 East 74th Street,0.989,1044001,23330,,0.9,Turtle Bay / Sutton,96.8,6,tag,0,40.7702123,block,-73.958122,0.0,yes,266877389,,way,10021,16.5,0.939,832.66,-1082.27
252 East 74th Street,0.989,1044015,23333,,0.9,Turtle Bay / Sutton,89.8,4,tag,0,40.7701612,block,-73.9579535,0.0,yes,266877395,,way,10021,16.5,0.942,846.86,-1087.91
254 East 74th Street,0.989,1044014,23334,,0.9,Turtle Bay / Sutton,89.2,5,tag,0,40.7701394,block,-73.9579017,0.0,apartments,266877397,,way,10021,16.2,0.929,851.23,-1090.33
210 East 72nd Street,0.986,1043954,23368,,0.8,Turtle Bay / Sutton,106.4,5,tag,0,40.7692743,block,-73.9601034,0.0,yes,266877890,,way,10021,13.1,0.941,665.64,-1185.98
214 East 72nd Street,0.986,1043952,23372,,0.8,Turtle Bay / Sutton,99.3,4,tag,0,40.7692357,block,-73.9599839,0.0,yes,266877894,,way,10021,13.4,0.937,675.71,-1190.25
219 East 71st Street,0.67,1043938,23375,,19.7,Turtle Bay / Sutton,155.9,4,tag,0,40.7687998,block,-73.9599356,0.0,yes,266877897,,way,10021,29.3,0.668,679.79,-1238.45
236 East 72nd Street,0.974,1043960,23379,,1.2,Turtle Bay / Sutton,91.1,5,tag,0,40.7689749,block,-73.9593721,0.0,yes,266877901,,way,10021,13.2,0.93,727.28,-1219.09
238 East 72nd Street,0.974,1043950,23380,,1.2,Turtle Bay / Sutton,91.9,5,tag,0,40.7689532,block,-73.9593204,0.0,yes,266877902,,way,10021,13.5,0.936,731.64,-1221.49
255 East 71st Street,0.722,1043957,23390,,12.1,Turtle Bay / Sutton,175.2,5,tag,0,40.7685307,block,-73.9592219,0.0,yes,266877916,,way,10021,17.5,0.709,739.94,-1268.21
1345 2nd Avenue,0.222,1072227,23396,,36.6,Turtle Bay / Sutton,136.9,4,tag,0,40.7680613,block,-73.9592322,0.0,yes,266877953,,way,10021,18.2,0.203,739.08,-1320.11
242 East 71st Street,0.391,1043929,23402,,23.1,Turtle Bay / Sutton,208.2,7,tag,0,40.7681287,block,-73.9594139,0.0,apartments,266877959,,way,10021,19.1,0.353,723.76,-1312.65
,0.692,1043908,23423,,3.3,Turtle Bay / Sutton,386.8,4,tag,0,40.7671223,block,-73.9599596,0.0,service,266878039,,way,,16.9,0.689,677.76,-1423.94
234 East 68th Street,0.988,1043891,23444,,0.9,Turtle Bay / Sutton,82.6,4,tag,0,40.7665368,block,-73.9613833,0.0,yes,266878928,,way,10065,13.6,0.933,557.75,-1488.69
244 East 68th Street,0.989,1043887,23449,,0.9,Turtle Bay / Sutton,74.4,4,tag,0,40.7664155,block,-73.9611022,0.0,yes,266878933,,way,10065,13.5,0.938,581.44,-1502.09
246 East 68th Street,0.989,1043898,23450,,0.9,Turtle Bay / Sutton,75.3,4,tag,0,40.7663933,block,-73.961049,0.0,yes,266878934,,way,10065,13.7,0.934,585.93,-1504.55
228 East 67th Street,0.988,1085170,23475,,0.9,Turtle Bay / Sutton,112.2,4,tag,0,40.7658373,block,-73.9617066,0.0,yes,266879130,,way,10065,19.3,0.929,530.49,-1566.03
230 East 67th Street,0.989,1085171,23476,,0.9,Turtle Bay / Sutton,109.9,4,tag,0,40.7658131,block,-73.961649,0.0,yes,266879132,,way,10065,19.1,0.936,535.35,-1568.7
232 East 67th Street,0.989,1085172,23477,,0.9,Turtle Bay / Sutton,109.0,4,tag,0,40.7657892,block,-73.9615921,0.0,yes,266879133,,way,10065,19.2,0.935,540.14,-1571.34
236 East 67th Street,0.988,1085174,23479,,0.9,Turtle Bay / Sutton,111.1,4,tag,0,40.7657417,block,-73.9614791,0.0,yes,266879135,,way,10065,19.2,0.935,549.68,-1576.6
238 East 67th Street,0.988,1085175,23480,,0.9,Turtle Bay / Sutton,110.2,4,tag,0,40.7657175,block,-73.9614216,0.0,yes,266879136,,way,10065,19.2,0.936,554.52,-1579.27
160 East 70th Street,0.989,1042526,23499,,0.9,Turtle Bay / Sutton,119.4,6,tag,0,40.7686905,block,-73.9626928,0.0,yes,266879268,,way,10021,17.6,0.933,447.36,-1250.53
151 East 71st Street,0.988,1042808,23528,,0.9,Turtle Bay / Sutton,69.5,5,tag,0,40.7697998,block,-73.9623993,0.0,yes,266879664,,way,10021,14.0,0.937,472.1,-1127.87
153 East 71st Street,0.988,1042833,23531,,0.9,Turtle Bay / Sutton,67.5,4,tag,0,40.7697941,block,-73.9623494,0.0,yes,266879667,,way,10021,14.7,0.93,476.31,-1128.5
164 East 71st Street,0.988,1042743,23548,,0.9,Turtle Bay / Sutton,74.2,6,tag,0,40.7692187,block,-73.9619928,0.0,yes,266879686,,way,10021,17.4,0.943,506.37,-1192.13
166 East 71st Street,0.989,1042764,23552,,0.9,Turtle Bay / Sutton,77.4,6,tag,0,40.7692014,block,-73.9619556,0.0,yes,266879690,,way,10021,17.1,0.929,509.5,-1194.05
967 Lexington Avenue,0.988,1042727,23576,,0.9,Turtle Bay / Sutton,139.5,4,tag,0,40.769206,block,-73.962784,0.0,yes,266879714,,way,10021,6.8,0.933,439.68,-1193.54
,0.989,1042809,23587,,0.9,Turtle Bay / Sutton,108.7,4,tag,0,40.7697819,block,-73.9622891,0.0,yes,266879725,,way,,18.3,0.93,481.4,-1129.86
,0.883,1042765,23589,,5.4,Turtle Bay / Sutton,91.2,5,tag,0,40.7692569,block,-73.9620264,0.0,apartments,266879727,,way,,17.2,0.881,503.54,-1187.91
152 East 74th Street,0.989,1043054,23602,,0.9,Turtle Bay / Sutton,88.5,5,tag,0,40.7714422,block,-73.9609597,0.0,yes,266879868,,way,10021,11.9,0.932,593.45,-946.27
,0.961,1043100,23641,,1.2,Upper East Side,81.5,8,tag,0,40.772196,block,-73.9606516,0.0,yes,266879935,3,way,,12.3,0.912,619.43,-862.92
787 Madison Avenue,0.988,1041198,23719,,0.9,Turtle Bay / Sutton,142.2,4,tag,0,40.7682986,block,-73.9676552,0.0,yes,266886523,,way,10065,16.6,0.928,29.06,-1293.87
126 East 70th Street,0.939,1042513,23774,,1.5,Turtle Bay / Sutton,170.6,5,tag,0,40.7691207,block,-73.9637612,0.0,yes,266887400,,way,10021,14.3,0.911,357.31,-1202.97
1020 Lexington Avenue,0.989,1042876,23865,,0.9,Turtle Bay / Sutton,129.3,5,tag,0,40.7710739,block,-73.9620501,0.0,yes,266887735,,way,10021,13.6,0.939,501.54,-986.99
114 East 73rd Street,0.989,1042879,23876,,0.9,Turtle Bay / Sutton,103.8,6,tag,0,40.7713443,block,-73.9628159,0.0,yes,266887746,,way,10021,16.7,0.937,436.99,-957.09
118 East 73rd Street,0.989,1042869,23882,,0.9,Turtle Bay / Sutton,114.0,6,tag,0,40.7712981,block,-73.9627116,0.0,yes,266887752,,way,10021,16.4,0.934,445.78,-962.2
120 East 71st Street,0.988,1042757,23883,,0.9,Turtle Bay / Sutton,120.5,5,tag,0,40.7698815,block,-73.9635697,0.0,yes,266887753,,way,10021,16.1,0.938,373.45,-1118.84
136 East 71st Street,0.973,1042768,23911,,0.6,Turtle Bay / Sutton,85.0,6,tag,0,40.7696997,block,-73.9631065,0.0,yes,266887781,,way,10021,16.4,0.932,412.49,-1138.94
903 Madison Avenue,0.786,1041489,23929,,17.2,Upper East Side,111.5,5,tag,0,40.7720811,block,-73.9649372,0.0,yes,266887820,,way,10021,16.6,0.74,258.17,-875.62
,0.896,1042862,23941,,2.6,Turtle Bay / Sutton,114.2,4,tag,0,40.7711074,block,-73.9619966,0.0,yes,266887853,,way,,14.0,0.881,506.05,-983.29
,0.989,1042871,23943,,0.9,Turtle Bay / Sutton,104.4,6,tag,0,40.7713669,block,-73.9628658,0.0,school,266887855,,way,,16.5,0.944,432.78,-954.6
7 East 72nd Street,0.586,1041453,23999,,8.9,Upper East Side,246.3,5,tag,0,40.7723903,block,-73.9661246,0.0,yes,266894267,,way,10021,28.5,0.543,158.08,-841.44
111 East 73rd Street,0.821,1043028,24028,,7.7,Turtle Bay / Sutton,151.8,4,tag,0,40.771636,block,-73.9624484,0.0,yes,266894414,,way,10021,18.7,0.792,467.97,-924.84
,0.684,1088752,24074,,4.7,Upper East Side,88.7,4,tag,0,40.7732255,block,-73.9613173,0.0,yes,266894473,,way,,13.7,0.665,563.32,-749.08
47 East 74th Street,0.989,1041654,24119,,0.9,Upper East Side,145.4,8,tag,0,40.7729158,block,-73.9634706,0.0,yes,266894736,,way,10021,17.7,0.931,381.8,-783.33
51 East 74th Street,0.988,1041656,24126,,1.0,Upper East Side,144.8,9,tag,0,40.7728721,block,-73.9633369,0.0,yes,266894743,,way,10021,17.5,0.933,393.07,-788.16
55 East 73rd Street,0.989,1041501,24129,,0.9,Upper East Side,110.4,6,tag,0,40.7722282,block,-73.963838,0.0,house,266894746,,way,10021,17.2,0.931,350.84,-859.36
924 Madison Avenue,0.793,1041528,24140,,4.7,Upper East Side,111.0,4,tag,0,40.7728522,block,-73.9649519,0.0,yes,266894758,,way,10021,21.0,0.763,256.94,-790.36
935 Madison Avenue,0.54,1041531,24147,,25.8,Upper East Side,246.5,5,tag,0,40.7731064,block,-73.9641455,0.0,yes,266894765,,way,10021,15.5,0.507,324.91,-762.25
,0.569,1041650,24160,,10.3,Upper East Side,398.0,13,tag,0,40.7730972,block,-73.9639019,0.0,yes,266894779,,way,,24.6,0.544,345.45,-763.27
,0.553,1090474,24162,,26.0,Upper East Side,267.6,6,tag,0,40.7724571,block,-73.9643198,0.0,house,266894781,,way,,34.5,0.55,310.22,-834.05
108 East 78th Street,0.898,1043220,24174,,6.2,Upper East Side,88.2,4,tag,0,40.7745459,block,-73.9605003,0.0,yes,266898215,,way,10075,15.1,0.895,632.18,-603.08
128 East 78th Street,0.789,1076305,24190,,4.5,Upper East Side,111.4,4,tag,0,40.7742987,block,-73.9599411,0.0,yes,266898231,,way,10075,19.6,0.745,679.32,-630.42
11 East 75th Street,0.775,1041689,24250,,10.2,Upper East Side,171.6,13,tag,0,40.7741755,block,-73.9645095,0.0,yes,266898928,,way,10021,19.0,0.741,294.23,-644.04
123 East 78th Street,0.988,1043236,24264,,0.9,Upper East Side,86.6,4,tag,0,40.7746234,block,-73.9597427,0.0,yes,266898942,,way,10075,13.6,0.934,696.04,-594.51
1105 Lexington Avenue,0.887,1085162,24375,,5.8,Upper East Side,99.3,5,tag,0,40.7737239,block,-73.9595,0.0,apartments,266899735,6,way,10075,13.0,0.847,716.5,-693.97
1107 Lexington Avenue,0.841,1085162,24376,,9.7,Upper East Side,98.9,6,tag,0,40.7737676,block,-73.9594847,0.0,apartments,266899738,6,way,10075,13.1,0.81,717.79,-689.14
1111 Lexington Avenue,0.988,1043193,24378,,0.9,Upper East Side,77.6,5,tag,0,40.7738569,block,-73.9594444,0.0,apartments,266899740,4,way,10075,13.2,0.93,721.18,-679.27
162 East 78th Street,0.825,1043224,24385,,12.1,Upper East Side,125.0,5,tag,0,40.7738534,block,-73.9588826,0.0,yes,266899755,,way,10075,15.8,0.825,768.54,-679.65
149 East 78th Street,0.722,1043239,24410,,12.2,Upper East Side,171.4,7,tag,0,40.7742987,block,-73.9589983,0.0,yes,266899921,,way,10075,17.5,0.719,758.79,-630.41
152 East 79th Street,0.885,1043256,24413,,1.6,Upper East Side,85.6,5,tag,0,40.7746668,block,-73.95878,0.0,yes,266899924,4,way,10075,14.4,0.873,777.19,-589.71
153 East 78th Street,0.849,1043242,24414,,8.1,Upper East Side,76.2,6,tag,0,40.7742916,block,-73.9589131,0.0,yes,266899925,,way,10075,13.1,0.81,765.97,-631.2
154 East 79th Street,0.817,1043255,24415,,2.8,Upper East Side,82.7,5,tag,0,40.7746523,block,-73.9587151,0.0,yes,266899926,4,way,10075,14.2,0.81,782.67,-591.32
155 East 78th Street,0.824,1043242,24416,,4.1,Upper East Side,62.2,5,tag,0,40.7742638,block,-73.9588807,0.0,yes,266899927,,way,10075,12.7,0.78,768.7,-634.27
233 East 78th Street,0.989,1044168,24435,,0.9,Upper East Side,66.6,4,tag,0,40.7732636,block,-73.9565458,0.0,yes,266899948,,way,10075,10.3,0.954,965.52,-744.87
,0.822,1044186,24453,,3.0,Upper East Side,97.3,5,tag,0,40.7732745,block,-73.9564813,0.0,yes,266899966,,way,,12.8,0.815,970.95,-743.67
,0.783,1044175,24457,,11.2,Upper East Side,246.9,5,tag,0,40.7730492,block,-73.9558709,0.0,yes,266899970,,way,,11.2,0.76,1022.41,-768.58
214 East 78th Street,0.988,1044126,24474,,0.9,Upper East Side,70.2,4,tag,0,40.7731694,block,-73.9572213,0.0,yes,266900468,,way,10075,12.4,0.941,908.58,-755.28
216 East 78th Street,0.988,1044132,24478,,0.9,Upper East Side,68.2,4,tag,0,40.7731508,block,-73.957177,0.0,yes,266900472,,way,10075,12.3,0.937,912.32,-757.34
248 East 78th Street,0.896,1044118,24506,,1.2,Upper East Side,84.9,4,tag,0,40.7728592,block,-73.9564698,0.0,yes,266900501,,way,10075,12.7,0.853,971.93,-789.59
262 East 78th Street,0.989,1044131,24514,,0.9,Upper East Side,77.0,4,tag,0,40.77271,block,-73.9561164,0.0,yes,266900510,,way,10075,12.9,0.934,1001.72,-806.08
415 East 78th Street,0.898,1046020,24566,,2.5,Turtle Bay / Sutton,139.7,4,tag,0,40.7713941,block,-73.9521097,0.0,yes,266900665,,way,10075,14.4,0.895,1339.45,-951.58
1482 1st Avenue,0.745,1045978,24591,,8.2,Turtle Bay / Sutton,157.6,8,tag,0,40.7710779,block,-73.9532615,0.0,yes,266900756,,way,10075,14.3,0.705,1242.37,-986.56
1484 1st Avenue,0.613,1046005,24592,Wright Center On Aging,30.3,Turtle Bay / Sutton,401.5,9,tag,0,40.7711542,block,-73.9531639,0.0,yes,266900758,,way,10075,9.8,0.59,1250.6,-978.11
,0.58,1072688,24645,,14.6,Turtle Bay / Sutton,62.4,4,tag,0,40.7708255,block,-73.9523252,0.0,yes,266900823,,way,,6.7,0.533,1321.29,-1014.46
1480 2nd Avenue,0.603,1045199,24658,,15.3,Turtle Bay / Sutton,79.8,6,tag,0,40.7719764,district,-73.9556106,0.0,yes,266901296,,way,10075,49.2,0.572,1044.35,-887.2
1486 2nd Avenue,0.871,1045200,24663,,2.2,Upper East Side,119.7,5,tag,0,40.7721686,block,-73.9555843,0.0,yes,266901301,,way,10075,15.0,0.835,1046.57,-865.95
1490 2nd Avenue,0.887,1045229,24665,,5.7,Upper East Side,107.1,5,tag,0,40.7722758,block,-73.9555225,0.0,yes,266901304,,way,10075,14.7,0.852,1051.78,-854.09
301 East 77th Street,0.622,1045199,24668,,15.2,Upper East Side,85.6,4,tag,0,40.7720261,district,-73.955733,0.0,yes,266901308,,way,10075,55.8,0.617,1034.03,-881.7
502 East 81st Street,0.376,1078713,24766,,39.2,Upper East Side,101.4,5,tag,0,40.7724026,block,-73.9491346,0.0,retail,266902380,,way,10028,21.3,0.375,1590.24,-840.08
1525 York Avenue,0.989,1050384,24782,,0.9,Upper East Side,109.3,5,tag,0,40.7726056,block,-73.9498976,0.0,apartments,266903181,4,way,10075,10.3,0.938,1525.92,-817.63
520 East 82nd Street,0.989,1051155,24821,,0.9,Upper East Side,106.2,4,tag,0,40.7727138,block,-73.9480197,0.0,apartments,266903366,,way,10028,15.1,0.933,1684.23,-805.67
540 East 83rd Street,0.405,1089903,24884,,13.9,Upper East Side,37.9,4,tag,0,40.773063,block,-73.9467077,0.0,yes,266903659,,way,10028,5.2,0.378,1794.81,-767.05
422 East 84th Street,0.989,1050484,25033,,0.9,Upper East Side,66.5,4,tag,0,40.7750543,block,-73.9495625,0.0,yes,266904295,,way,10028,9.7,0.933,1554.17,-546.87
428 East 84th Street,0.988,1050483,25038,,0.9,Upper East Side,73.5,4,tag,0,40.7749807,block,-73.9494138,0.0,yes,266904300,,way,10028,10.3,0.943,1566.7,-555.0
430 East 84th Street,0.988,1050473,25040,,0.9,Upper East Side,73.2,4,tag,0,40.7749587,block,-73.9493617,0.0,yes,266904303,,way,10028,10.6,0.93,1571.1,-557.44
427 East 84th Street,0.988,1050489,25081,,0.9,Upper East Side,71.8,4,tag,0,40.7752275,block,-73.9491003,0.0,yes,266904459,,way,10028,12.9,0.947,1593.13,-527.72
429 East 84th Street,0.988,1050522,25083,,0.9,Upper East Side,71.9,4,tag,0,40.7752067,block,-73.9490507,0.0,yes,266904461,,way,10028,12.5,0.947,1597.31,-530.02
431 East 84th Street,0.989,1050490,25085,,0.9,Upper East Side,71.9,4,tag,0,40.7751858,block,-73.9490012,0.0,yes,266904463,,way,10028,12.8,0.947,1601.49,-532.33
433 East 84th Street,0.989,1050491,25087,,0.9,Upper East Side,71.9,4,tag,0,40.7751648,block,-73.9489516,0.0,yes,266904465,,way,10028,12.8,0.934,1605.66,-534.64
441 East 84th Street,0.988,1050494,25092,,0.9,Upper East Side,78.3,4,tag,0,40.7750618,block,-73.9487227,0.0,yes,266904470,,way,10028,13.2,0.936,1624.96,-546.04
443 East 84th Street,0.989,1050495,25093,,0.9,Upper East Side,78.5,4,tag,0,40.7750369,block,-73.9486636,0.0,yes,266904471,,way,10028,13.2,0.932,1629.94,-548.79
12 Henderson Place,0.989,1051291,25148,,0.9,Upper East Side,55.5,4,tag,0,40.7754529,block,-73.9448976,0.0,yes,266904938,,way,10028,11.6,0.938,1947.39,-502.79
14 Henderson Place,0.989,1051292,25149,,0.9,Upper East Side,54.2,4,tag,0,40.7754947,block,-73.9448671,0.0,yes,266904939,,way,10028,12.0,0.933,1949.97,-498.17
511 East 86th Street,0.781,1051258,25169,,17.5,Upper East Side,145.7,5,tag,0,40.775956,block,-73.9465347,0.0,yes,266904961,,way,10128,16.0,0.771,1809.4,-447.16
513 East 86th Street,0.633,1051258,25171,,24.9,Upper East Side,171.4,9,tag,0,40.7759193,block,-73.9464524,0.0,yes,266904963,,way,10128,15.2,0.611,1816.34,-451.22
514 East 87th Street,0.988,1051282,25172,,0.9,Upper East Side,71.7,4,tag,0,40.7761208,block,-73.9458845,0.0,yes,266904964,,way,10128,16.6,0.935,1864.21,-428.94
515 East 86th Street,0.581,1051259,25173,,33.9,Upper East Side,115.1,5,tag,0,40.7758758,block,-73.9463791,0.0,yes,266904965,,way,10128,15.6,0.552,1822.52,-456.03
528 East 87th Street,0.989,1051277,25182,,0.9,Upper East Side,74.8,4,tag,0,40.7759548,block,-73.945498,0.0,yes,266904974,,way,10128,13.3,0.931,1896.78,-447.29
530 East 87th Street,0.989,1051276,25183,,0.9,Upper East Side,73.7,4,tag,0,40.7759304,block,-73.9454401,0.0,yes,266904975,,way,10128,13.0,0.935,1901.67,-449.99
532 East 87th Street,0.988,1051306,25184,,0.9,Upper East Side,74.2,4,tag,0,40.7759061,block,-73.9453824,0.0,yes,266904976,,way,10128,13.6,0.935,1906.53,-452.68
552 East 87th Street,0.988,1051303,25193,,0.9,Upper East Side,57.8,4,tag,0,40.7756575,block,-73.9447905,0.0,yes,266904985,,way,10028,10.4,0.942,1956.42,-480.16
554 East 87th Street,0.988,1051302,25195,,0.9,Upper East Side,57.7,4,tag,0,40.7756348,block,-73.9447366,0.0,yes,266904987,,way,10028,10.7,0.929,1960.97,-482.68
1626 York Avenue,0.605,1051236,25209,,16.1,Upper East Side,76.8,4,tag,0,40.7755654,block,-73.9470755,0.0,yes,266905040,,way,10028,13.0,0.549,1763.81,-490.35
1628 York Avenue,0.567,1051254,25210,,3.1,Upper East Side,73.6,4,tag,0,40.7756065,block,-73.9470454,0.0,yes,266905041,,way,10028,12.8,0.531,1766.35,-485.81
1630 York Avenue,0.521,1051254,25211,,7.1,Upper East Side,75.4,4,tag,0,40.7756472,block,-73.9470156,0.0,yes,266905042,,way,10028,13.0,0.474,1768.86,-481.31
,0.459,1051254,25227,,11.9,Upper East Side,72.3,4,tag,0,40.7756875,block,-73.946986,0.0,yes,266905063,,way,,13.3,0.401,1771.35,-476.85
506 East 89th Street,0.988,1051360,25311,,0.9,Upper East Side,82.0,4,tag,0,40.7774789,block,-73.945254,0.0,yes,266905432,,way,10128,10.2,0.93,1917.35,-278.77
520 East 89th Street,0.989,1051355,25320,,0.9,Upper East Side,80.2,4,tag,0,40.7773041,block,-73.9448396,0.0,yes,266905452,,way,10128,10.5,0.937,1952.28,-298.09
,0.989,1049833,25468,,0.9,Upper East Side,97.6,5,tag,0,40.774283,block,-73.9537135,0.0,apartments,266909147,,way,,13.5,0.938,1204.27,-632.15
1555 2nd Avenue,0.988,1048550,25487,,0.9,Upper East Side,136.3,4,tag,0,40.7745862,block,-73.954513,0.0,yes,266909345,,way,10028,14.3,0.934,1136.87,-598.62
1557 2nd Avenue,0.989,1048535,25488,,0.9,Upper East Side,135.8,4,tag,0,40.7746308,block,-73.9544805,0.0,yes,266909346,,way,10028,14.2,0.939,1139.61,-593.69
222 REAR-A East 81st Street,0.627,1077056,25492,,7.7,Upper East Side,65.9,4,tag,0,40.7749304,block,-73.9554094,0.0,yes,266909350,,way,10028,4.0,0.587,1061.32,-560.57
222 REAR-B East 81st Street,0.519,1077056,25493,,16.1,Upper East Side,63.6,5,tag,0,40.7748641,block,-73.9554576,0.0,yes,266909351,,way,10028,7.8,0.498,1057.25,-567.89
,0.811,1048535,25513,,7.0,Upper East Side,104.9,4,tag,0,40.7746613,block,-73.9544037,0.0,yes,266909385,,way,,14.0,0.793,1146.08,-590.33
1566 2nd Avenue,0.78,1049868,25517,,16.4,Upper East Side,143.0,8,tag,0,40.7747737,block,-73.9536732,0.0,yes,266909572,,way,10028,24.6,0.76,1207.66,-577.89
1572 2nd Avenue,0.912,1049868,25521,,6.9,Upper East Side,148.4,8,tag,0,40.7749546,block,-73.9535332,0.0,yes,266909584,,way,10028,15.4,0.886,1219.47,-557.89
1588 2nd Avenue,0.854,1049873,25528,,5.7,Upper East Side,162.9,5,tag,0,40.7753828,block,-73.9532054,0.0,yes,266909605,,way,10028,14.6,0.839,1247.1,-510.54
325 East 82nd Street,0.988,1049878,25561,,0.9,Upper East Side,90.0,4,tag,0,40.7749978,block,-73.9524631,0.0,apartments,266909730,,way,10028,13.3,0.93,1309.67,-553.12
327 East 82nd Street,0.989,1049915,25563,,0.9,Upper East Side,92.0,4,tag,0,40.7749742,block,-73.9524071,0.0,apartments,266909741,,way,10028,13.1,0.937,1314.39,-555.73
335 East 82nd Street,0.721,1049879,25573,,16.9,Upper East Side,77.5,4,tag,0,40.7748723,block,-73.952186,0.0,yes,266909771,,way,10028,13.2,0.714,1333.03,-566.98
,0.713,1049838,25592,,17.1,Upper East Side,192.9,5,tag,0,40.7746408,block,-73.9537474,0.0,yes,266909806,,way,,14.1,0.685,1201.41,-592.59
1591 2nd Avenue,0.686,1048658,25605,,15.2,Upper East Side,252.3,4,tag,0,40.77577,block,-73.9536901,0.0,yes,266910029,,way,10028,15.3,0.677,1206.24,-467.72
201B East 82nd Street,0.989,1048683,25606,,0.9,Upper East Side,82.8,5,tag,0,40.776204,block,-73.9553714,0.0,yes,266910032,,way,10028,14.5,0.929,1064.52,-419.74
348 East 84th Street,0.931,1049933,25703,,5.6,Upper East Side,76.4,4,tag,0,40.7756702,block,-73.9509945,0.0,yes,266910270,,way,10028,12.9,0.888,1433.46,-478.76
1477 3rd Avenue,0.518,1048692,25745,,14.4,Upper East Side,212.6,4,tag,0,40.7770243,block,-73.9548865,0.0,yes,266910467,,way,10028,10.2,0.459,1105.39,-329.03
,0.608,1073219,25816,,17.5,Upper East Side,56.8,6,tag,0,40.7768521,block,-73.9545103,0.0,yes,266910542,,way,,8.9,0.567,1137.11,-348.08
226 East 86th Street,0.547,1076326,25837,,21.2,Upper East Side,232.3,5,tag,0,40.7780937,block,-73.9530142,0.0,yes,266910955,,way,10028,34.9,0.518,1263.21,-210.79
316 East 86th Street,0.697,1083414,25845,,0.7,Upper East Side,396.5,14,tag,0,40.7772983,block,-73.9510285,0.0,yes,266910968,,way,10028,16.7,0.638,1430.59,-298.74
343 East 85th Street,0.841,1078632,25861,,8.0,Upper East Side,166.7,9,tag,0,40.776686,block,-73.950503,0.0,yes,266910986,,way,10028,24.0,0.823,1474.89,-366.44
352 East 87th Street,0.85,1050036,25887,,8.0,Upper East Side,130.0,5,tag,0,40.7776328,block,-73.9494956,0.0,yes,266911068,,way,10028,15.2,0.815,1559.82,-261.75
1612 3rd Avenue,0.604,1048262,26204,,29.4,Upper East Side,198.9,11,tag,0,40.781791,district,-73.9521649,0.0,yes,266915961,,way,10128,103.7,0.595,1334.81,198.04
1381 Lexington Avenue,0.445,1048310,26223,,21.7,Upper East Side,1005.4,5,tag,0,40.7827494,block,-73.9528259,0.0,yes,266916488,,way,10128,41.5,0.411,1279.08,304.01
1626 3rd Avenue,0.763,1078535,26229,,16.1,Upper East Side,138.4,4,tag,0,40.7823351,block,-73.9517472,0.0,yes,266916494,,way,10128,16.9,0.715,1370.01,258.21
1768 2nd Avenue,0.907,1090539,26240,,1.3,Upper East Side,188.3,8,tag,0,40.7817309,block,-73.948543,0.0,yes,266916540,,way,10128,16.9,0.886,1640.11,191.4
,0.961,1090785,26262,,0.9,Upper East Side,149.3,10,zone_model,0,40.7816125,block,-73.94731,0.0,yes,266916562,,way,,19.5,0.915,1744.05,178.3
158 East 93rd Street,0.989,1048380,26313,,0.9,Upper East Side,70.1,4,tag,0,40.7836172,block,-73.9520283,0.0,yes,266917384,,way,10128,14.7,0.938,1346.32,399.97
1658 3rd Avenue,0.684,1048354,26321,,15.6,Upper East Side,120.8,4,tag,0,40.7831996,block,-73.9511004,0.0,yes,266917414,,way,10128,17.1,0.666,1424.54,353.79
172 East 93rd Street,0.989,1048378,26326,,0.9,Upper East Side,79.8,4,tag,0,40.7834515,block,-73.9516347,0.0,yes,266917430,,way,10128,13.8,0.93,1379.49,381.65
,0.612,1078545,26335,,6.6,Upper East Side,125.9,4,tag,0,40.7832602,block,-73.9510557,0.0,yes,266917462,,way,,16.9,0.608,1428.31,360.5
,0.708,1090758,26341,,0.4,Upper East Side,225.5,4,tag,0,40.7830781,block,-73.9487884,0.0,yes,266917832,,way,,9.9,0.65,1619.43,340.36
,0.599,1083287,26342,,22.5,Upper East Side,454.7,4,tag,0,40.7827615,block,-73.9491304,0.0,yes,266917834,,way,,9.0,0.592,1590.6,305.35
,0.87,1048394,26361,,8.2,Upper East Side,188.6,4,tag,0,40.7834825,block,-73.9509481,0.0,yes,266918468,,way,,17.3,0.857,1437.37,385.08
,0.446,1078675,26432,,15.8,Upper East Side,28.4,4,tag,0,40.783036,block,-73.9453964,0.0,yes,266919118,,way,,3.0,0.413,1905.35,335.7
1455 Lexington Avenue,0.989,1048465,26445,,0.9,Upper East Side,82.6,4,tag,0,40.7847047,block,-73.951513,0.0,yes,266919615,,way,10128,14.1,0.936,1389.76,520.22
1457 Lexington Avenue,0.989,1048420,26446,,0.9,Upper East Side,81.5,4,tag,0,40.7847471,block,-73.9514819,0.0,yes,266919616,,way,10128,14.2,0.937,1392.38,524.91
160 East 95th Street,0.989,1048441,26451,,0.9,Upper East Side,86.0,4,tag,0,40.7848357,block,-73.9510258,0.0,yes,266919625,,way,10128,13.9,0.934,1430.82,534.7
168 East 95th Street,0.989,1048438,26460,,0.9,Upper East Side,82.8,4,tag,0,40.7847363,block,-73.9507887,0.0,yes,266919642,,way,10128,13.9,0.937,1450.81,523.71
,0.847,1051777,26588,,8.3,Yorkville / Carnegie Hill,129.7,6,tag,0,40.7878746,block,-73.948252,0.0,yes,266924347,,way,,7.4,0.835,1664.64,870.73
1261 Park Avenue,0.939,1051722,26604,,1.2,Yorkville / Carnegie Hill,169.8,14,tag,0,40.7873642,block,-73.9515005,0.0,yes,266924649,,way,10029,21.5,0.897,1390.81,814.29
121 East 95th Street,0.989,1048505,26617,,0.9,Yorkville / Carnegie Hill,75.8,4,tag,0,40.7856842,block,-73.952142,0.0,yes,266924946,,way,10128,14.3,0.93,1336.74,628.52
125 East 95th Street,0.988,1048484,26619,,0.9,Yorkville / Carnegie Hill,85.1,5,tag,0,40.7856476,block,-73.9520356,0.0,yes,266924948,,way,10128,16.5,0.931,1345.7,624.47
135 East 95th Street,0.988,1048487,26628,,0.9,Yorkville / Carnegie Hill,81.8,4,tag,0,40.7855279,block,-73.9517693,0.0,yes,266924958,,way,10128,14.0,0.935,1368.15,611.25
112 East 95th Street,0.989,1048477,26639,,0.9,Yorkville / Carnegie Hill,75.3,4,tag,0,40.7855289,block,-73.9526923,0.0,yes,266925068,,way,10128,14.2,0.934,1290.34,611.36
120 East 95th Street,0.989,1048455,26643,,0.9,Yorkville / Carnegie Hill,101.1,6,tag,0,40.7854289,block,-73.9524599,0.0,yes,266925072,,way,10128,13.7,0.931,1309.94,600.3
131 East 94th Street,0.989,1048463,26660,,0.9,Upper East Side,75.2,4,tag,0,40.7849409,block,-73.9523384,0.0,yes,266925089,,way,10128,14.0,0.933,1320.18,546.34
132 East 95th Street,0.989,1048451,26661,,0.9,Yorkville / Carnegie Hill,85.5,4,tag,0,40.7852857,block,-73.9521039,0.0,yes,266925090,,way,10128,13.4,0.935,1339.95,584.47
133 East 94th Street,0.989,1048417,26662,,0.9,Upper East Side,73.4,4,tag,0,40.7849187,block,-73.9522853,0.0,yes,266925091,,way,10128,14.0,0.933,1324.65,543.88
1464 Lexington Avenue,0.989,1048472,26674,,0.9,Yorkville / Carnegie Hill,132.1,5,tag,0,40.7850664,block,-73.9518384,0.0,yes,266925103,,way,10128,13.5,0.931,1362.33,560.21
121 East 92nd Street,0.988,1048337,26685,,0.9,Upper East Side,62.0,5,tag,0,40.7837053,block,-73.9532842,0.0,yes,266925401,,way,10128,12.7,0.95,1240.45,409.7
122 East 93rd Street,0.989,1048383,26686,,0.9,Upper East Side,64.5,5,tag,0,40.7840859,block,-73.9531334,0.0,yes,266925402,,way,10128,14.4,0.933,1253.16,451.79
123 East 92nd Street,0.989,1048373,26687,,0.9,Upper East Side,63.3,4,tag,0,40.7836825,block,-73.9532479,0.0,yes,266925403,,way,10128,12.1,0.933,1243.51,407.19
1309 Madison Avenue,0.989,1085207,26696,,0.9,Yorkville / Carnegie Hill,91.1,7,tag,0,40.7850101,block,-73.9554901,0.0,yes,266925415,,way,10128,16.4,0.93,1054.51,553.98
53 East 92nd Street,0.897,1047069,26704,,5.5,Upper East Side,102.2,6,tag,0,40.7845915,block,-73.9553534,0.0,yes,266925428,,way,10128,17.0,0.864,1066.03,507.7
61 East 92nd Street,0.989,1047072,26710,,0.9,Upper East Side,90.6,5,tag,0,40.7844944,block,-73.9551414,0.0,yes,266925436,,way,10128,17.0,0.941,1083.9,496.96
63 East 92nd Street,0.988,1047073,26711,,0.9,Upper East Side,90.6,4,tag,0,40.7844737,block,-73.9550852,0.0,yes,266925437,,way,10128,14.2,0.929,1088.64,494.67
1149 Park Avenue,0.988,1048289,26738,,0.9,Upper East Side,110.5,5,tag,0,40.7834829,block,-73.954357,0.0,yes,266925691,,way,10128,13.8,0.94,1150.02,385.12
115 East 91st Street,0.988,1048293,26740,,0.9,Upper East Side,77.8,4,tag,0,40.7831954,block,-73.9539996,0.0,yes,266925693,,way,10128,11.8,0.934,1180.15,353.33
117 East 91st Street,0.989,1048294,26743,,0.9,Upper East Side,75.1,4,tag,0,40.7831753,block,-73.953952,0.0,yes,266925696,,way,10128,12.1,0.949,1184.16,351.11
119 East 91st Street,0.988,1048328,26746,,0.9,Upper East Side,75.5,4,tag,0,40.7831555,block,-73.9539052,0.0,yes,266925699,,way,10128,12.3,0.935,1188.11,348.92
121 East 91st Street,0.988,1048329,26748,,0.9,Upper East Side,82.4,5,tag,0,40.7831347,block,-73.9538561,0.0,yes,266925701,,way,10128,15.2,0.942,1192.25,346.62
123 East 91st Street,0.988,1048295,26752,,1.0,Upper East Side,82.0,9,tag,0,40.783112,block,-73.9538044,0.0,yes,266925705,,way,10128,20.4,0.928,1196.61,344.11
1285 Madison Avenue,0.891,1047036,26762,,1.5,Upper East Side,83.1,4,tag,0,40.7842944,block,-73.9560344,0.0,yes,266925717,,way,10128,16.3,0.883,1008.63,474.85
1287 Madison Avenue,0.989,1047035,26763,,0.9,Upper East Side,104.8,4,tag,0,40.7843364,block,-73.9559858,0.0,yes,266925718,,way,10128,17.0,0.932,1012.73,479.49
131 East 91st Street,0.989,1048298,26767,,0.9,Upper East Side,78.6,4,tag,0,40.7830163,block,-73.9535882,0.0,yes,266925722,,way,10128,13.7,0.932,1214.83,333.52
134 East 92nd Street,0.989,1048315,26770,,0.9,Upper East Side,65.6,4,tag,0,40.7833276,block,-73.9532394,0.0,yes,266925725,,way,10128,13.5,0.936,1244.23,367.95
56 East 91st Street,0.989,1047009,26834,,0.9,Upper East Side,66.4,4,tag,0,40.7836799,block,-73.9560956,0.0,yes,266926220,,way,10128,13.6,0.936,1003.47,406.9
1344 Lexington Avenue,0.989,1048137,26877,,0.9,Upper East Side,74.5,4,tag,0,40.781682,block,-73.954245,0.0,yes,266926551,,way,10128,12.4,0.931,1159.47,185.99
159 East 82nd Street,0.989,1047615,26929,,0.9,Upper East Side,79.4,4,tag,0,40.7767619,block,-73.9567086,0.0,yes,266926940,,way,10028,13.6,0.932,951.79,-358.05
161 East 82nd Street,0.989,1047638,26931,,0.9,Upper East Side,79.8,4,tag,0,40.7767359,block,-73.9566474,0.0,yes,266926942,,way,10028,13.0,0.93,956.96,-360.92
160 East 81st Street,0.988,1047531,26973,,0.9,Upper East Side,101.8,4,tag,0,40.7757858,block,-73.9572306,0.0,yes,266927232,,way,10028,14.0,0.932,907.79,-465.99
161 East 80th Street,0.923,1047543,26976,,5.1,Upper East Side,82.2,4,tag,0,40.7755739,block,-73.9577869,0.0,yes,266927237,,way,10028,12.9,0.891,860.91,-489.42
171 East 80th Street,0.988,1047516,26994,,0.9,Upper East Side,96.6,9,tag,0,40.7754755,block,-73.9574883,0.0,yes,266927274,,way,10028,16.3,0.943,886.07,-500.29
174 East 82nd Street,0.891,1047573,26999,,2.1,Upper East Side,196.1,5,tag,0,40.7762853,block,-73.9565158,0.0,yes,266927282,,way,10028,20.3,0.87,968.05,-410.75
185 East 80th Street,0.625,1047524,27008,,26.0,Upper East Side,213.5,13,tag,0,40.7753078,block,-73.9571018,0.0,yes,266927300,,way,10028,14.0,0.575,918.65,-518.83
,0.557,1047481,27017,,24.8,Upper East Side,147.0,5,tag,0,40.7751746,block,-73.9569891,0.0,yes,266927317,,way,,13.9,0.515,928.15,-533.57
1039 Madison Avenue,0.553,1046469,27030,,9.5,Upper East Side,146.8,4,tag,0,40.7765083,block,-73.9616612,0.0,yes,266928613,,way,10075,18.1,0.527,534.32,-386.09
1045 Madison Avenue,0.575,1046469,27035,,7.7,Upper East Side,147.9,8,tag,0,40.7766418,block,-73.961557,0.0,yes,266928629,,way,10075,18.1,0.574,543.1,-371.33
109 East 79th Street,0.516,1047465,27038,,30.5,Upper East Side,153.9,8,tag,0,40.775654,block,-73.9598275,0.0,yes,266928638,,way,10075,19.0,0.507,688.89,-480.55
111 East 79th Street,0.589,1091860,27041,,5.3,Upper East Side,163.4,7,tag,0,40.7756259,block,-73.9597623,0.0,yes,266928649,,way,10075,19.1,0.573,694.39,-483.66
12 East 81st Street,0.989,1046646,27049,,0.9,Upper East Side,131.1,6,tag,0,40.7778053,block,-73.9620626,0.0,yes,266928668,,way,10028,18.3,0.93,500.48,-242.68
48 East 80th Street,0.636,1046451,27121,Manhattan Church of Christ,8.3,Upper East Side,307.8,8,tag,0,40.7766395,block,-73.9613116,0.0,yes,266928800,,way,10075,20.0,0.594,563.79,-371.59
109 East 81st Street,0.923,1047551,27153,,1.1,Upper East Side,116.9,6,tag,0,40.7767958,block,-73.9586812,0.0,yes,266930879,,way,10028,15.1,0.906,785.52,-354.3
113 East 81st Street,0.988,1047553,27156,,0.9,Upper East Side,94.4,4,tag,0,40.7767333,block,-73.9585636,0.0,yes,266930885,,way,10028,14.5,0.929,795.43,-361.21
118 East 82nd Street,0.94,1047600,27161,,4.9,Upper East Side,74.3,5,tag,0,40.777066,block,-73.9582861,0.0,yes,266930894,,way,10028,13.9,0.899,818.82,-324.42
121 East 80th Street,0.949,1086907,27167,,1.8,Upper East Side,140.8,5,tag,0,40.7760973,block,-73.958872,0.0,yes,266930906,,way,10028,6.3,0.908,769.44,-431.53
54 East 81st Street,0.909,1046629,27197,,5.4,Upper East Side,91.5,6,tag,0,40.7770482,block,-73.9602269,0.0,yes,266930972,,way,10028,19.7,0.892,655.22,-326.39
,0.67,1090553,27217,,4.3,Upper East Side,181.2,13,tag,0,40.7768765,block,-73.9579289,0.0,yes,266931008,,way,,16.3,0.662,848.93,-345.37
65 East 82nd Street,0.988,1046774,27294,,1.0,Upper East Side,142.3,6,tag,0,40.7780731,block,-73.9597086,0.0,yes,266932844,,way,10028,18.8,0.933,698.91,-213.07
,0.557,1046792,27314,,21.8,Upper East Side,112.4,4,tag,0,40.7794532,block,-73.9600408,0.0,yes,266932866,,way,,13.5,0.512,670.92,-60.47
117 East 85th Street,0.614,1047930,27328,,11.7,Upper East Side,618.1,10,tag,0,40.7792616,block,-73.9565331,0.0,yes,266933120,,way,10028,17.5,0.598,966.59,-81.65
1254 Lexington Avenue,0.989,1047701,27335,,0.9,Upper East Side,102.2,4,tag,0,40.7786569,block,-73.9564709,0.0,yes,266933128,,way,10028,14.7,0.929,971.84,-148.51
148 East 89th Street,0.988,1048097,27371,,0.9,Upper East Side,85.8,6,tag,0,40.7810505,block,-73.9538088,0.0,yes,266933342,,way,10128,18.9,0.954,1196.24,116.16
150 East 89th Street,0.989,1048103,27372,,0.9,Upper East Side,86.2,6,tag,0,40.7810317,block,-73.9537671,0.0,yes,266933344,,way,10128,18.9,0.946,1199.75,114.08
152 East 89th Street,0.989,1048096,27374,,0.9,Upper East Side,83.2,6,tag,0,40.781016,block,-73.9537298,0.0,yes,266933351,,way,10128,19.2,0.941,1202.9,112.34
154 East 89th Street,0.989,1048102,27380,,0.9,Upper East Side,80.2,7,tag,0,40.7810002,block,-73.9536885,0.0,yes,266933364,,way,10128,18.3,0.929,1206.38,110.6
155 East 86th Street,0.682,1047958,27381,,23.6,Upper East Side,648.0,6,tag,0,40.7795479,block,-73.9549865,0.0,yes,266933365,,way,10028,20.3,0.662,1096.96,-49.99
180 East 88th Street,0.736,1090866,27408,,3.9,Upper East Side,431.4,7,tag,0,40.7800088,skyline,-73.9535482,0.0,apartments,266933397,47,way,10128,160.0,0.696,1218.2,0.98
50 East 87th Street,0.604,1046855,27433,Park Avenue Synagogue,23.2,Upper East Side,642.4,19,tag,0,40.7811158,block,-73.9579419,0.0,synagogue,266933639,,way,10128,17.9,0.578,847.84,123.38
12 East 89th Street,0.461,1046951,27485,Saint David's School,41.2,Upper East Side,149.9,8,tag,0,40.7829516,block,-73.9582822,0.0,school,266938619,,way,10128,26.3,0.44,819.16,326.37
,0.666,1073030,27489,,11.2,Upper East Side,680.2,19,tag,0,40.7827976,block,-73.9579303,0.0,yes,266938628,,way,,24.2,0.628,848.82,309.34
,0.451,1046951,27490,,39.3,Upper East Side,163.2,4,tag,0,40.782919,block,-73.9582046,0.0,yes,266938631,,way,,26.2,0.421,825.69,322.77
,0.515,1073030,27491,,7.8,Upper East Side,161.9,4,tag,0,40.782885,block,-73.9581245,0.0,yes,266938632,,way,,26.1,0.461,832.45,319.01
14 East 93rd Street,0.89,1047089,27535,,1.6,Yorkville / Carnegie Hill,107.3,5,tag,0,40.7854018,block,-73.9562964,0.0,yes,266940058,,way,10128,17.4,0.855,986.54,597.3
15 East 92nd Street,0.927,1047057,27537,,2.1,Yorkville / Carnegie Hill,105.4,8,tag,0,40.7851238,block,-73.9566136,0.0,yes,266940060,,way,10128,17.9,0.881,959.81,566.56
15 East 93rd Street,0.887,1047107,27538,,2.4,Yorkville / Carnegie Hill,105.1,4,tag,0,40.7857524,block,-73.956165,0.0,yes,266940061,,way,10128,19.3,0.886,997.62,636.06
19 East 93rd Street,0.919,1047108,27544,,5.4,Yorkville / Carnegie Hill,99.6,4,tag,0,40.7856995,block,-73.9560459,0.0,yes,266940068,,way,10128,18.4,0.885,1007.66,630.21
20 East 93rd Street,0.989,1047086,27545,,0.9,Yorkville / Carnegie Hill,134.7,4,tag,0,40.7853068,block,-73.9561219,0.0,yes,266940069,,way,10128,16.8,0.929,1001.26,586.8
22 East 94th Street,0.994,1047140,27550,,0.5,Yorkville / Carnegie Hill,129.1,6,tag,0,40.7859736,block,-73.9557387,0.0,yes,266940074,,way,10128,17.7,0.934,1033.55,660.53
27 East 93rd Street,0.994,1047112,27557,,0.5,Yorkville / Carnegie Hill,86.0,4,tag,0,40.7855845,block,-73.9557954,0.0,yes,266940081,,way,10128,14.1,0.939,1028.78,617.51
,0.872,1047117,27585,,2.8,Yorkville / Carnegie Hill,142.2,4,tag,0,40.7852968,block,-73.9552682,0.0,yes,266940111,,way,,20.0,0.847,1073.21,585.68
12 East 95th Street,0.989,1047410,27609,,0.9,Yorkville / Carnegie Hill,86.5,6,tag,0,40.7866986,block,-73.9555073,0.0,yes,266940366,,way,10128,18.0,0.935,1053.06,740.69
102 East 101st Street,0.989,1051830,27689,,0.9,Yorkville / Carnegie Hill,77.9,6,tag,0,40.7894761,block,-73.9500329,0.0,yes,266941443,,way,10029,11.4,0.93,1514.52,1047.81
108 East 101st Street,0.989,1051829,27695,,0.9,Yorkville / Carnegie Hill,80.3,6,tag,0,40.789412,block,-73.949878,0.0,yes,266941449,,way,10029,11.4,0.931,1527.58,1040.73
110 East 101st Street,0.989,1051822,27697,,0.9,Yorkville / Carnegie Hill,77.0,6,tag,0,40.7893912,block,-73.9498308,0.0,yes,266941451,,way,10029,11.4,0.936,1531.56,1038.43
112 East 101st Street,0.989,1051821,27699,,0.9,Yorkville / Carnegie Hill,78.3,6,tag,0,40.7893699,block,-73.9497771,0.0,yes,266941453,,way,10029,11.4,0.947,1536.08,1036.07
114 East 101st Street,0.988,1051828,27701,,0.9,Yorkville / Carnegie Hill,78.8,6,tag,0,40.7893481,block,-73.9497309,0.0,yes,266941455,,way,10029,11.7,0.933,1539.98,1033.66
130 East 101st Street,0.428,1051817,27712,,17.1,Yorkville / Carnegie Hill,426.4,9,tag,0,40.7891187,block,-73.9493535,0.0,yes,266941466,,way,10029,10.8,0.387,1571.79,1008.29
,0.989,1076345,27736,,0.9,Yorkville / Carnegie Hill,76.5,6,tag,0,40.7894958,block,-73.9500795,0.0,yes,266941491,,way,,11.1,0.943,1510.6,1049.99
47 West 66th Street,0.275,1028232,27872,ABC News Headquarters,38.4,Upper West Side,1776.9,6,tag,0,40.7731241,district,-73.9798746,0.0,yes,269219550,,way,10023,61.4,0.228,-1000.96,-760.3
24 West 68th Street,0.989,1028258,27928,,0.9,Upper West Side,112.1,6,tag,0,40.7739044,block,-73.9788958,0.0,yes,269227037,,way,10023,18.3,0.933,-918.45,-674.01
58 West 68th Street,0.989,1085057,27936,,0.9,Upper West Side,129.0,6,tag,0,40.7743367,block,-73.9799357,0.0,yes,269227086,,way,10023,19.2,0.934,-1006.11,-626.22
40 West 69th Street,0.905,1028469,27969,,6.3,Upper West Side,177.8,6,tag,0,40.7747643,block,-73.979098,0.0,yes,269228416,,way,10023,19.6,0.893,-935.5,-578.93
43 West 68th Street,0.988,1028486,27972,,0.9,Upper West Side,105.0,6,tag,0,40.7744771,block,-73.9792609,0.0,yes,269228425,,way,10023,18.2,0.939,-949.22,-610.69
,0.493,1028512,28058,,31.3,Upper East Side,92.6,5,tag,0,40.7750022,block,-73.9777174,0.0,yes,269230032,,way,,6.0,0.462,-819.12,-552.63
15 West 70th Street,0.989,1028561,28065,,0.9,Upper East Side,125.0,6,tag,0,40.7754106,block,-73.9775636,0.0,yes,269231575,,way,10023,19.2,0.935,-806.15,-507.47
28 West 71st Street,0.989,1028594,28078,,0.9,Upper East Side,111.6,7,tag,0,40.7758934,block,-73.9778172,0.0,yes,269231588,,way,10023,16.4,0.939,-827.53,-454.08
35 West 70th Street,0.989,1028553,28085,,0.9,Upper East Side,124.3,6,tag,0,40.7756798,block,-73.9782147,0.0,yes,269231595,,way,10023,18.4,0.933,-861.04,-477.7
38 West 71st Street,0.989,1028595,28088,,0.9,Upper East Side,116.8,6,tag,0,40.7760278,block,-73.978129,0.0,yes,269231598,,way,10023,17.1,0.932,-853.82,-439.23
50 West 71st Street,0.989,1028579,28100,,0.9,Upper East Side,138.3,6,tag,0,40.7761779,block,-73.978514,0.0,yes,269231610,,way,10023,18.9,0.933,-886.26,-422.62
51 West 70th Street,0.989,1028547,28101,,0.9,Upper West Side,118.6,6,tag,0,40.7758917,block,-73.9787221,0.0,yes,269231611,,way,10023,18.7,0.931,-903.81,-454.28
119 West 69th Street,0.989,1029642,28127,,0.9,Upper West Side,127.0,6,tag,0,40.7759682,block,-73.9808539,0.0,yes,269231715,,way,10023,17.0,0.931,-1083.51,-445.81
132 West 70th Street,0.873,1029653,28137,,6.8,Upper West Side,103.0,7,tag,0,40.7763952,block,-73.9809605,0.0,yes,269231749,,way,10023,16.6,0.813,-1092.49,-398.6
133 West 69th Street,0.988,1029637,28138,,0.9,Upper West Side,110.1,6,tag,0,40.7761292,block,-73.9812589,0.0,yes,269231751,,way,10023,16.9,0.934,-1117.64,-428.01
138 West 70th Street,0.989,1029655,28143,,0.9,Upper West Side,93.3,6,tag,0,40.7764779,block,-73.9811331,0.0,yes,269231769,,way,10023,16.5,0.933,-1107.04,-389.46
140 West 70th Street,0.989,1079309,28145,,0.9,Upper West Side,94.7,7,tag,0,40.7765014,block,-73.9811913,0.0,yes,269231778,,way,10023,15.5,0.931,-1111.95,-386.85
118 West 71st Street,0.989,1029768,28171,,0.9,Upper West Side,120.2,6,tag,0,40.7768802,block,-73.9801458,0.0,yes,269232118,,way,10023,17.8,0.931,-1023.82,-344.97
134 West 71st Street,0.989,1029774,28184,,0.9,Upper West Side,105.2,6,tag,0,40.7770883,block,-73.9806409,0.0,yes,269232131,,way,10023,16.3,0.94,-1065.56,-321.95
318 West 71st Street,0.989,1030948,28229,,0.9,Upper West Side,109.3,6,tag,0,40.7792868,block,-73.9858765,0.0,yes,269240268,,way,10023,14.6,0.94,-1506.88,-78.86
336 West 71st Street,0.989,1030940,28239,,0.9,Upper West Side,110.0,6,tag,0,40.7794953,block,-73.9863771,0.0,yes,269240284,,way,10023,17.6,0.939,-1549.08,-55.8
219 West 70th Street,0.989,1030369,28258,,0.9,Upper West Side,105.3,4,tag,0,40.7778672,block,-73.9833639,0.0,yes,269240870,,way,10023,16.5,0.932,-1295.09,-235.83
221 West 70th Street,0.989,1030394,28260,,0.9,Upper West Side,103.1,4,tag,0,40.777887,block,-73.9834102,0.0,yes,269240874,,way,10023,16.2,0.941,-1298.99,-233.65
264 West 71st Street,0.988,1030401,28288,,0.9,Upper West Side,87.0,4,tag,0,40.7787378,block,-73.9845347,0.0,yes,269240928,,way,10023,14.4,0.934,-1393.78,-139.57
271 West 70th Street,0.988,1079354,28291,,0.9,Upper West Side,68.5,5,tag,0,40.778454,block,-73.9848742,0.0,yes,269240931,,way,10023,16.1,0.931,-1422.39,-170.95
273 West 70th Street,0.989,1079355,28292,,0.9,Upper West Side,69.4,4,tag,0,40.7784743,block,-73.9849218,0.0,yes,269240932,,way,10023,16.2,0.945,-1426.41,-168.71
331 West 71st Street,0.988,1030976,28313,,0.9,Upper West Side,118.8,4,tag,0,40.7797664,block,-73.9859475,0.0,yes,269241915,,way,10023,19.8,0.929,-1512.87,-25.82
343 West 71st Street,0.989,1030954,28321,,0.9,Upper West Side,106.1,6,tag,0,40.7798827,block,-73.9862435,0.0,yes,269241940,,way,10023,18.2,0.932,-1537.82,-12.97
349 West 71st Street,0.989,1030953,28323,,0.9,Upper West Side,130.5,6,tag,0,40.7799547,block,-73.9864162,0.0,yes,269241945,,way,10023,16.4,0.929,-1552.38,-5.0
217 West 71st Street,0.989,1030416,28333,,0.9,Upper West Side,108.9,6,tag,0,40.7784544,block,-73.9828755,0.0,yes,269243442,,way,10023,17.3,0.933,-1253.92,-170.9
243 West 71st Street,0.989,1030438,28350,,0.9,Upper West Side,108.0,5,tag,0,40.7787553,block,-73.9835848,0.0,yes,269243482,,way,10023,16.2,0.931,-1313.7,-137.63
134 West 72nd Street,0.989,1029907,28386,,0.9,Upper West Side,174.1,5,tag,0,40.7776955,block,-73.9802339,0.0,yes,269247260,,way,10023,18.6,0.929,-1031.25,-254.82
,0.624,1079297,28433,,13.2,Upper West Side,56.4,4,tag,0,40.776845,block,-73.978751,0.0,yes,269247843,,way,,4.2,0.58,-906.25,-348.86
67 West 71st Street,0.852,1079295,28452,,3.5,Upper West Side,120.0,5,tag,0,40.7766806,block,-73.9787034,0.0,yes,269248893,,way,10023,19.1,0.826,-902.23,-367.04
69 West 71st Street,0.899,1079297,28453,,6.6,Upper West Side,112.8,4,tag,0,40.7767088,block,-73.9787695,0.0,yes,269248895,,way,10023,19.1,0.856,-907.8,-363.93
7 West 73rd Street,0.988,1028668,28508,,0.9,Upper East Side,137.6,6,tag,0,40.7773357,block,-73.9759546,0.0,yes,269283409,6,way,10023,21.7,0.932,-670.53,-294.6
122 West 73rd Street,0.989,1029966,28526,,0.9,Upper West Side,84.6,4,tag,0,40.7783066,block,-73.9792746,0.0,yes,269286003,,way,10023,14.4,0.936,-950.39,-187.25
124 West 74th Street,0.989,1030027,28586,,0.9,Upper West Side,110.4,6,tag,0,40.7789662,block,-73.9789052,0.0,yes,269289531,,way,10023,18.1,0.932,-919.25,-114.31
128 West 74th Street,0.989,1030028,28589,,0.9,Upper West Side,116.3,6,tag,0,40.7790164,block,-73.9790314,0.0,yes,269289534,,way,10023,19.7,0.93,-929.88,-108.76
134 West 74th Street,0.989,1030031,28592,,0.9,Upper West Side,117.2,6,tag,0,40.7790937,block,-73.979216,0.0,yes,269289537,,way,10023,17.6,0.933,-945.45,-100.22
256 West 73rd Street,0.988,1030527,28634,,1.0,Upper West Side,115.3,9,tag,0,40.7799139,block,-73.9831344,0.0,yes,269289721,,way,10023,17.3,0.936,-1275.74,-9.52
272 West 73rd Street,0.988,1030533,28645,,0.9,Upper West Side,114.3,8,tag,0,40.7801164,block,-73.9835914,0.0,yes,269289733,,way,10023,16.9,0.93,-1314.26,12.87
252 West 74th Street,0.989,1070732,28660,,0.9,Upper West Side,128.3,6,tag,0,40.7807513,block,-73.9831288,0.0,yes,269290369,,way,10023,17.1,0.93,-1275.27,83.08
44 West 75th Street,0.988,1028731,28723,,0.9,Upper East Side,141.0,6,tag,0,40.7787769,block,-73.9765553,0.0,yes,269293152,,way,10023,16.9,0.93,-721.16,-135.24
49 West 74th Street,0.989,1028698,28728,,0.9,Upper East Side,126.4,6,tag,0,40.7785608,block,-73.9768834,0.0,yes,269293168,,way,10023,17.8,0.932,-748.81,-159.14
28 West 76th Street,0.957,1028777,28757,,1.6,Upper East Side,121.7,6,tag,0,40.7792409,block,-73.975644,0.0,yes,269294911,,way,10023,18.0,0.919,-644.34,-83.94
48 West 76th Street,0.922,1028786,28778,,6.4,Upper East Side,119.0,5,tag,0,40.7795158,block,-73.9762933,0.0,yes,269294937,,way,10023,17.2,0.907,-699.08,-53.55
53 West 75th Street,0.988,1028745,28784,,0.9,Upper East Side,161.5,6,tag,0,40.7792883,block,-73.9766163,0.0,yes,269294943,,way,10023,17.5,0.928,-726.3,-78.7
54 West 76th Street,0.901,1028787,28785,,4.8,Upper East Side,99.1,6,tag,0,40.7795972,block,-73.9764658,0.0,yes,269294944,,way,10023,17.4,0.863,-713.62,-44.54
55 West 76th Street,0.988,1028797,28818,,0.9,Upper East Side,125.9,6,tag,0,40.7800106,block,-73.9763985,0.0,yes,269295678,,way,10023,19.3,0.933,-707.94,1.17
115 West 74th Street,0.989,1030064,28834,,0.9,Upper East Side,111.9,7,tag,0,40.779265,block,-73.9785955,0.0,yes,269296156,,way,10023,18.3,0.933,-893.14,-81.27
120 West 75th Street,0.989,1030079,28838,,0.9,Upper East Side,118.1,6,tag,0,40.7796245,block,-73.9784977,0.0,yes,269296160,,way,10023,17.9,0.935,-884.89,-41.52
142 West 75th Street,0.988,1030108,28854,,0.9,Upper West Side,124.0,6,tag,0,40.7799227,block,-73.9792066,0.0,yes,269296176,,way,10023,18.3,0.929,-944.65,-8.55
150 West 75th Street,0.989,1030090,28860,,0.9,Upper West Side,116.1,6,tag,0,40.7800313,block,-73.9794611,0.0,yes,269296182,,way,10023,17.9,0.934,-966.1,3.46
114 West 76th Street,0.989,1030144,28898,,0.9,Upper East Side,113.7,6,tag,0,40.7801344,block,-73.9777342,0.0,yes,269297163,,way,10023,18.4,0.93,-820.53,14.86
118 West 76th Street,0.989,1030145,28902,,0.9,Upper East Side,112.0,6,tag,0,40.7801878,block,-73.9778601,0.0,yes,269297167,,way,10023,17.8,0.936,-831.15,20.77
127 West 75th Street,0.989,1030163,28910,,0.9,Upper East Side,115.4,6,tag,0,40.7800578,block,-73.9785136,0.0,yes,269297176,,way,10023,17.5,0.934,-886.23,6.39
156 West 77th Street,0.989,1030184,28941,,0.9,Upper East Side,119.1,7,tag,0,40.7812648,block,-73.9784634,0.0,yes,269297207,,way,10024,18.2,0.929,-882.0,139.85
232 West 75th Street,0.988,1030730,28976,,0.9,Upper West Side,92.9,5,tag,0,40.7811233,block,-73.9820351,0.0,yes,269297825,,way,10023,19.7,0.938,-1183.07,124.21
236 West 75th Street,0.838,1030732,28979,,3.6,Upper West Side,132.5,5,tag,0,40.781151,block,-73.982174,0.0,yes,269297828,,way,10023,13.9,0.794,-1194.78,127.27
230 West 78th Street,0.738,1030896,29044,Linden78,16.0,Upper West Side,219.2,5,tag,0,40.7827145,district,-73.9800319,0.0,yes,269302901,,way,10024,55.3,0.712,-1014.22,300.15
253 West 76th Street,0.989,1030874,29052,,0.9,Upper West Side,103.9,9,tag,0,40.7823458,block,-73.9820054,0.0,yes,269302923,,way,10024,17.5,0.931,-1180.58,259.39
325 West 76th Street,0.989,1031049,29118,,0.9,Upper West Side,110.9,6,tag,0,40.7830229,block,-73.9835848,0.0,yes,269303509,,way,10024,19.8,0.931,-1313.71,334.26
112 West 78th Street,0.989,1030216,29173,,0.9,Upper East Side,92.8,6,tag,0,40.7814192,block,-73.9768329,0.0,yes,269305296,,way,10024,17.5,0.929,-744.56,156.93
112 West 80th Street,0.988,1031769,29174,,0.9,Upper East Side,115.2,6,tag,0,40.7828137,block,-73.9759211,0.0,house,269305297,,way,10024,17.7,0.933,-667.7,311.12
113 West 77th Street,0.988,1030229,29175,,0.9,Upper East Side,111.2,6,tag,0,40.781057,block,-73.9769448,0.0,yes,269305298,,way,10024,18.2,0.933,-753.99,116.88
114 West 78th Street,0.989,1030231,29176,,0.9,Upper East Side,93.9,6,tag,0,40.7814385,block,-73.9768846,0.0,yes,269305299,,way,10024,17.9,0.941,-748.92,159.06
118 West 80th Street,0.989,1031771,29183,,0.9,Upper East Side,102.6,6,tag,0,40.7828907,block,-73.9761042,0.0,house,269305311,,way,10024,17.7,0.929,-683.13,319.64
121 West 77th Street,0.989,1030228,29187,,0.9,Upper East Side,113.9,6,tag,0,40.7811614,block,-73.9771919,0.0,yes,269305322,,way,10024,18.5,0.932,-774.82,128.42
124 West 80th Street,0.988,1031794,29191,,0.9,Upper East Side,117.5,6,tag,0,40.7829636,block,-73.9762882,0.0,yes,269305327,,way,10024,18.1,0.937,-698.65,327.69
130 West 78th Street,0.988,1030222,29199,,0.9,Upper East Side,91.4,6,tag,0,40.781617,block,-73.9773098,0.0,yes,269305336,,way,10024,17.8,0.939,-784.76,178.8
134 West 78th Street,0.989,1030223,29205,,0.9,Upper East Side,98.1,6,tag,0,40.7816608,block,-73.9774161,0.0,yes,269305342,,way,10024,17.6,0.936,-793.72,183.64
105 West 78th Street,0.989,1030277,29231,,0.9,Upper East Side,93.7,6,tag,0,40.781659,block,-73.9764196,0.0,yes,269305893,,way,10024,19.1,0.933,-709.72,183.44
119 West 78th Street,0.988,1030252,29238,,0.9,Upper East Side,86.5,6,tag,0,40.7818064,block,-73.976791,0.0,yes,269305920,,way,10024,13.8,0.94,-741.03,199.75
127 West 78th Street,0.989,1030249,29243,,0.9,Upper East Side,85.4,6,tag,0,40.7818973,block,-73.9769975,0.0,yes,269305944,,way,10024,13.4,0.937,-758.44,209.79
131 West 78th Street,0.989,1030248,29246,,0.9,Upper East Side,100.8,7,tag,0,40.7819479,block,-73.9770959,0.0,yes,269305950,,way,10024,17.5,0.931,-766.73,215.38
143 West 78th Street,0.989,1030243,29253,,0.9,Upper East Side,110.9,6,tag,0,40.7821036,block,-73.9774745,0.0,yes,269305965,,way,10024,12.8,0.931,-798.65,232.6
,0.989,1030256,29275,,0.9,Upper East Side,94.0,6,tag,0,40.7816793,block,-73.9764688,0.0,yes,269306026,,way,,19.0,0.946,-713.87,185.68
118 West 81st Street,0.988,1031985,29304,,0.9,Upper East Side,99.9,7,tag,0,40.7834745,block,-73.9755142,0.0,yes,269307322,,way,10024,19.8,0.934,-633.4,384.18
122 West 81st Street,0.988,1031986,29308,,0.9,Upper East Side,102.5,6,tag,0,40.7835245,block,-73.9756346,0.0,yes,269307326,,way,10024,19.8,0.931,-643.55,389.71
127 West 80th Street,0.989,1031971,29313,,0.9,Upper East Side,121.2,6,tag,0,40.7831446,block,-73.9756982,0.0,yes,269307334,,way,10024,17.2,0.929,-648.91,347.71
128 West 81st Street,0.989,1032006,29314,,0.9,Upper East Side,113.2,6,tag,0,40.7835986,block,-73.9758205,0.0,yes,269307335,,way,10024,19.6,0.933,-659.22,397.91
131 West 80th Street,0.989,1031969,29317,,0.9,Upper East Side,119.3,6,tag,0,40.7832005,block,-73.975831,0.0,yes,269307339,,way,10024,17.1,0.932,-660.1,353.89
138 West 81st Street,0.988,1031992,29324,,0.9,Upper East Side,111.7,6,tag,0,40.7837267,block,-73.9761066,0.0,yes,269307353,,way,10024,19.1,0.933,-683.34,412.07
143 West 80th Street,0.989,1031964,29328,,0.9,Upper East Side,109.2,6,tag,0,40.7833598,block,-73.9762222,0.0,yes,269307363,,way,10024,17.3,0.93,-693.08,371.51
164 West 81st Street,0.989,1032008,29341,,0.9,Upper East Side,88.8,4,tag,0,40.7839515,block,-73.9765909,0.0,yes,269307411,,way,10024,14.6,0.935,-724.16,436.93
52 West 82nd Street,0.988,1031158,29368,,0.9,Upper East Side,73.3,4,tag,0,40.7832853,block,-73.9730418,0.0,yes,269308871,,way,10024,16.1,0.929,-424.99,363.27
64 West 82nd Street,0.989,1031150,29372,,0.9,Upper East Side,108.2,6,tag,0,40.7834139,block,-73.9733935,0.0,yes,269308875,,way,10024,18.1,0.934,-454.64,377.49
66 West 82nd Street,0.989,1031159,29373,,0.9,Upper East Side,108.6,6,tag,0,40.7834412,block,-73.9734572,0.0,yes,269308876,,way,10024,17.8,0.929,-460.01,380.5
74 West 82nd Street,0.988,1031154,29377,,0.9,Upper East Side,95.1,8,tag,0,40.7835355,block,-73.9736765,0.0,yes,269308880,,way,10024,17.7,0.936,-478.5,390.93
119 West 81st Street,0.988,1032026,29385,,0.9,Upper East Side,97.0,6,tag,0,40.7837052,block,-73.9750631,0.0,yes,269309226,,way,10024,18.1,0.935,-595.38,409.7
128 West 82nd Street,0.929,1032029,29392,,5.4,Upper East Side,112.0,4,tag,0,40.7842273,block,-73.9753278,0.0,yes,269309233,,way,10024,16.1,0.895,-617.69,467.43
176 West 82nd Street,0.757,1032050,29422,,8.4,Upper East Side,130.2,7,tag,0,40.7847353,block,-73.9765914,0.0,yes,269309267,,way,10024,17.6,0.733,-724.21,523.6
178 West 82nd Street,0.711,1032050,29423,,12.8,Upper East Side,133.3,9,tag,0,40.7847587,block,-73.9766397,0.0,yes,269309268,,way,10024,17.8,0.667,-728.28,526.18
180 West 82nd Street,0.666,1032044,29424,,13.1,Upper East Side,130.3,7,tag,0,40.7847848,block,-73.9767079,0.0,yes,269309269,,way,10024,18.1,0.627,-734.02,529.07
213 West 79th Street,0.989,1032629,29448,,0.9,Upper West Side,155.4,5,tag,0,40.7837124,block,-73.9789111,0.0,yes,269313845,,way,10024,18.2,0.93,-919.74,410.5
215 West 79th Street,0.988,1032628,29450,,0.9,Upper West Side,155.9,4,tag,0,40.7837346,block,-73.978964,0.0,yes,269313848,,way,10024,17.9,0.942,-924.2,412.95
217 West 79th Street,0.988,1032650,29452,,0.9,Upper West Side,151.7,4,tag,0,40.7837566,block,-73.9790163,0.0,yes,269313850,,way,10024,18.0,0.932,-928.61,415.38
223 West 78th Street,0.989,1030904,29459,,0.9,Upper West Side,118.3,6,tag,0,40.7830551,block,-73.9797184,0.0,yes,269313857,,way,10024,14.8,0.932,-987.79,337.81
223 West 79th Street,0.988,1032649,29460,,0.9,Upper West Side,151.6,5,tag,0,40.783825,block,-73.9791773,0.0,yes,269313858,,way,10024,18.0,0.931,-942.18,422.95
225 West 79th Street,0.989,1032625,29462,,0.9,Upper West Side,151.2,4,tag,0,40.7838465,block,-73.9792285,0.0,yes,269313860,,way,10024,17.8,0.945,-946.49,425.33
224 West 79th Street,0.989,1030917,29466,,0.9,Upper West Side,99.2,6,tag,0,40.7833638,block,-73.9795027,0.0,yes,269313864,,way,10024,17.5,0.933,-969.61,371.95
24 West 83rd Street,0.988,1031190,29526,,0.9,Upper East Side,106.2,6,tag,0,40.7836246,block,-73.9719267,0.0,yes,270726744,,way,10024,18.7,0.93,-331.0,400.79
34 West 83rd Street,0.989,1076241,29536,,0.9,Upper East Side,92.0,6,tag,0,40.7837476,block,-73.9722226,0.0,yes,270726764,,way,10024,17.4,0.929,-355.94,414.38
36 West 83rd Street,0.988,1085065,29538,,0.9,Upper East Side,91.9,6,tag,0,40.7837703,block,-73.9722766,0.0,yes,270726768,,way,10024,17.9,0.942,-360.49,416.9
55 West 82nd Street,0.988,1031166,29550,,0.9,Upper East Side,83.3,4,tag,0,40.7837616,block,-73.97327,0.0,yes,270726792,,way,10024,17.2,0.932,-444.23,415.93
59 West 82nd Street,0.988,1031206,29553,,0.9,Upper East Side,89.9,4,tag,0,40.7838111,block,-73.9733879,0.0,yes,270726798,,way,10024,16.6,0.934,-454.17,421.41
61 West 82nd Street,0.988,1031164,29556,,0.9,Upper East Side,90.8,4,tag,0,40.7838364,block,-73.9734482,0.0,yes,270726805,,way,10024,16.9,0.931,-459.25,424.21
64 West 83rd Street,0.988,1031212,29558,,0.9,Upper East Side,93.6,6,tag,0,40.7841182,block,-73.9730859,0.0,yes,270726809,,way,10024,17.5,0.94,-428.71,455.36
8 West 83rd Street,0.989,1031184,29562,,0.9,Upper East Side,82.1,4,tag,0,40.7834347,block,-73.9714678,0.0,yes,270726816,,way,10024,13.8,0.936,-292.31,379.79
50 West 84th Street,0.988,1031251,29590,,0.9,Upper East Side,84.2,4,tag,0,40.7846411,block,-73.9723602,0.0,yes,270730763,,way,10024,14.4,0.935,-367.54,513.19
58 West 84th Street,0.988,1031241,29597,,0.9,Upper East Side,94.3,4,tag,0,40.7847361,block,-73.972586,0.0,yes,270730770,,way,10024,17.5,0.933,-386.58,523.69
63 West 83rd Street,0.988,1031220,29602,,0.9,Upper East Side,84.8,6,tag,0,40.7843961,block,-73.9727378,0.0,yes,270730775,,way,10024,17.8,0.934,-399.37,486.09
65 West 83rd Street,0.988,1031219,29604,,0.9,Upper East Side,88.5,6,tag,0,40.7844159,block,-73.9727868,0.0,yes,270730777,,way,10024,17.7,0.93,-403.5,488.28
132 West 83rd Street,0.804,1090580,29632,,5.0,Upper East Side,150.5,5,tag,0,40.7849057,block,-73.9750721,0.0,yes,270731143,,way,10024,13.6,0.781,-596.14,542.44
135 West 82nd Street,0.989,1032059,29635,,0.9,Upper East Side,79.1,4,tag,0,40.7847052,block,-73.975502,0.0,yes,270731149,,way,10024,13.2,0.937,-632.37,520.27
140 West 83rd Street,0.874,1032095,29642,,5.0,Yorkville / Carnegie Hill,119.9,5,tag,0,40.7850133,block,-73.9752607,0.0,yes,270731167,,way,10024,13.9,0.844,-612.03,554.34
173 West 83rd Street,0.989,1083856,29664,,0.9,Yorkville / Carnegie Hill,101.7,14,tag,0,40.7856736,block,-73.9758232,0.0,yes,270731203,,way,10024,16.4,0.941,-659.45,627.35
464 Columbus Avenue,0.948,1032096,29667,,0.7,Upper East Side,199.9,4,tag,0,40.7842494,block,-73.974181,0.0,apartments,270731206,,way,10024,20.4,0.895,-521.02,469.87
38 West 85th Street,0.989,1031322,29716,,0.9,Upper East Side,93.9,6,tag,0,40.7849929,block,-73.9712354,0.0,yes,270738787,,way,10024,17.4,0.939,-272.72,552.09
47 West 84th Street,0.988,1031296,29725,,0.9,Yorkville / Carnegie Hill,111.9,6,tag,0,40.7850198,block,-73.9722724,0.0,yes,270738796,,way,10024,18.2,0.939,-360.14,555.06
53 West 84th Street,0.989,1085067,29733,,0.9,Yorkville / Carnegie Hill,104.1,6,tag,0,40.7850929,block,-73.972453,0.0,yes,270738804,,way,10024,21.2,0.936,-375.36,563.14
58 West 85th Street,0.988,1031330,29737,,0.9,Yorkville / Carnegie Hill,114.5,7,tag,0,40.7852484,block,-73.9718727,0.0,yes,270738808,,way,10024,17.7,0.931,-326.45,580.34
62 West 85th Street,0.989,1031348,29739,,0.9,Yorkville / Carnegie Hill,117.5,6,tag,0,40.7853029,block,-73.9719881,0.0,yes,270738810,,way,10024,17.7,0.935,-336.17,586.37
72 West 85th Street,0.989,1031336,29745,,0.9,Yorkville / Carnegie Hill,96.4,7,tag,0,40.7854466,block,-73.9722802,0.0,yes,270738816,,way,10024,17.6,0.934,-360.79,602.25
9 West 84th Street,0.988,1031309,29748,,0.9,Upper East Side,95.2,4,tag,0,40.7844124,block,-73.9708601,0.0,yes,270738819,,way,10024,17.2,0.931,-241.09,487.9
,0.75,1031339,29755,,5.2,Yorkville / Carnegie Hill,197.9,5,tag,0,40.7855689,block,-73.9725515,0.0,yes,270738827,,way,,28.5,0.719,-383.66,615.78
12 West 87th Street,0.989,1031412,29761,,0.9,Yorkville / Carnegie Hill,109.7,4,tag,0,40.7861117,block,-73.9696794,0.0,yes,270857848,,way,10024,18.0,0.93,-141.56,675.79
66 West 87th Street,0.989,1031441,29796,,0.9,Yorkville / Carnegie Hill,97.2,6,tag,0,40.7868402,block,-73.9714019,0.0,yes,270857917,,way,10024,17.7,0.931,-286.76,756.35
68 West 87th Street,0.989,1031433,29797,,0.9,Yorkville / Carnegie Hill,96.6,6,tag,0,40.7868627,block,-73.971451,0.0,yes,270857919,,way,10024,18.1,0.945,-290.9,758.83
35 West 87th Street,0.989,1031454,29827,,0.9,Yorkville / Carnegie Hill,117.3,6,tag,0,40.7867841,block,-73.9702591,0.0,yes,270858760,,way,10024,18.4,0.935,-190.43,750.15
39 West 87th Street,0.988,1031488,29831,,0.9,Yorkville / Carnegie Hill,125.9,6,tag,0,40.7868384,block,-73.9703871,0.0,yes,270858764,,way,10024,18.8,0.929,-201.22,756.15
51 West 87th Street,0.989,1031448,29843,,0.9,Yorkville / Carnegie Hill,125.5,6,tag,0,40.7870014,block,-73.9707731,0.0,yes,270858776,,way,10024,17.2,0.93,-233.76,774.17
53 West 87th Street,0.981,1031447,29845,,0.8,Yorkville / Carnegie Hill,125.2,6,tag,0,40.7870322,block,-73.9708413,0.0,yes,270858778,,way,10024,17.5,0.924,-239.5,777.58
56 West 88th Street,0.93,1031495,29847,,0.9,Yorkville / Carnegie Hill,97.0,4,tag,0,40.7873113,block,-73.9705726,0.0,yes,270858781,,way,10024,17.7,0.889,-216.85,808.45
16 West 86th Street,0.945,1031375,29862,,0.9,Yorkville / Carnegie Hill,185.7,6,tag,0,40.7855012,block,-73.9705125,0.0,yes,270858965,,way,10024,20.7,0.907,-211.79,608.29
61 West 85th Street,0.989,1031354,29895,,0.9,Yorkville / Carnegie Hill,86.8,4,tag,0,40.7855927,block,-73.9716564,0.0,yes,270858998,,way,10024,17.2,0.938,-308.22,618.41
75 West 85th Street,0.988,1031350,29901,,0.9,Yorkville / Carnegie Hill,103.6,4,tag,0,40.7857672,block,-73.9720414,0.0,yes,270859004,,way,10024,19.6,0.93,-340.67,637.71
113 West 85th Street,0.989,1032158,29913,,0.9,Yorkville / Carnegie Hill,94.3,6,tag,0,40.7863182,block,-73.9734035,0.0,yes,270859313,,way,10024,18.4,0.942,-455.48,698.63
129 West 85th Street,0.989,1032152,29925,,0.9,Yorkville / Carnegie Hill,107.9,6,tag,0,40.7865184,block,-73.9738654,0.0,yes,270859325,,way,10024,17.2,0.933,-494.42,720.77
110 West 87th Street,0.988,1032203,29961,,0.9,Yorkville / Carnegie Hill,101.5,6,tag,0,40.787225,block,-73.9723301,0.0,yes,270859723,,way,10024,18.1,0.929,-365.0,798.89
112 West 87th Street,0.988,1032204,29962,,0.9,Yorkville / Carnegie Hill,101.4,6,tag,0,40.7872472,block,-73.972384,0.0,yes,270859724,,way,10024,17.9,0.942,-369.54,801.35
116 West 87th Street,0.988,1032206,29965,,0.9,Yorkville / Carnegie Hill,101.9,6,tag,0,40.7872935,block,-73.9724952,0.0,yes,270859727,,way,10024,18.6,0.936,-378.92,806.48
122 West 87th Street,0.989,1032224,29968,,0.9,Yorkville / Carnegie Hill,93.5,4,tag,0,40.7873779,block,-73.9726665,0.0,yes,270859730,,way,10024,14.8,0.931,-393.35,815.81
138 West 87th Street,0.989,1032212,29982,,0.9,Yorkville / Carnegie Hill,100.3,4,tag,0,40.7875813,block,-73.9731494,0.0,yes,270859744,,way,10024,17.7,0.931,-434.06,838.29
109 West 88th Street,0.989,1032304,29999,,0.9,Yorkville / Carnegie Hill,137.6,16,tag,0,40.7882662,block,-73.9717602,0.0,yes,270860462,,way,10024,17.4,0.93,-316.96,914.03
113 West 88th Street,0.988,1032319,30003,,0.9,Yorkville / Carnegie Hill,103.7,6,tag,0,40.7882965,block,-73.9718849,0.0,yes,270860466,,way,10024,13.4,0.93,-327.47,917.38
114 West 88th Street,0.988,1032248,30004,,0.9,Yorkville / Carnegie Hill,88.5,4,tag,0,40.787885,block,-73.9719315,0.0,yes,270860467,,way,10024,12.6,0.931,-331.4,871.88
115 West 88th Street,0.989,1032302,30006,,0.9,Yorkville / Carnegie Hill,107.5,6,tag,0,40.7883182,block,-73.9719369,0.0,yes,270860469,,way,10024,13.6,0.929,-331.86,919.78
116 West 88th Street,0.988,1032276,30007,,0.9,Yorkville / Carnegie Hill,85.9,4,tag,0,40.7879057,block,-73.9719811,0.0,yes,270860471,,way,10024,15.4,0.935,-335.58,874.17
117 West 87th Street,0.988,1032274,30008,,0.9,Yorkville / Carnegie Hill,75.3,4,tag,0,40.7875826,block,-73.9721969,0.0,yes,270860473,,way,10024,13.2,0.929,-353.77,838.44
119 West 87th Street,0.988,1032243,30011,,0.9,Yorkville / Carnegie Hill,74.9,4,tag,0,40.7876044,block,-73.9722488,0.0,yes,270860483,,way,10024,13.4,0.942,-358.15,840.84
121 West 87th Street,0.989,1032242,30014,,0.9,Yorkville / Carnegie Hill,76.2,4,tag,0,40.7876262,block,-73.972301,0.0,yes,270860486,,way,10024,13.6,0.936,-362.55,843.26
123 West 88th Street,0.989,1032299,30018,,0.9,Yorkville / Carnegie Hill,118.0,6,tag,0,40.7884205,block,-73.9721839,0.0,yes,270860490,,way,10024,14.0,0.936,-352.68,931.09
124 West 88th Street,0.988,1032251,30019,,0.9,Yorkville / Carnegie Hill,95.8,6,tag,0,40.7879831,block,-73.9721801,0.0,yes,270860491,,way,10024,13.5,0.931,-352.36,882.73
127 West 87th Street,0.988,1032240,30022,,0.9,Yorkville / Carnegie Hill,76.9,4,tag,0,40.787693,block,-73.9724608,0.0,yes,270860494,,way,10024,13.4,0.934,-376.02,850.65
129 West 87th Street,0.989,1032272,30025,,0.9,Yorkville / Carnegie Hill,77.5,4,tag,0,40.7877153,block,-73.9725141,0.0,yes,270860497,,way,10024,13.4,0.939,-380.51,853.11
131 West 87th Street,0.988,1032239,30027,,0.9,Yorkville / Carnegie Hill,75.6,4,tag,0,40.7877374,block,-73.972567,0.0,yes,270860500,,way,10024,13.9,0.933,-384.97,855.55
137 West 87th Street,0.989,1032270,30033,,0.9,Yorkville / Carnegie Hill,72.6,4,tag,0,40.7878016,block,-73.9727021,0.0,yes,270860506,,way,10024,13.3,0.929,-396.36,862.66
139 West 87th Street,0.988,1032237,30035,,0.9,Yorkville / Carnegie Hill,74.2,4,tag,0,40.7878209,block,-73.9727482,0.0,yes,270860508,,way,10024,17.0,0.942,-400.25,864.79
141 West 87th Street,0.989,1032236,30037,,0.9,Yorkville / Carnegie Hill,71.9,5,tag,0,40.7878398,block,-73.9727942,0.0,yes,270860510,,way,10024,13.8,0.939,-404.13,866.87
142 West 88th Street,0.988,1032256,30038,,1.0,Yorkville / Carnegie Hill,100.5,7,tag,0,40.7881544,block,-73.9725742,0.0,yes,270860511,,way,10024,14.4,0.937,-385.58,901.67
144 West 88th Street,0.988,1032257,30040,,1.0,Yorkville / Carnegie Hill,101.5,7,tag,0,40.7881796,block,-73.9726305,0.0,yes,270860513,,way,10024,13.8,0.935,-390.32,904.45
157 West 87th Street,0.989,1032233,30058,,0.9,Yorkville / Carnegie Hill,77.4,4,tag,0,40.7880026,block,-73.9731996,0.0,yes,270860531,,way,10024,14.0,0.933,-438.3,884.88
157 West 88th Street,0.989,1032314,30059,,0.9,Yorkville / Carnegie Hill,72.1,6,tag,0,40.7886644,block,-73.972778,0.0,yes,270860532,,way,10024,15.3,0.932,-402.76,958.05
159 West 88th Street,0.988,1032291,30062,,0.9,Yorkville / Carnegie Hill,74.5,6,tag,0,40.788681,block,-73.972817,0.0,yes,270860535,,way,10024,15.6,0.945,-406.04,959.89
161 West 88th Street,0.988,1032290,30065,,0.9,Yorkville / Carnegie Hill,75.3,4,tag,0,40.7886864,block,-73.9728758,0.0,yes,270860538,,way,10024,17.0,0.936,-411.0,960.49
164 West 88th Street,0.988,1032264,30069,,0.9,Yorkville / Carnegie Hill,92.1,4,tag,0,40.788423,block,-73.9731951,0.0,yes,270860542,,way,10024,14.1,0.93,-437.91,931.36
175 West 88th Street,0.988,1032311,30081,,0.9,Yorkville / Carnegie Hill,84.4,6,tag,0,40.7888474,block,-73.973238,0.0,yes,270860554,,way,10024,13.0,0.938,-441.53,978.29
177 West 88th Street,0.988,1032285,30082,,0.9,Yorkville / Carnegie Hill,84.3,6,tag,0,40.7888718,block,-73.9732922,0.0,yes,270860555,,way,10024,13.0,0.941,-446.1,980.99
,0.989,1032271,30088,,0.9,Yorkville / Carnegie Hill,77.9,5,tag,0,40.7877645,block,-73.9726133,0.0,yes,270860561,,way,,13.2,0.934,-388.88,858.55
17 West 88th Street,0.569,1077191,30092,,16.5,Yorkville / Carnegie Hill,338.1,5,tag,0,40.7871087,block,-73.969007,0.0,yes,270860827,,way,10024,17.7,0.563,-84.89,786.04
28 West 89th Street,0.922,1031518,30102,,1.4,Yorkville / Carnegie Hill,137.4,4,tag,0,40.7874725,block,-73.9690563,0.0,yes,270860837,,way,10024,18.7,0.915,-89.04,826.26
10 West 90th Street,0.988,1031573,30141,,0.9,Yorkville / Carnegie Hill,110.5,6,tag,0,40.7879976,block,-73.9683409,0.0,yes,270861442,,way,10024,18.9,0.934,-28.73,884.33
21 West 89th Street,0.989,1031588,30153,,0.9,Yorkville / Carnegie Hill,121.6,6,tag,0,40.787727,block,-73.9685987,0.0,yes,270861454,,way,10024,18.7,0.932,-50.47,854.41
22 West 90th Street,0.94,1031578,30154,,0.5,Yorkville / Carnegie Hill,117.1,6,tag,0,40.7881752,block,-73.9687333,0.0,yes,270861455,,way,10024,16.8,0.904,-61.82,903.96
24 West 90th Street,0.936,1031579,30156,,0.6,Yorkville / Carnegie Hill,105.7,6,tag,0,40.7882034,block,-73.9687978,0.0,yes,270861457,,way,10024,16.8,0.904,-67.25,907.08
31 West 89th Street,0.988,1031559,30164,,0.9,Yorkville / Carnegie Hill,119.4,6,tag,0,40.7878568,block,-73.9689103,0.0,yes,270861465,,way,10024,18.8,0.929,-76.73,868.75
33 West 89th Street,0.989,1031558,30165,,0.9,Yorkville / Carnegie Hill,121.0,6,tag,0,40.7878828,block,-73.9689684,0.0,yes,270861466,,way,10024,19.1,0.931,-81.63,871.64
39 West 89th Street,0.989,1031586,30170,,0.9,Yorkville / Carnegie Hill,115.1,6,tag,0,40.7879618,block,-73.9691523,0.0,yes,270861471,,way,10024,18.7,0.93,-97.13,880.37
69 West 89th Street,0.948,1031545,30192,,0.6,Yorkville / Carnegie Hill,113.1,7,tag,0,40.7883505,block,-73.9700918,0.0,yes,270861503,,way,10024,13.5,0.922,-176.32,923.35
8 West 90th Street,0.988,1031572,30194,,0.9,Yorkville / Carnegie Hill,112.4,6,tag,0,40.7879755,block,-73.9682851,0.0,yes,270861507,,way,10024,19.2,0.93,-24.03,881.88
21 West 90th Street,0.989,1081757,30200,,0.9,Yorkville / Carnegie Hill,103.6,6,tag,0,40.7884284,block,-73.968345,0.0,yes,270879515,,way,10024,14.2,0.934,-29.08,931.96
23 West 90th Street,0.989,1081758,30202,,0.9,Yorkville / Carnegie Hill,101.1,7,tag,0,40.7884529,block,-73.9683941,0.0,yes,270879520,,way,10024,22.6,0.935,-33.22,934.68
25 West 90th Street,0.989,1031620,30204,,0.9,Yorkville / Carnegie Hill,103.6,6,tag,0,40.7884765,block,-73.9684503,0.0,yes,270879525,,way,10024,19.9,0.929,-37.95,937.28
26 West 91st Street,0.989,1081761,30205,,0.9,Yorkville / Carnegie Hill,100.6,6,tag,0,40.7887036,block,-73.9680305,0.0,yes,270879526,,way,10024,18.2,0.94,-2.57,962.39
27 West 90th Street,0.989,1031606,30206,,0.9,Yorkville / Carnegie Hill,99.5,6,tag,0,40.7884973,block,-73.9685002,0.0,yes,270879527,,way,10024,19.6,0.929,-42.17,939.58
38 West 91st Street,0.989,1081768,30213,,0.9,Yorkville / Carnegie Hill,100.0,6,tag,0,40.7888463,block,-73.9683709,0.0,yes,270879534,,way,10024,18.0,0.936,-31.26,978.17
40 West 91st Street,0.988,1081769,30214,,0.9,Yorkville / Carnegie Hill,100.4,6,tag,0,40.7888708,block,-73.9684306,0.0,yes,270879535,,way,10024,18.3,0.934,-36.3,980.88
42 West 91st Street,0.989,1081770,30216,,0.9,Yorkville / Carnegie Hill,100.7,6,tag,0,40.7888941,block,-73.9684845,0.0,yes,270879537,,way,10024,15.1,0.941,-40.84,983.46
44 West 91st Street,0.989,1031608,30218,,0.9,Yorkville / Carnegie Hill,102.0,6,tag,0,40.7889181,block,-73.9685453,0.0,yes,270879539,,way,10024,15.1,0.929,-45.96,986.11
49 West 90th Street,0.988,1031619,30223,,0.9,Yorkville / Carnegie Hill,94.6,6,tag,0,40.7887685,block,-73.9691637,0.0,yes,270879544,,way,10024,18.1,0.933,-98.09,969.57
51 West 90th Street,0.989,1031600,30225,,0.9,Yorkville / Carnegie Hill,92.2,6,tag,0,40.7887878,block,-73.969215,0.0,yes,270879546,,way,10024,18.7,0.935,-102.41,971.71
59 West 90th Street,0.989,1031597,30233,,0.9,Yorkville / Carnegie Hill,100.9,6,tag,0,40.7888853,block,-73.9694518,0.0,yes,270879555,,way,10024,20.4,0.94,-122.38,982.48
68 West 91st Street,0.989,1085074,30240,,0.9,Yorkville / Carnegie Hill,118.3,6,tag,0,40.7892174,block,-73.9692563,0.0,yes,270879562,,way,10024,17.5,0.932,-105.9,1019.21
152 West 92nd Street,0.989,1032508,30265,,0.9,Yorkville / Carnegie Hill,103.6,6,tag,0,40.7909908,block,-73.9715113,0.0,yes,270889001,,way,10025,14.0,0.93,-295.98,1215.3
153 West 91st Street,0.989,1032495,30266,,0.9,Yorkville / Carnegie Hill,82.7,4,tag,0,40.7906451,block,-73.9717078,0.0,yes,270889002,,way,10025,13.5,0.93,-312.54,1177.07
154 West 92nd Street,0.989,1032518,30267,,0.9,Yorkville / Carnegie Hill,103.0,6,tag,0,40.791014,block,-73.9715686,0.0,yes,270889003,,way,10025,14.0,0.937,-300.81,1217.86
22 West 94th Street,0.932,1031648,30320,,1.9,Yorkville / Carnegie Hill,99.2,6,tag,0,40.7905435,block,-73.9665674,0.0,yes,270892249,,way,10025,14.0,0.919,120.76,1165.83
24 West 94th Street,0.988,1031658,30321,,0.9,Yorkville / Carnegie Hill,90.1,4,tag,0,40.7905747,block,-73.9666139,0.0,yes,270892250,,way,10025,13.6,0.937,116.84,1169.29
26 West 94th Street,0.932,1031649,30322,,1.9,Yorkville / Carnegie Hill,104.4,6,tag,0,40.7905906,block,-73.9666775,0.0,yes,270892251,,way,10025,13.7,0.873,111.48,1171.04
28 West 94th Street,0.93,1031649,30323,,4.9,Yorkville / Carnegie Hill,95.7,6,tag,0,40.7906124,block,-73.9667295,0.0,yes,270892252,,way,10025,17.3,0.927,107.1,1173.45
44 West 94th Street,0.949,1031661,30331,,0.7,Yorkville / Carnegie Hill,93.9,6,tag,0,40.7908006,block,-73.9671753,0.0,yes,270892260,,way,10025,13.7,0.901,69.52,1194.27
,0.988,1031650,30338,,0.9,Yorkville / Carnegie Hill,86.7,4,tag,0,40.790644,block,-73.966777,0.0,yes,270892269,,way,,16.7,0.938,103.09,1176.95
11A West 94th Street,0.989,1031700,30343,,0.9,Yorkville / Carnegie Hill,107.5,6,tag,0,40.7907611,block,-73.9660824,0.0,yes,270892505,,way,10025,16.0,0.93,161.64,1189.89
15 West 94th Street,0.988,1031678,30346,,0.9,Yorkville / Carnegie Hill,107.5,6,tag,0,40.790785,block,-73.9661339,0.0,yes,270892508,,way,10025,16.4,0.944,157.3,1192.54
30 West 95th Street,0.989,1031688,30359,,0.9,Yorkville / Carnegie Hill,99.7,6,tag,0,40.7913514,block,-73.9665358,0.0,yes,270892521,,way,10025,13.0,0.937,123.42,1255.17
39 West 94th Street,0.989,1031669,30368,,0.9,Yorkville / Carnegie Hill,101.0,5,tag,0,40.7910458,block,-73.9667697,0.0,yes,270892530,,way,10025,13.5,0.931,103.7,1221.38
43 West 94th Street,0.989,1031668,30371,,0.9,Yorkville / Carnegie Hill,90.2,6,tag,0,40.7910856,block,-73.9668879,0.0,yes,270892533,,way,10025,13.6,0.931,93.74,1225.78
,0.404,1086833,30386,,33.5,Yorkville / Carnegie Hill,191.2,6,tag,0,40.7919163,block,-73.9677575,0.0,yes,270892548,,way,,3.0,0.365,20.44,1317.63
121 West 92nd Street,0.989,1032529,30391,,0.9,Yorkville / Carnegie Hill,90.4,4,tag,0,40.7908496,block,-73.9702182,0.0,yes,270893033,,way,10025,19.7,0.936,-186.98,1199.69
131 West 93rd Street,0.989,1080390,30407,,0.9,Yorkville / Carnegie Hill,99.9,6,tag,0,40.7915656,block,-73.9699755,0.0,yes,270893331,,way,10025,13.9,0.933,-166.52,1278.85
135 West 93rd Street,0.988,1080392,30409,,0.9,Yorkville / Carnegie Hill,100.2,6,tag,0,40.7916153,block,-73.9700946,0.0,yes,270893335,,way,10025,14.1,0.932,-176.56,1284.35
137 West 93rd Street,0.989,1080393,30410,,0.9,Yorkville / Carnegie Hill,100.2,6,tag,0,40.7916417,block,-73.970157,0.0,yes,270893337,,way,10025,14.1,0.932,-181.82,1287.26
139 West 93rd Street,0.988,1080394,30411,,0.9,Yorkville / Carnegie Hill,101.0,6,tag,0,40.7916663,block,-73.9702139,0.0,yes,270893338,,way,10025,14.3,0.935,-186.62,1289.99
,0.988,1070972,30434,,0.9,Yorkville / Carnegie Hill,103.1,5,tag,0,40.7918558,block,-73.9706325,0.0,yes,270893388,,way,,13.5,0.937,-221.9,1310.94
137 West 94th Street,0.989,1032555,30453,,0.9,Yorkville / Carnegie Hill,81.4,4,tag,0,40.7922815,block,-73.9697154,0.0,yes,270894450,,way,10025,12.9,0.936,-144.6,1358.01
145 West 94th Street,0.989,1032575,30461,,0.9,Yorkville / Carnegie Hill,100.5,6,tag,0,40.7923981,block,-73.9699552,0.0,yes,270894473,,way,10025,13.4,0.929,-164.81,1370.91
17 West 95th Street,0.989,1031719,30473,,0.9,Yorkville / Carnegie Hill,100.1,6,tag,0,40.7914932,block,-73.9658768,0.0,yes,270895554,,way,10025,15.3,0.934,178.98,1270.84
19 West 95th Street,0.988,1031746,30474,,1.0,Yorkville / Carnegie Hill,97.9,6,tag,0,40.7915135,block,-73.9659342,0.0,yes,270895555,,way,10025,15.2,0.93,174.14,1273.1
28 West 96th Street,0.989,1031732,30482,,0.9,Yorkville / Carnegie Hill,126.3,6,tag,0,40.7918815,block,-73.9658613,0.0,yes,270895563,,way,10025,22.2,0.932,180.28,1313.79
29 West 95th Street,0.989,1031715,30483,,0.9,Yorkville / Carnegie Hill,100.5,6,tag,0,40.7916373,block,-73.9662202,0.0,yes,270895564,,way,10025,13.4,0.931,150.03,1286.78
35 West 95th Street,0.989,1031713,30490,,0.9,Yorkville / Carnegie Hill,76.1,4,tag,0,40.7916936,block,-73.9663952,0.0,yes,270895571,,way,10025,13.4,0.93,135.28,1293.0
36 West 96th Street,0.989,1031750,30493,,0.9,Yorkville / Carnegie Hill,105.2,6,tag,0,40.7919864,block,-73.9660984,0.0,yes,270895574,,way,10025,19.0,0.934,160.29,1325.38
37 West 95th Street,0.988,1031712,30494,,0.9,Yorkville / Carnegie Hill,75.5,4,tag,0,40.7917144,block,-73.9664459,0.0,yes,270895575,,way,10025,13.4,0.943,131.0,1295.31
38 West 96th Street,0.988,1031736,30495,,0.9,Yorkville / Carnegie Hill,104.4,6,tag,0,40.7920074,block,-73.9661507,0.0,yes,270895576,,way,10025,19.2,0.941,155.88,1327.71
40 West 96th Street,0.988,1031737,30497,,0.9,Yorkville / Carnegie Hill,105.6,6,tag,0,40.7920306,block,-73.966208,0.0,yes,270895578,,way,10025,18.6,0.934,151.05,1330.27
42 West 96th Street,0.988,1031751,30498,,0.9,Yorkville / Carnegie Hill,107.6,6,tag,0,40.7920536,block,-73.9662597,0.0,yes,270895579,,way,10025,18.7,0.936,146.7,1332.82
47 West 95th Street,0.989,1031709,30503,,0.8,Yorkville / Carnegie Hill,106.0,6,tag,0,40.7918132,block,-73.9666581,0.0,yes,270895584,,way,10025,15.8,0.933,113.11,1306.23
115 West 95th Street,0.841,1032605,30522,,4.7,Yorkville / Carnegie Hill,139.6,5,tag,0,40.7927043,block,-73.9686362,0.0,yes,270895996,,way,10025,14.8,0.8,-53.63,1404.76
117 West 95th Street,0.817,1032605,30523,,4.2,Yorkville / Carnegie Hill,127.1,4,tag,0,40.7927252,block,-73.9686869,0.0,yes,270895997,,way,10025,15.8,0.776,-57.9,1407.08
135 West 95th Street,0.989,1032599,30533,,0.9,Yorkville / Carnegie Hill,69.5,4,tag,0,40.7928766,block,-73.96919,0.0,yes,270896007,,way,10025,14.4,0.93,-100.31,1423.81
149 West 95th Street,0.988,1032594,30540,,0.9,Yorkville / Carnegie Hill,93.1,6,tag,0,40.7930685,block,-73.9696315,0.0,yes,270896014,,way,10025,13.1,0.933,-137.52,1445.03
159 West 95th Street,0.989,1032590,30545,,0.9,Yorkville / Carnegie Hill,89.6,6,tag,0,40.7931876,block,-73.9699184,0.0,yes,270896019,,way,10025,12.4,0.93,-161.71,1458.21
312 West 78th Street,0.988,1031105,30572,,0.9,Upper West Side,94.6,6,tag,0,40.7838069,block,-73.9824822,0.0,yes,270897943,,way,10024,16.1,0.935,-1220.76,420.94
314 West 78th Street,0.988,1031106,30574,,0.9,Upper West Side,96.7,5,tag,0,40.7838265,block,-73.9825344,0.0,yes,270897945,,way,10024,16.4,0.936,-1225.16,423.11
316 West 78th Street,0.988,1031107,30576,,0.9,Upper West Side,100.1,7,tag,0,40.7838492,block,-73.9825828,0.0,yes,270897947,,way,10024,16.5,0.932,-1229.24,425.62
318 West 78th Street,0.989,1031108,30578,,0.9,Upper West Side,97.6,6,tag,0,40.7838738,block,-73.982637,0.0,yes,270897949,,way,10024,16.8,0.93,-1233.81,428.34
389 West End Avenue,0.988,1031126,30608,,0.9,Upper West Side,74.7,5,tag,0,40.78406,block,-73.9816857,0.0,yes,270898189,,way,10024,12.9,0.944,-1153.62,448.93
311 West 80th Street,0.988,1033738,30657,,0.9,UWS North / Columbia,97.8,8,tag,0,40.7854462,block,-73.9811525,0.0,yes,270900110,,way,10024,15.7,0.936,-1108.68,602.21
313 West 80th Street,0.988,1033737,30660,,0.9,UWS North / Columbia,96.9,6,tag,0,40.7854616,block,-73.9811994,0.0,yes,270900113,,way,10024,15.8,0.947,-1112.63,603.91
319 West 80th Street,0.989,1033761,30668,,0.9,UWS North / Columbia,112.8,7,tag,0,40.7855326,block,-73.981364,0.0,yes,270900121,,way,10024,19.9,0.932,-1126.5,611.76
204 West 83rd Street,0.988,1032764,30690,,0.9,Yorkville / Carnegie Hill,116.2,13,tag,0,40.7857266,block,-73.9768755,0.0,yes,270901664,,way,10024,16.4,0.94,-748.15,633.21
208 West 83rd Street,0.988,1032765,30694,,0.9,Yorkville / Carnegie Hill,116.4,13,tag,0,40.7857818,block,-73.9770058,0.0,yes,270901668,,way,10024,17.3,0.932,-759.14,639.32
210 West 83rd Street,0.988,1032766,30696,,0.9,Yorkville / Carnegie Hill,116.3,13,tag,0,40.7858054,block,-73.9770619,0.0,yes,270901670,,way,10024,16.4,0.94,-763.87,641.92
314 West 83rd Street,0.989,1033806,30748,,0.9,UWS North / Columbia,104.2,6,tag,0,40.7870407,block,-73.9800128,0.0,yes,270902693,,way,10024,13.9,0.933,-1012.61,778.52
325 West 82nd Street,0.988,1033791,30757,,0.9,UWS North / Columbia,118.9,6,tag,0,40.7869023,block,-73.9806989,0.0,yes,270902702,,way,10024,17.7,0.93,-1070.44,763.21
276 West 86th Street,0.935,1033143,30779,,0.7,Yorkville / Carnegie Hill,100.5,4,tag,0,40.7884485,block,-73.9774296,0.0,yes,270906970,,way,10024,20.6,0.888,-794.86,934.19
342 West 84th Street,0.989,1033834,30809,,0.9,UWS North / Columbia,97.3,6,tag,0,40.7880413,block,-73.9804201,0.0,yes,270908111,,way,10024,13.5,0.934,-1046.94,889.16
318 West 85th Street,0.989,1033879,30828,,0.9,UWS North / Columbia,112.6,6,tag,0,40.7883756,block,-73.979261,0.0,yes,270909579,,way,10024,13.5,0.933,-949.23,926.13
323 West 84th Street,0.988,1033852,30833,,0.9,UWS North / Columbia,99.1,6,tag,0,40.7881178,block,-73.9796351,0.0,yes,270909584,,way,10024,16.3,0.933,-980.77,897.62
324 West 85th Street,0.989,1033880,30834,,0.9,UWS North / Columbia,106.7,6,tag,0,40.7884415,block,-73.9794139,0.0,yes,270909585,,way,10024,12.6,0.929,-962.12,933.41
325 West 84th Street,0.989,1033851,30835,,0.9,UWS North / Columbia,98.2,6,tag,0,40.7881415,block,-73.9796867,0.0,yes,270909586,,way,10024,16.3,0.94,-985.12,900.24
326 West 85th Street,0.989,1033864,30836,,0.9,UWS North / Columbia,106.4,8,tag,0,40.7884633,block,-73.9794724,0.0,yes,270909587,,way,10024,13.2,0.937,-967.06,935.83
335 West 84th Street,0.989,1033874,30842,,0.9,UWS North / Columbia,97.4,6,tag,0,40.7882642,block,-73.9799788,0.0,yes,270909593,,way,10024,15.6,0.931,-1009.75,913.81
337 West 84th Street,0.988,1033847,30843,,0.9,UWS North / Columbia,97.5,6,tag,0,40.7882858,block,-73.9800313,0.0,yes,270909594,,way,10024,15.3,0.944,-1014.16,916.19
353 West 84th Street,0.99,1033841,30854,,0.8,UWS North / Columbia,95.7,7,tag,0,40.7884685,block,-73.9804629,0.0,yes,270909605,,way,10024,18.0,0.936,-1050.55,936.39
357 West 84th Street,0.989,1033840,30856,,0.9,UWS North / Columbia,103.3,8,tag,0,40.7885104,block,-73.9805661,0.0,yes,270909607,,way,10024,18.5,0.938,-1059.25,941.03
535 West End Avenue,0.711,1088579,30885,,7.3,Yorkville / Carnegie Hill,815.3,6,tag,0,40.7887755,block,-73.9783337,0.0,yes,270910204,,way,10024,14.8,0.693,-871.07,970.34
258 West 88th Street,0.989,1033222,30916,,0.9,Yorkville / Carnegie Hill,88.9,4,tag,0,40.7897321,block,-73.9762845,0.0,yes,270948813,,way,10024,12.9,0.929,-698.33,1076.12
327 West 87th Street,0.988,1033997,30979,,1.0,Yorkville / Carnegie Hill,90.5,7,tag,0,40.7902332,block,-73.9784552,0.0,yes,270961337,,way,10024,16.7,0.938,-881.31,1131.52
329 West 87th Street,0.988,1033965,30981,,1.0,Yorkville / Carnegie Hill,90.5,6,tag,0,40.7902532,block,-73.9784999,0.0,yes,270961340,,way,10024,20.8,0.952,-885.08,1133.73
331 West 87th Street,0.988,1033964,30983,,0.9,Yorkville / Carnegie Hill,91.9,6,tag,0,40.7902754,block,-73.9785499,0.0,yes,270961346,,way,10024,16.8,0.939,-889.3,1136.19
333 West 87th Street,0.988,1033996,30985,,0.9,Yorkville / Carnegie Hill,91.8,6,tag,0,40.7902943,block,-73.9785962,0.0,yes,270961352,,way,10024,17.3,0.951,-893.19,1138.29
349 West 87th Street,0.988,1033957,30999,,0.9,UWS North / Columbia,120.6,6,tag,0,40.7905013,block,-73.9790813,0.0,yes,270961409,,way,10024,17.2,0.929,-934.08,1161.17
328 West 89th Street,0.989,1034029,31021,,0.9,Yorkville / Carnegie Hill,116.7,6,tag,0,40.7911958,block,-73.9778441,0.0,yes,270962422,,way,10024,18.0,0.931,-829.8,1237.96
330 West 89th Street,0.989,1034065,31023,,0.9,Yorkville / Carnegie Hill,117.0,6,tag,0,40.7912215,block,-73.9779083,0.0,yes,270962427,,way,10024,18.0,0.93,-835.21,1240.81
332 West 89th Street,0.988,1034030,31025,,0.9,Yorkville / Carnegie Hill,117.8,6,tag,0,40.7912475,block,-73.9779717,0.0,yes,270962433,,way,10024,17.9,0.929,-840.56,1243.68
339 West 88th Street,0.989,1034006,31032,,0.9,Yorkville / Carnegie Hill,121.6,6,tag,0,40.7909883,block,-73.9782804,0.0,yes,270962455,,way,10024,18.0,0.934,-866.58,1215.02
344 West 89th Street,0.989,1034034,31036,,0.9,Yorkville / Carnegie Hill,125.1,6,tag,0,40.7913899,block,-73.9783588,0.0,yes,270962466,,way,10024,17.0,0.931,-873.18,1259.43
,0.781,1034034,31042,,10.9,Yorkville / Carnegie Hill,101.4,7,tag,0,40.7913512,block,-73.9784741,0.0,yes,270962482,,way,,8.2,0.731,-882.9,1255.14
306 West 90th Street,0.989,1034055,31048,,0.9,Yorkville / Carnegie Hill,85.7,6,tag,0,40.7915236,block,-73.9767051,0.0,yes,270963243,,way,10024,13.9,0.929,-733.78,1274.21
308 West 90th Street,0.988,1034056,31050,,0.9,Yorkville / Carnegie Hill,83.3,6,tag,0,40.791542,block,-73.9767484,0.0,yes,270963251,,way,10024,13.0,0.942,-737.44,1276.25
316 West 90th Street,0.989,1034060,31056,,0.9,Yorkville / Carnegie Hill,96.7,6,tag,0,40.7916371,block,-73.9769808,0.0,yes,270963267,,way,10024,13.6,0.94,-757.03,1286.77
260 West 91st Street,0.924,1033564,31077,,5.6,Yorkville / Carnegie Hill,107.8,6,tag,0,40.791574,block,-73.9748695,0.0,yes,270967858,,way,10024,15.4,0.887,-579.06,1279.78
268 West 91st Street,0.989,1033566,31086,,0.9,Yorkville / Carnegie Hill,110.1,6,tag,0,40.7916677,block,-73.9750894,0.0,yes,270967867,,way,10024,15.4,0.932,-597.59,1290.15
269 West 90th Street,0.989,1033551,31087,,0.9,Yorkville / Carnegie Hill,109.0,6,tag,0,40.7913693,block,-73.9753071,0.0,yes,270967868,,way,10024,15.5,0.931,-615.95,1257.15
626 West End Avenue,0.869,1033549,31095,,2.5,Yorkville / Carnegie Hill,144.5,6,tag,0,40.7915868,block,-73.9755651,0.0,yes,270967876,,way,10024,13.9,0.864,-637.69,1281.2
3 Pomander Walk,0.989,1080416,31206,,0.9,Yorkville / Carnegie Hill,67.8,5,tag,0,40.7941312,block,-73.9730883,0.0,yes,270982500,,way,10025,7.8,0.931,-428.91,1562.54
5 Pomander Walk,0.989,1080418,31208,,0.9,Yorkville / Carnegie Hill,65.4,4,tag,0,40.7940339,block,-73.973159,0.0,yes,270982504,,way,10025,7.7,0.932,-434.88,1551.78
8 Pomander Walk,0.989,1080421,31211,,0.9,Yorkville / Carnegie Hill,65.4,4,tag,0,40.79389,block,-73.9732638,0.0,yes,270982511,,way,10025,7.5,0.929,-443.71,1535.88
20 Pomander Walk,0.988,1080429,31250,,0.9,Yorkville / Carnegie Hill,68.2,4,tag,0,40.7941079,block,-73.9733317,0.0,yes,270985146,,way,,9.6,0.929,-449.43,1559.97
19 Pomander Walk,0.989,1080428,31255,,0.9,Yorkville / Carnegie Hill,67.5,4,tag,0,40.7940595,block,-73.9733674,0.0,yes,270985151,,way,,9.7,0.934,-452.44,1554.62
308 West 98th Street,0.988,1057073,31318,,0.9,Yorkville / Carnegie Hill,99.3,6,tag,0,40.7966767,block,-73.9730567,0.0,yes,270990505,,way,10025,13.8,0.935,-426.25,1844.01
210 West 96th Street,0.87,1033706,31343,,9.5,Yorkville / Carnegie Hill,208.4,8,tag,0,40.7941703,block,-73.9712831,0.0,yes,270991653,,way,10025,3.7,0.86,-276.74,1566.87
,0.352,1085590,31414,,35.2,Yorkville / Carnegie Hill,2375.8,61,tag,0,40.7940581,block,-73.9687952,0.0,apartments,271150549,,way,,34.5,0.323,-67.03,1554.46
237 West 100th Street,0.987,1056477,31524,,1.0,Yorkville / Carnegie Hill,97.4,6,tag,0,40.7976706,block,-73.9705036,0.0,yes,271177016,,way,10025,14.7,0.938,-211.04,1953.91
238 West 101st Street,0.988,1056497,31525,,1.0,Yorkville / Carnegie Hill,84.7,5,tag,0,40.7980101,block,-73.9702995,0.0,yes,271177018,,way,10025,14.2,0.929,-193.83,1991.45
239 West 100th Street,0.987,1056476,31526,,1.0,Yorkville / Carnegie Hill,97.4,6,tag,0,40.7976911,block,-73.9705546,0.0,yes,271177020,,way,10025,14.4,0.946,-215.33,1956.17
240 West 101st Street,0.988,1056490,31527,,1.0,Yorkville / Carnegie Hill,84.5,5,tag,0,40.7980329,block,-73.9703521,0.0,yes,271177022,,way,10025,14.1,0.943,-198.27,1993.97
243 West 100th Street,0.987,1056475,31529,,1.0,Yorkville / Carnegie Hill,106.8,6,tag,0,40.7977353,block,-73.9706509,0.0,yes,271177027,,way,10025,14.4,0.933,-223.46,1961.06
255 West 99th Street,0.988,1056452,31533,,0.9,Yorkville / Carnegie Hill,80.2,6,tag,0,40.7970985,block,-73.9710748,0.0,yes,271177043,,way,10025,14.7,0.933,-259.19,1890.65
315 West 100th Street,0.988,1057132,31566,,0.9,Yorkville / Carnegie Hill,120.9,6,tag,0,40.79833,block,-73.9720645,0.0,yes,271183993,,way,10025,19.0,0.929,-342.62,2026.83
318 West 101st Street,0.988,1057139,31569,,0.9,Yorkville / Carnegie Hill,104.6,6,tag,0,40.7985821,block,-73.9717122,0.0,yes,271183996,,way,10025,19.1,0.934,-312.92,2054.7
322 West 101st Street,0.989,1057173,31573,,0.9,Yorkville / Carnegie Hill,111.9,6,tag,0,40.7986297,block,-73.9718231,0.0,yes,271184000,,way,10025,18.5,0.932,-322.27,2059.96
323 West 100th Street,0.989,1057129,31574,,0.9,Yorkville / Carnegie Hill,128.1,6,tag,0,40.7984326,block,-73.9723135,0.0,yes,271184002,,way,10025,18.1,0.934,-363.6,2038.16
250 West 102nd Street,0.988,1056521,31591,,0.9,Yorkville / Carnegie Hill,125.6,6,tag,0,40.7986752,block,-73.9699667,0.0,terrace,271184587,6,way,10025,18.8,0.935,-165.78,2065.0
319 West 101st Street,0.871,1079479,31610,,3.0,Yorkville / Carnegie Hill,102.3,8,tag,0,40.7988624,block,-73.971443,0.0,yes,271184638,,way,10025,15.3,0.86,-290.22,2085.7
249 West 102nd Street,0.989,1056536,31630,,0.9,Yorkville / Carnegie Hill,129.2,9,tag,0,40.7989921,block,-73.9697045,0.0,terrace,271184715,5,way,10025,15.6,0.939,-143.68,2100.03
866 West End Avenue,0.989,1056553,31637,,0.9,Yorkville / Carnegie Hill,136.2,6,tag,0,40.7991936,block,-73.9699609,0.0,yes,271184723,,way,10025,18.4,0.934,-165.29,2122.32
311 West 102nd Street,0.971,1057178,31648,,0.8,Yorkville / Carnegie Hill,120.6,8,tag,0,40.7995185,block,-73.9710084,0.0,yes,271184741,4,way,10025,13.7,0.914,-253.59,2158.24
313 West 102nd Street,0.979,1057177,31650,,0.7,Yorkville / Carnegie Hill,116.1,8,tag,0,40.799547,block,-73.9710717,0.0,yes,271184743,4,way,10025,13.7,0.925,-258.93,2161.39
214 West 104th Street,0.988,1056580,31676,,0.9,Yorkville / Carnegie Hill,132.1,10,tag,0,40.7992633,block,-73.9675038,0.0,apartments,271185228,6,way,10025,21.4,0.934,41.83,2130.02
243 West 103rd Street,0.988,1079470,31691,,0.9,Yorkville / Carnegie Hill,81.3,4,tag,0,40.7995456,block,-73.9691504,0.0,yes,271185452,,way,10025,13.2,0.941,-96.97,2161.24
245 West 103rd Street,0.988,1079471,31693,,0.9,Yorkville / Carnegie Hill,78.9,4,tag,0,40.799568,block,-73.9692044,0.0,yes,271185454,,way,10025,13.2,0.929,-101.52,2163.72
247 West 103rd Street,0.989,1079472,31694,,0.9,Yorkville / Carnegie Hill,78.0,4,tag,0,40.79959,block,-73.9692573,0.0,yes,271185455,,way,10025,13.5,0.938,-105.98,2166.15
251 West 103rd Street,0.988,1079474,31697,,0.9,Yorkville / Carnegie Hill,79.9,4,tag,0,40.7996351,block,-73.9693655,0.0,yes,271185458,,way,10025,13.9,0.933,-115.11,2171.13
318 West 104th Street,0.988,1057204,31714,,0.9,East Harlem,113.6,6,tag,0,40.8005661,block,-73.9705711,0.0,apartments,271185560,,way,10025,17.3,0.933,-216.72,2274.08
308 West 105th Street,0.989,1057219,31727,,0.9,East Harlem,113.7,6,tag,0,40.8010747,block,-73.9698563,0.0,apartments,271185577,,way,10025,18.4,0.935,-156.47,2330.32
316 West 105th Street,0.989,1057222,31733,,0.9,East Harlem,118.6,6,tag,0,40.8011784,block,-73.9701037,0.0,apartments,271185583,,way,10025,19.6,0.932,-177.33,2341.78
305 West 105th Street,0.988,1057236,31774,,0.9,East Harlem,123.1,6,tag,0,40.8013545,block,-73.9694645,0.0,yes,271187945,,way,10025,18.4,0.929,-123.45,2361.25
306 West 106th Street,0.989,1057243,31776,,0.9,East Harlem,100.6,4,tag,0,40.8016961,block,-73.9693028,0.0,apartments,271187949,5,way,10025,18.4,0.941,-109.82,2399.02
105 Manhattan Avenue,0.989,1055511,31858,,0.9,Yorkville / Carnegie Hill,66.9,4,tag,0,40.7976134,block,-73.9624845,0.0,yes,271191135,,way,10025,11.2,0.933,464.93,1947.58
107 Manhattan Avenue,0.989,1055493,31859,,0.9,Yorkville / Carnegie Hill,65.4,4,tag,0,40.7976571,block,-73.9624527,0.0,yes,271191137,,way,10025,11.2,0.931,467.6,1952.42
109 Manhattan Avenue,0.989,1055512,31860,,0.9,Yorkville / Carnegie Hill,65.2,4,tag,0,40.7977003,block,-73.9624213,0.0,yes,271191138,,way,10025,11.5,0.941,470.25,1957.19
111 Manhattan Avenue,0.989,1055494,31862,,0.9,Yorkville / Carnegie Hill,66.6,4,tag,0,40.7977439,block,-73.9623898,0.0,yes,271191142,,way,10025,11.6,0.932,472.91,1962.01
113 Manhattan Avenue,0.988,1055517,31863,,0.9,Yorkville / Carnegie Hill,64.8,4,tag,0,40.7977873,block,-73.9623583,0.0,yes,271191143,,way,10025,12.1,0.93,475.57,1966.81
115 Manhattan Avenue,0.989,1055516,31864,,0.9,Yorkville / Carnegie Hill,65.0,4,tag,0,40.7978302,block,-73.9623271,0.0,yes,271191145,,way,10025,12.1,0.942,478.19,1971.56
117 Manhattan Avenue,0.988,1055515,31865,,0.9,Yorkville / Carnegie Hill,65.6,4,tag,0,40.7978734,block,-73.9622958,0.0,yes,271191147,,way,10025,12.1,0.938,480.83,1976.34
119 Manhattan Avenue,0.989,1055501,31866,,0.9,Yorkville / Carnegie Hill,64.3,4,tag,0,40.7979164,block,-73.9622646,0.0,yes,271191149,,way,10025,12.2,0.933,483.46,1981.09
123 Manhattan Avenue,0.988,1055633,31903,,0.9,Yorkville / Carnegie Hill,60.2,4,tag,0,40.798191,block,-73.9620645,0.0,yes,271192163,,way,10025,12.1,0.935,500.32,2011.45
125 Manhattan Avenue,0.989,1055634,31905,,0.9,Yorkville / Carnegie Hill,62.1,4,tag,0,40.7982309,block,-73.9620353,0.0,yes,271192165,,way,10025,12.6,0.934,502.79,2015.87
127 Manhattan Avenue,0.988,1055635,31907,,0.9,Yorkville / Carnegie Hill,62.6,4,tag,0,40.7982717,block,-73.9620055,0.0,yes,271192167,,way,10025,12.7,0.942,505.3,2020.38
133 Manhattan Avenue,0.989,1055620,31913,,0.9,Yorkville / Carnegie Hill,61.6,4,tag,0,40.7983925,block,-73.9619171,0.0,yes,271192173,,way,10025,12.4,0.943,512.75,2033.73
136 Manhattan Avenue,0.989,1055617,31916,,0.9,Yorkville / Carnegie Hill,82.9,4,tag,0,40.7983045,block,-73.9614629,0.0,yes,271192176,,way,10025,12.2,0.943,551.04,2024.0
140 Manhattan Avenue,0.987,1055615,31919,,0.9,Yorkville / Carnegie Hill,81.4,4,tag,0,40.798388,block,-73.9614028,0.0,yes,271192179,,way,10025,13.0,0.93,556.1,2033.23
30 West 105th Street,0.989,1055514,31924,,0.9,Yorkville / Carnegie Hill,71.8,4,tag,0,40.7975673,block,-73.9614268,0.0,yes,271192184,,way,10025,12.9,0.931,554.09,1942.49
40 West 106th Street,0.989,1055638,31930,,0.9,Yorkville / Carnegie Hill,78.3,6,tag,0,40.7982855,block,-73.9611874,0.0,yes,271192195,,way,10025,12.0,0.932,574.26,2021.91
42 West 106th Street,0.976,1055614,31932,,0.8,Yorkville / Carnegie Hill,80.1,4,tag,0,40.7983133,block,-73.9612348,0.0,yes,271192198,,way,10025,12.0,0.936,570.27,2024.97
43 West 105th Street,0.989,1055609,31933,,0.9,Yorkville / Carnegie Hill,74.9,4,tag,0,40.7979517,block,-73.9614975,0.0,house,271192200,3,way,10025,13.1,0.941,548.12,1985.0
474 Central Park West,0.896,1079448,31986,,2.5,Yorkville / Carnegie Hill,136.6,10,tag,0,40.7991536,block,-73.9595682,0.0,apartments,271193430,5,way,10025,19.3,0.843,710.75,2117.9
,0.509,1079448,31998,,9.4,Yorkville / Carnegie Hill,27.0,5,tag,0,40.7991819,block,-73.9597021,0.0,yes,271193451,,way,,19.9,0.507,699.46,2121.01
127 West 106th Street,0.989,1055958,32041,,0.9,Yorkville / Carnegie Hill,145.5,14,tag,0,40.7999451,block,-73.9638544,0.0,apartments,271194800,5,way,10025,18.2,0.937,349.45,2205.4
303 REAR-A East 101st Street,0.522,1052652,32261,,18.4,Yorkville / Carnegie Hill,61.9,4,tag,0,40.7875292,block,-73.9441231,0.0,yes,271211201,,way,10029,10.0,0.501,2012.68,832.53
303 REAR-B East 101st Street,0.41,1052652,32262,,25.9,Yorkville / Carnegie Hill,55.6,4,tag,0,40.7874963,block,-73.944045,0.0,yes,271211204,,way,10029,10.0,0.402,2019.26,828.89
,0.581,1052652,32267,,30.6,Yorkville / Carnegie Hill,157.8,4,tag,0,40.7873778,block,-73.9441314,0.0,yes,271211216,,way,,9.7,0.559,2011.98,815.79
,0.653,1052657,32268,,28.1,Yorkville / Carnegie Hill,175.5,4,tag,0,40.7874107,block,-73.9442095,0.0,yes,271211219,,way,,10.3,0.614,2005.4,819.43
156 East 102nd Street,0.814,1051852,32323,,11.5,Yorkville / Carnegie Hill,93.2,7,tag,0,40.7893573,block,-73.9478719,0.0,yes,271219018,,way,10029,15.4,0.768,1696.68,1034.67
162 East 103rd Street,0.514,1084317,32333,,38.4,Yorkville / Carnegie Hill,181.6,12,tag,0,40.7898412,block,-73.9470698,0.0,yes,271219030,,way,10029,18.3,0.501,1764.29,1088.18
164 East 103rd Street,0.515,1051890,32338,,38.4,Yorkville / Carnegie Hill,179.9,12,tag,0,40.7898049,block,-73.9469832,0.0,yes,271219036,,way,10029,18.6,0.507,1771.59,1084.17
179 East 101st Street,0.697,1051847,32360,,6.6,Yorkville / Carnegie Hill,246.7,12,tag,0,40.7887774,block,-73.947417,0.0,yes,271219065,,way,10029,19.4,0.689,1735.03,970.55
190 East 104th Street,0.835,1051929,32377,,3.8,Yorkville / Carnegie Hill,134.8,4,tag,0,40.7902698,block,-73.9459534,0.0,apartments,271219085,4,way,10029,14.4,0.79,1858.4,1135.57
103 East 101st Street,0.989,1051864,32385,,0.9,Yorkville / Carnegie Hill,86.5,6,tag,0,40.7897588,block,-73.9498245,0.0,yes,271219655,,way,10029,12.9,0.932,1532.09,1079.07
105 East 101st Street,0.988,1051832,32387,,0.9,Yorkville / Carnegie Hill,84.1,6,tag,0,40.7897376,block,-73.9497719,0.0,yes,271219658,,way,10029,12.6,0.95,1536.52,1076.73
107 East 101st Street,0.989,1051865,32390,,0.9,Yorkville / Carnegie Hill,84.4,6,tag,0,40.789717,block,-73.9497272,0.0,yes,271219662,,way,10029,12.6,0.941,1540.29,1074.45
109 East 101st Street,0.989,1051833,32391,,0.9,Yorkville / Carnegie Hill,85.2,6,tag,0,40.7896962,block,-73.9496742,0.0,yes,271219664,,way,10029,12.6,0.94,1544.76,1072.15
1598 Lexington Avenue,0.988,1051868,32436,,0.9,Yorkville / Carnegie Hill,94.5,6,tag,0,40.7894027,block,-73.9486359,0.0,yes,271219719,,way,10029,12.1,0.929,1632.28,1039.69
1608 Lexington Avenue,0.989,1051871,32439,,0.9,Yorkville / Carnegie Hill,92.4,6,tag,0,40.7895992,block,-73.9484918,0.0,yes,271219722,,way,10029,11.5,0.935,1644.42,1061.43
,0.878,1051882,32446,,2.6,Yorkville / Carnegie Hill,291.1,8,tag,0,40.7899403,block,-73.9481929,0.0,yes,271219732,,way,,23.4,0.825,1669.62,1099.13
,0.989,1051831,32448,,0.9,Yorkville / Carnegie Hill,90.0,6,tag,0,40.7897802,block,-73.9498712,0.0,yes,271219734,,way,,13.3,0.932,1528.15,1081.43
216 East 105th Street,0.989,1052398,32488,,0.9,Yorkville / Carnegie Hill,72.5,4,tag,0,40.7904171,block,-73.944466,0.0,yes,271221875,,way,10029,10.9,0.931,1983.78,1151.86
2045 1st Avenue,0.735,1052762,32531,,12.7,Yorkville / Carnegie Hill,127.2,5,tag,0,40.7894752,block,-73.9406092,0.0,yes,271222197,,way,10029,4.6,0.699,2308.88,1047.71
,0.687,1052762,32560,,19.6,Yorkville / Carnegie Hill,141.4,4,tag,0,40.7895262,block,-73.9405538,0.0,yes,271222235,,way,,3.9,0.682,2313.55,1053.35
,0.762,1052775,32561,,12.4,Yorkville / Carnegie Hill,185.8,4,tag,0,40.7900518,block,-73.9419284,0.0,yes,271222236,,way,,3.3,0.756,2197.68,1111.46
150 East 105th Street,0.989,1051978,32599,,0.9,Yorkville / Carnegie Hill,65.5,5,tag,0,40.7912912,block,-73.9465622,0.0,yes,271224373,,way,10029,12.8,0.944,1807.08,1248.51
152 East 105th Street,0.989,1051983,32600,,0.9,Yorkville / Carnegie Hill,63.7,4,tag,0,40.7912672,block,-73.9465241,0.0,yes,271224374,,way,10029,13.1,0.955,1810.29,1245.86
154 East 105th Street,0.988,1051977,32601,,0.9,Yorkville / Carnegie Hill,64.3,4,tag,0,40.7912505,block,-73.9464841,0.0,yes,271224376,,way,10029,13.7,0.942,1813.66,1244.02
160 East 105th Street,0.989,1051975,32607,,0.9,Yorkville / Carnegie Hill,113.6,4,tag,0,40.7911562,block,-73.9462825,0.0,yes,271224383,,way,10029,15.8,0.93,1830.66,1233.59
162 East 105th Street,0.989,1051974,32609,,0.9,Yorkville / Carnegie Hill,113.1,4,tag,0,40.7911297,block,-73.946219,0.0,yes,271224385,,way,10029,15.2,0.931,1836.01,1230.66
1661 Lexington Avenue,0.988,1051988,32615,,0.9,Yorkville / Carnegie Hill,74.8,4,tag,0,40.7911647,block,-73.9468085,0.0,yes,271224392,,way,10029,13.0,0.937,1786.32,1234.53
1667 Lexington Avenue,0.988,1051986,32618,,0.9,Yorkville / Carnegie Hill,58.1,4,tag,0,40.7912823,block,-73.9467357,0.0,yes,271224395,,way,10029,13.0,0.933,1792.46,1247.52
121 East 106th Street,0.989,1052059,32695,,0.9,Yorkville / Carnegie Hill,95.6,8,tag,0,40.7926998,block,-73.9467276,0.0,yes,271277520,,way,10029,14.0,0.929,1793.14,1404.27
125 East 106th Street,0.989,1052017,32699,,0.9,Yorkville / Carnegie Hill,74.8,4,tag,0,40.7926375,block,-73.9466345,0.0,yes,271277524,,way,10029,13.7,0.94,1800.99,1397.38
153 East 108th Street,0.988,1052110,32706,,0.9,Yorkville / Carnegie Hill,90.0,5,tag,0,40.7935588,block,-73.9448636,0.0,yes,271277531,,way,10029,15.6,0.931,1950.27,1499.25
159 East 107th Street,0.989,1052075,32719,,0.9,Yorkville / Carnegie Hill,94.0,4,tag,0,40.7928551,block,-73.9451633,0.0,yes,271277544,,way,10029,16.2,0.944,1925.0,1421.44
161 East 107th Street,0.989,1052098,32724,,0.9,Yorkville / Carnegie Hill,93.9,4,tag,0,40.7928331,block,-73.9451114,0.0,yes,271277549,,way,10029,16.2,0.931,1929.37,1419.01
166 East 108th Street,0.989,1052104,32734,,0.9,Yorkville / Carnegie Hill,97.0,4,tag,0,40.7930934,block,-73.9447116,0.0,yes,271277559,,way,10029,15.2,0.937,1963.07,1447.79
168 East 108th Street,0.988,1052091,32739,,0.9,Yorkville / Carnegie Hill,98.3,4,tag,0,40.7930705,block,-73.9446577,0.0,yes,271277564,,way,10029,15.2,0.93,1967.61,1445.26
1694 Lexington Avenue,0.989,1052020,32744,,0.9,Yorkville / Carnegie Hill,73.5,4,tag,0,40.792554,block,-73.9463184,0.0,yes,271277569,,way,10029,14.5,0.943,1827.63,1388.15
1696 Lexington Avenue,0.989,1052062,32746,,0.9,Yorkville / Carnegie Hill,73.5,4,tag,0,40.792595,block,-73.9462883,0.0,yes,271277571,,way,10029,13.8,0.945,1830.17,1392.68
1702 Lexington Avenue,0.989,1052054,32755,,0.9,Yorkville / Carnegie Hill,92.7,5,tag,0,40.7927248,block,-73.9462293,0.0,yes,271277580,,way,10029,14.8,0.935,1835.14,1407.04
1715 Lexington Avenue,0.989,1052097,32761,,0.9,Yorkville / Carnegie Hill,83.1,4,tag,0,40.7930102,block,-73.9454602,0.0,yes,271277586,,way,10029,15.9,0.936,1899.97,1438.59
1717 Lexington Avenue,0.989,1052071,32762,,0.9,Yorkville / Carnegie Hill,84.0,4,tag,0,40.7930507,block,-73.9454305,0.0,yes,271277587,,way,10029,16.0,0.941,1902.48,1443.07
1719 Lexington Avenue,0.988,1052096,32763,,0.9,Yorkville / Carnegie Hill,85.1,4,tag,0,40.7930918,block,-73.9454004,0.0,yes,271277588,,way,10029,16.0,0.939,1905.01,1447.62
1721 Lexington Avenue,0.989,1052070,32766,,0.9,Yorkville / Carnegie Hill,82.6,4,tag,0,40.7931325,block,-73.9453705,0.0,yes,271277591,,way,10029,16.2,0.932,1907.53,1452.12
1729 Lexington Avenue,0.986,1052093,32768,,1.0,Yorkville / Carnegie Hill,84.8,4,tag,0,40.7932932,block,-73.9452494,0.0,yes,271277593,,way,10029,16.6,0.944,1917.74,1469.88
1739 Lexington Avenue,0.988,1052134,32770,,0.9,Yorkville / Carnegie Hill,83.6,4,tag,0,40.7936389,block,-73.9450037,0.0,yes,271277595,,way,10029,16.0,0.945,1938.46,1508.1
174 East 109th Street,0.989,1052124,32771,,0.9,Yorkville / Carnegie Hill,94.4,5,tag,0,40.7937122,block,-73.9441903,0.0,yes,271277596,,way,10029,13.8,0.934,2007.02,1516.21
1741 Lexington Avenue,0.988,1052108,32772,,0.9,Yorkville / Carnegie Hill,86.2,4,tag,0,40.7936792,block,-73.9449743,0.0,yes,271277597,,way,10029,15.7,0.933,1940.93,1512.57
1743 Lexington Avenue,0.989,1052133,32773,,0.9,Yorkville / Carnegie Hill,83.9,5,tag,0,40.7937197,block,-73.9449449,0.0,yes,271277598,,way,10029,15.5,0.934,1943.41,1517.04
1745 Lexington Avenue,0.989,1052107,32774,,0.9,Yorkville / Carnegie Hill,82.5,4,tag,0,40.7937584,block,-73.9449101,0.0,yes,271277599,,way,10029,15.3,0.937,1946.34,1521.32
176 East 108th Street,0.988,1052088,32779,,0.9,Yorkville / Carnegie Hill,98.0,4,tag,0,40.7929792,block,-73.9444436,0.0,yes,271277604,,way,10029,15.6,0.94,1985.66,1435.16
176 East 109th Street,0.989,1052123,32780,,0.9,Yorkville / Carnegie Hill,93.9,4,tag,0,40.7936874,block,-73.9441312,0.0,yes,271277605,,way,10029,13.6,0.933,2012.0,1513.47
178 East 109th Street,0.989,1052144,32782,,0.9,Yorkville / Carnegie Hill,93.1,4,tag,0,40.7936629,block,-73.9440726,0.0,yes,271277607,,way,10029,13.8,0.93,2016.94,1510.76
181 East 108th Street,0.697,1052114,32787,,19.4,Yorkville / Carnegie Hill,151.0,5,tag,0,40.7932586,block,-73.9441047,0.0,yes,271277612,,way,10029,13.4,0.638,2014.23,1466.06
183 East 109th Street,0.407,1052157,32791,,22.0,Yorkville / Carnegie Hill,43.1,7,tag,0,40.7937672,block,-73.9435076,0.0,yes,271277616,,way,10029,3.8,0.386,2064.57,1522.29
1978 3rd Avenue,0.989,1052140,32812,,0.9,Yorkville / Carnegie Hill,92.6,4,tag,0,40.7934067,block,-73.9436452,0.0,yes,271277638,,way,10029,7.5,0.932,2052.97,1482.43
1980 3rd Avenue,0.988,1052119,32813,,0.9,Yorkville / Carnegie Hill,91.8,4,tag,0,40.7934543,block,-73.9436106,0.0,yes,271277639,,way,10029,14.3,0.931,2055.89,1487.7
1986 3rd Avenue,0.601,1052120,32814,,30.2,Yorkville / Carnegie Hill,97.3,4,tag,0,40.7937493,block,-73.943395,0.0,yes,271277640,,way,10029,14.6,0.592,2074.06,1520.31
1994 3rd Avenue,0.989,1052158,32819,,0.9,Yorkville / Carnegie Hill,153.3,5,tag,0,40.7939628,block,-73.9433115,0.0,yes,271277646,,way,10029,14.4,0.932,2081.09,1543.93
2127 2nd Avenue,0.989,1052439,32830,,0.9,Yorkville / Carnegie Hill,90.6,4,tag,0,40.7928986,block,-73.9410838,0.0,yes,271277657,,way,10029,13.5,0.932,2268.88,1426.25
337 East 109th Street,0.709,1052832,32949,,16.4,Yorkville / Carnegie Hill,134.4,4,tag,0,40.7920479,block,-73.9393791,0.0,yes,271280265,,way,10029,33.2,0.689,2412.57,1332.18
,0.765,1052835,32958,,14.5,Yorkville / Carnegie Hill,140.1,4,tag,0,40.7920145,block,-73.9392991,0.0,yes,271280274,,way,,24.7,0.74,2419.31,1328.49
160 East 111th Street,0.988,1052200,32993,,0.9,Yorkville / Carnegie Hill,95.0,4,tag,0,40.7951075,block,-73.9436357,0.0,yes,271281499,,way,10029,12.6,0.934,2053.77,1670.5
165 East 111th Street,0.725,1087368,33000,,4.1,Yorkville / Carnegie Hill,177.6,4,tag,0,40.7953937,block,-73.9433517,0.0,yes,271281506,,way,10029,22.4,0.711,2077.71,1702.14
166 East 111th Street,0.79,1052183,33001,,16.1,Yorkville / Carnegie Hill,81.1,4,tag,0,40.7950418,block,-73.9434549,0.0,yes,271281507,,way,10029,13.1,0.789,2069.01,1663.24
1779 Lexington Avenue,0.888,1052195,33013,,6.7,Yorkville / Carnegie Hill,121.6,4,tag,0,40.7949049,block,-73.9440395,0.0,yes,271281522,,way,10029,14.6,0.885,2019.73,1648.09
2028 3rd Avenue,0.916,1089919,33035,,1.1,Yorkville / Carnegie Hill,121.5,4,tag,0,40.7952069,block,-73.9423378,0.0,yes,271281546,,way,10029,4.5,0.866,2163.17,1681.49
,0.793,1052203,33039,,9.2,Yorkville / Carnegie Hill,241.7,4,tag,0,40.7953473,block,-73.9431369,0.0,yes,271281556,,way,,25.2,0.777,2095.81,1697.01
1661 Madison Avenue,0.801,1091690,33053,,4.9,Yorkville / Carnegie Hill,222.4,5,zone_model,0,40.7964566,block,-73.9470677,0.0,yes,271283718,,way,10029,18.83,0.786,1764.46,1819.67
83 East 110th Street,0.928,1051616,33061,,1.3,Yorkville / Carnegie Hill,102.1,4,tag,0,40.7957844,block,-73.9463037,0.0,yes,271283733,,way,10029,7.3,0.895,1828.87,1745.34
115 West 111th Street,0.989,1054972,33180,,0.9,Yorkville / Carnegie Hill,94.8,6,tag,0,40.799485,block,-73.9530323,0.0,yes,271286773,,way,10026,18.4,0.939,1261.69,2154.53
117 West 111th Street,0.988,1054955,33182,,0.9,Yorkville / Carnegie Hill,93.3,6,tag,0,40.7995056,block,-73.9530819,0.0,yes,271286776,,way,10026,18.1,0.941,1257.51,2156.81
119 West 111th Street,0.988,1054954,33185,,0.9,Yorkville / Carnegie Hill,88.3,6,tag,0,40.7995241,block,-73.953125,0.0,yes,271286779,,way,10026,18.1,0.931,1253.87,2158.86
120 West 111th Street,0.988,1054927,33186,,0.9,Yorkville / Carnegie Hill,86.0,7,tag,0,40.7991764,block,-73.9533227,0.0,yes,271286780,,way,10026,14.9,0.936,1237.21,2120.41
122 West 111th Street,0.989,1054928,33189,,0.9,Yorkville / Carnegie Hill,85.5,6,tag,0,40.7991954,block,-73.9533688,0.0,yes,271286783,,way,10026,14.9,0.949,1233.33,2122.51
124 West 111th Street,0.988,1054941,33192,,0.9,Yorkville / Carnegie Hill,86.7,6,tag,0,40.7992163,block,-73.953419,0.0,yes,271286786,,way,10026,15.2,0.941,1229.09,2124.82
126 West 111th Street,0.988,1054929,33195,,0.9,Yorkville / Carnegie Hill,82.8,6,tag,0,40.7992361,block,-73.9534639,0.0,yes,271286790,,way,10026,15.2,0.933,1225.31,2127.02
128 West 111th Street,0.952,1054930,33197,,0.4,Yorkville / Carnegie Hill,88.4,6,tag,0,40.7992644,block,-73.9535124,0.0,yes,271286794,,way,10026,13.7,0.928,1221.22,2130.14
132 West 111th Street,0.988,1054931,33202,,0.9,Yorkville / Carnegie Hill,88.0,6,tag,0,40.7993087,block,-73.9536215,0.0,yes,271286801,,way,10026,13.4,0.933,1212.02,2135.04
210 West 112th Street,0.989,1055091,33262,,0.9,East Harlem,82.6,4,tag,0,40.8008001,block,-73.9551873,0.0,yes,271288407,,way,10026,13.8,0.93,1080.04,2299.95
214 West 112th Street,0.988,1055103,33266,,0.9,East Harlem,85.3,4,tag,0,40.8008414,block,-73.9552959,0.0,yes,271288417,,way,10026,15.5,0.938,1070.88,2304.52
216 West 112th Street,0.988,1055093,33267,,0.9,East Harlem,85.7,4,tag,0,40.8008637,block,-73.9553485,0.0,yes,271288421,,way,10026,15.2,0.942,1066.45,2306.98
232 West 112th Street,0.989,1055105,33273,,0.9,East Harlem,83.9,4,tag,0,40.8010516,block,-73.955797,0.0,yes,271288440,,way,10026,14.3,0.93,1028.64,2327.76
223 West 113th Street,0.988,1055155,33321,,0.9,East Harlem,87.5,6,tag,0,40.8017883,block,-73.9546046,0.0,yes,271289299,,way,10026,15.4,0.932,1129.15,2409.22
225 West 113th Street,0.988,1055154,33324,,0.9,East Harlem,86.1,6,tag,0,40.80181,block,-73.9546543,0.0,yes,271289302,,way,10026,15.4,0.94,1124.96,2411.62
227 West 112th Street,0.988,1055112,33327,,0.9,East Harlem,86.7,4,tag,0,40.8011934,block,-73.9551934,0.0,yes,271289305,,way,10026,15.1,0.93,1079.52,2343.43
227 West 113th Street,0.988,1055187,33328,,0.9,East Harlem,87.6,6,tag,0,40.8018332,block,-73.9547094,0.0,yes,271289306,,way,10026,15.4,0.933,1120.32,2414.18
229 West 113th Street,0.989,1055153,33331,,0.9,East Harlem,86.6,6,tag,0,40.8018545,block,-73.9547596,0.0,yes,271289309,,way,10026,15.1,0.941,1116.09,2416.54
231 West 113th Street,0.989,1055152,33333,,0.9,East Harlem,88.4,6,tag,0,40.8018786,block,-73.9548145,0.0,yes,271289311,,way,10026,14.5,0.932,1111.46,2419.2
296 Manhattan Avenue,0.988,1055782,33365,,0.9,East Harlem,99.1,6,tag,0,40.8026234,block,-73.9582968,0.0,yes,271289344,,way,10026,16.8,0.929,817.92,2501.56
315 West 112th Street,0.989,1055790,33372,,0.9,East Harlem,76.8,4,tag,0,40.8023346,block,-73.9578881,0.0,yes,271289354,,way,10026,13.6,0.93,852.38,2469.63
317 West 112th Street,0.989,1055789,33373,,0.9,East Harlem,76.7,4,tag,0,40.8023571,block,-73.9579404,0.0,yes,271289355,,way,10026,13.9,0.943,847.96,2472.11
319 West 112th Street,0.988,1055788,33374,,0.9,East Harlem,74.0,4,tag,0,40.8023791,block,-73.9579918,0.0,yes,271289357,,way,10026,13.9,0.929,843.64,2474.55
323 West 112th Street,0.988,1055786,33376,,0.9,East Harlem,80.1,4,tag,0,40.8024246,block,-73.9580978,0.0,yes,271289361,,way,10026,13.7,0.934,834.7,2479.58
,0.59,1089900,33439,,4.7,Yorkville / Carnegie Hill,1280.7,25,tag,0,40.7961016,block,-73.942797,0.0,yes,271585972,,way,,3.9,0.574,2124.46,1780.42
,0.557,1087213,33440,,13.1,Yorkville / Carnegie Hill,3260.4,40,tag,0,40.7966981,block,-73.9423903,0.0,yes,271585973,,way,,41.9,0.516,2158.75,1846.37
153 East 115th Street,0.989,1052240,33463,,0.9,Yorkville / Carnegie Hill,69.0,4,tag,0,40.7980131,block,-73.9417842,0.0,yes,271588530,,way,10029,12.7,0.943,2209.83,1991.78
155 East 115th Street,0.989,1052276,33465,,0.9,Yorkville / Carnegie Hill,71.1,4,tag,0,40.7979951,block,-73.9417415,0.0,yes,271588532,,way,10029,13.4,0.929,2213.44,1989.79
158 East 116th Street,0.931,1052259,33468,,2.2,Yorkville / Carnegie Hill,167.5,5,tag,0,40.7982108,block,-73.9413864,0.0,yes,271588535,,way,10029,14.6,0.92,2243.37,2013.64
2107 3rd Avenue,0.989,1052554,33489,,0.9,Yorkville / Carnegie Hill,103.5,4,tag,0,40.7973146,block,-73.9401615,0.0,yes,271588561,,way,10029,14.4,0.93,2346.62,1914.55
2111 3rd Avenue,0.988,1052517,33493,,0.9,Yorkville / Carnegie Hill,107.7,4,tag,0,40.7974118,block,-73.9400913,0.0,yes,271588565,,way,10029,14.4,0.931,2352.54,1925.29
2115 3rd Avenue,0.989,1052553,33497,,0.9,Yorkville / Carnegie Hill,104.3,4,tag,0,40.7975077,block,-73.940022,0.0,yes,271588569,,way,10029,14.8,0.935,2358.38,1935.9
2119 3rd Avenue,0.988,1052552,33501,,0.9,Yorkville / Carnegie Hill,151.9,4,tag,0,40.7975885,block,-73.9399135,0.0,yes,271588573,,way,10029,15.0,0.932,2367.53,1944.84
219 East 115th Street,0.989,1052524,33507,,0.9,Yorkville / Carnegie Hill,68.3,4,tag,0,40.7970354,block,-73.9395198,0.0,yes,271588579,,way,10029,12.5,0.943,2400.72,1883.67
221 East 115th Street,0.989,1052558,33509,,0.9,Yorkville / Carnegie Hill,68.6,4,tag,0,40.7970138,block,-73.939468,0.0,yes,271588581,,way,10029,12.4,0.936,2405.07,1881.28
2253 2nd Avenue,0.989,1052560,33516,,0.9,Yorkville / Carnegie Hill,93.5,4,tag,0,40.7968112,block,-73.9382244,0.0,yes,271588588,,way,10029,13.5,0.932,2509.91,1858.88
227 East 115th Street,0.988,1052527,33520,,0.9,Yorkville / Carnegie Hill,68.5,4,tag,0,40.7969484,block,-73.9393113,0.0,yes,271588592,,way,10029,12.7,0.939,2418.29,1874.05
229 East 115th Street,0.989,1052528,33522,,0.9,Yorkville / Carnegie Hill,67.5,4,tag,0,40.7969269,block,-73.93926,0.0,yes,271588594,,way,10029,12.8,0.94,2422.62,1871.68
,0.663,1082386,33537,,23.5,Yorkville / Carnegie Hill,62.0,4,tag,0,40.7968492,block,-73.9384136,0.0,yes,271588614,,way,,3.9,0.661,2493.95,1863.08
147 East 116th Street,0.988,1052288,33549,,0.9,Yorkville / Carnegie Hill,126.9,4,tag,0,40.7987555,block,-73.9412631,0.0,yes,271589785,,way,10035,13.7,0.937,2253.76,2073.87
147 East 117th Street,0.98,1052339,33550,,0.9,Yorkville / Carnegie Hill,81.2,4,tag,0,40.799329,block,-73.9407568,0.0,yes,271589786,,way,10035,13.8,0.941,2296.44,2137.28
149 East 116th Street,0.989,1052289,33551,,0.9,Yorkville / Carnegie Hill,125.5,5,tag,0,40.7987329,block,-73.9412088,0.0,yes,271589787,,way,10035,13.7,0.935,2258.34,2071.38
151 East 117th Street,0.989,1052340,33556,,0.9,Yorkville / Carnegie Hill,77.4,4,tag,0,40.7992838,block,-73.9406502,0.0,yes,271589792,,way,10035,13.2,0.934,2305.43,2132.28
153 East 117th Street,0.989,1052341,33557,,0.9,Yorkville / Carnegie Hill,79.2,4,tag,0,40.7992619,block,-73.9405982,0.0,yes,271589793,,way,10035,13.6,0.935,2309.81,2129.86
155 East 116th Street,0.989,1052291,33558,,0.9,Yorkville / Carnegie Hill,158.3,4,tag,0,40.7986916,block,-73.9410303,0.0,yes,271589794,,way,10035,14.5,0.932,2273.39,2066.8
157 East 116th Street,0.988,1052325,33560,,0.9,Yorkville / Carnegie Hill,161.8,4,tag,0,40.7986689,block,-73.9409758,0.0,yes,271589796,,way,10035,14.2,0.936,2277.98,2064.29
158 East 119th Street,0.699,1054357,33562,,13.0,East Harlem,225.2,12,tag,0,40.8002206,block,-73.9399263,0.0,yes,271589798,,way,10035,21.3,0.696,2366.45,2235.87
162 East 117th Street,0.74,1052311,33567,,4.1,Yorkville / Carnegie Hill,157.7,6,tag,0,40.7989693,block,-73.940817,0.0,yes,271589809,,way,10035,25.1,0.685,2291.37,2097.51
169 East 117th Street,0.989,1052362,33577,,0.9,Yorkville / Carnegie Hill,118.3,5,tag,0,40.7991824,block,-73.940372,0.0,yes,271589854,,way,10035,15.9,0.93,2328.88,2121.08
171 East 116th Street,0.988,1052327,33578,,0.9,Yorkville / Carnegie Hill,157.1,4,tag,0,40.7984986,block,-73.940577,0.0,yes,271589856,,way,10035,14.3,0.934,2311.6,2045.47
171 East 117th Street,0.912,1052343,33579,,5.2,Yorkville / Carnegie Hill,89.7,4,tag,0,40.7991365,block,-73.9403263,0.0,yes,271589859,,way,10035,13.9,0.864,2332.73,2116.0
2139 3rd Avenue,0.765,1090250,33620,,4.6,Yorkville / Carnegie Hill,138.4,4,tag,0,40.7983695,block,-73.9393448,0.0,yes,271589924,,way,10035,12.4,0.737,2415.46,2031.18
2265 2nd Avenue,0.989,1052606,33643,,0.9,Yorkville / Carnegie Hill,94.2,4,tag,0,40.7973457,block,-73.9378364,0.0,yes,271589947,,way,10035,14.7,0.931,2542.61,1917.99
2267 2nd Avenue,0.989,1052584,33644,,0.9,Yorkville / Carnegie Hill,94.8,4,tag,0,40.797394,block,-73.9378015,0.0,yes,271589948,,way,10035,14.4,0.931,2545.55,1923.32
2285 2nd Avenue,0.919,1052620,33649,,5.0,Yorkville / Carnegie Hill,97.4,4,tag,0,40.7979245,block,-73.9374234,0.0,yes,271589953,,way,10035,13.7,0.86,2577.42,1981.98
2295 2nd Avenue,0.675,1052623,33654,,15.2,Yorkville / Carnegie Hill,120.2,6,tag,0,40.7982501,block,-73.937205,0.0,yes,271589961,,way,10035,15.5,0.634,2595.83,2017.98
235 East 116th Street,0.989,1052578,33660,,0.9,Yorkville / Carnegie Hill,97.1,6,tag,0,40.797531,block,-73.9384335,0.0,yes,271589970,,way,10035,13.7,0.931,2492.28,1938.47
243 East 116th Street,0.989,1052603,33668,,0.9,Yorkville / Carnegie Hill,71.9,4,tag,0,40.7974225,block,-73.9382333,0.0,yes,271589978,,way,10035,13.9,0.931,2509.16,1926.48
246 East 118th Street,0.745,1081432,33672,,6.4,Yorkville / Carnegie Hill,185.0,7,tag,0,40.7983624,block,-73.9373582,0.0,yes,271589983,,way,10035,14.8,0.692,2582.92,2030.4
247 East 116th Street,0.816,1052581,33673,,6.1,Yorkville / Carnegie Hill,97.3,4,tag,0,40.7973841,block,-73.938116,0.0,yes,271589984,,way,10035,13.9,0.793,2519.05,1922.23
249 East 116th Street,0.786,1052583,33675,,16.3,Yorkville / Carnegie Hill,98.3,4,tag,0,40.7973579,block,-73.9380533,0.0,yes,271589986,,way,10035,13.9,0.772,2524.33,1919.33
250 East 117th Street,0.725,1079307,33676,,17.3,Yorkville / Carnegie Hill,138.3,12,tag,0,40.7977191,block,-73.9377445,0.0,yes,271589987,,way,10035,19.2,0.723,2550.36,1959.27
,0.585,1081471,33677,,2.9,Yorkville / Carnegie Hill,843.2,9,zone_model,0,40.7995901,block,-73.9391827,0.0,yes,271589988,,way,,28.04,0.581,2429.13,2166.16
,0.988,1052323,33687,,0.9,Yorkville / Carnegie Hill,125.9,4,tag,0,40.7987782,block,-73.9413176,0.0,yes,271589999,,way,,13.2,0.938,2249.17,2076.39
,0.759,1090250,33688,,3.2,Yorkville / Carnegie Hill,126.9,4,tag,0,40.7984115,block,-73.9393145,0.0,yes,271590000,,way,,12.4,0.706,2418.01,2035.84
,0.653,1089804,33691,,6.4,Yorkville / Carnegie Hill,130.1,4,tag,0,40.7988276,block,-73.9396996,0.0,yes,271590003,,way,,9.0,0.632,2385.55,2081.84
,0.871,1052582,33693,,2.9,Yorkville / Carnegie Hill,111.0,5,tag,0,40.7972502,block,-73.9379147,0.0,yes,271590005,,way,,14.3,0.848,2536.01,1907.43
2226 1st Avenue,0.825,1053005,33705,,7.6,Yorkville / Carnegie Hill,158.8,4,tag,0,40.7948161,block,-73.9359369,0.0,apartments,271592267,,way,10029,16.3,0.788,2702.73,1638.28
2228 1st Avenue,0.76,1079384,33706,,17.0,Yorkville / Carnegie Hill,141.5,4,tag,0,40.7948761,block,-73.9358925,0.0,apartments,271592269,,way,10029,19.3,0.712,2706.47,1644.9
2247 1st Avenue,0.988,1052912,33718,,0.9,Yorkville / Carnegie Hill,130.8,5,tag,0,40.7957312,block,-73.9359628,0.0,yes,271592294,,way,10029,13.5,0.929,2700.55,1739.47
271 Pleasant Avenue,0.989,1053020,33728,,0.9,Yorkville / Carnegie Hill,59.4,4,tag,0,40.7941227,block,-73.9341603,0.0,apartments,271592312,,way,10029,12.8,0.939,2852.49,1561.6
273 Pleasant Avenue,0.989,1053037,33729,,0.9,Yorkville / Carnegie Hill,58.5,4,tag,0,40.794152,block,-73.9341392,0.0,apartments,271592313,,way,10029,12.8,0.957,2854.27,1564.84
283 Pleasant Avenue,0.988,1079396,33731,,0.9,Yorkville / Carnegie Hill,71.3,5,tag,0,40.794607,block,-73.9338005,0.0,apartments,271592317,,way,10029,13.0,0.934,2882.82,1615.15
285 Pleasant Avenue,0.989,1053049,33732,,0.9,Yorkville / Carnegie Hill,71.3,4,tag,0,40.7946456,block,-73.93378,0.0,apartments,271592319,,way,10029,13.3,0.953,2884.55,1619.43
338 East 116th Street,0.989,1052942,33760,,0.9,Yorkville / Carnegie Hill,114.3,12,tag,0,40.7961678,block,-73.936456,0.0,yes,271592369,,way,10029,13.0,0.942,2658.97,1787.74
340 East 116th Street,0.989,1052920,33762,,0.9,Yorkville / Carnegie Hill,114.1,9,tag,0,40.7961504,block,-73.9364001,0.0,yes,271592372,,way,10029,13.0,0.931,2663.68,1785.81
342 East 116th Street,0.989,1052919,33764,,0.9,Yorkville / Carnegie Hill,76.7,4,tag,0,40.7961558,block,-73.9363278,0.0,yes,271592376,,way,10029,12.7,0.943,2669.77,1786.41
344 East 116th Street,0.989,1052941,33766,,0.9,Yorkville / Carnegie Hill,76.4,4,tag,0,40.7961342,block,-73.9362762,0.0,yes,271592379,,way,10029,12.7,0.93,2674.13,1784.02
346 East 116th Street,0.988,1052918,33767,,0.9,Yorkville / Carnegie Hill,79.6,4,tag,0,40.7961121,block,-73.9362235,0.0,yes,271592381,,way,10029,13.0,0.937,2678.57,1781.58
348 East 116th Street,0.989,1052940,33768,,0.9,Yorkville / Carnegie Hill,78.4,4,tag,0,40.7960899,block,-73.9361702,0.0,yes,271592383,,way,10029,13.0,0.935,2683.07,1779.12
423 East 115th Street,0.561,1053048,33795,,21.0,Yorkville / Carnegie Hill,190.5,18,tag,0,40.7951297,block,-73.9348917,0.0,yes,271592430,,way,10029,24.1,0.518,2790.84,1672.95
2289 1st Avenue,0.989,1079360,33856,,0.9,Yorkville / Carnegie Hill,177.5,5,tag,0,40.7972255,block,-73.9349237,0.0,yes,271593530,,way,10035,14.4,0.932,2788.14,1904.69
319 East 116th Street,0.989,1052976,33865,,0.9,Yorkville / Carnegie Hill,91.0,4,tag,0,40.7968082,block,-73.9367157,0.0,yes,271593539,,way,10035,13.7,0.941,2637.08,1858.56
321 East 116th Street,0.989,1052948,33866,,0.9,Yorkville / Carnegie Hill,90.2,4,tag,0,40.7967863,block,-73.9366637,0.0,yes,271593540,,way,10035,13.6,0.939,2641.46,1856.12
323 East 116th Street,0.988,1052949,33868,,0.9,Yorkville / Carnegie Hill,91.2,4,tag,0,40.7967642,block,-73.9366116,0.0,yes,271593542,,way,10035,13.5,0.93,2645.86,1853.69
325 East 116th Street,0.989,1052977,33869,,0.9,Yorkville / Carnegie Hill,94.0,4,tag,0,40.7967417,block,-73.9365584,0.0,yes,271593543,,way,10035,13.3,0.934,2650.34,1851.2
355 East 116th Street,0.853,1052982,33890,,4.1,Yorkville / Carnegie Hill,154.5,5,tag,0,40.7964027,block,-73.93569,0.0,yes,271593564,,way,10035,15.8,0.84,2723.54,1813.71
420 East 117th Street,0.989,1053091,33906,,0.9,Yorkville / Carnegie Hill,89.8,7,tag,0,40.7961256,block,-73.934069,0.0,apartments,271593580,,way,10035,13.3,0.935,2860.18,1783.07
422 East 117th Street,0.988,1053103,33908,,0.9,Yorkville / Carnegie Hill,88.0,7,tag,0,40.7961034,block,-73.9340165,0.0,apartments,271593582,,way,10035,13.3,0.928,2864.61,1780.62
,0.474,1052964,33928,,17.1,Yorkville / Carnegie Hill,45.1,4,tag,0,40.7967151,block,-73.9358765,0.0,yes,271593602,,way,,3.7,0.456,2707.82,1848.26
410 East 118th Street,0.986,1053132,33962,,0.9,Yorkville / Carnegie Hill,75.4,6,tag,0,40.7968827,block,-73.9339049,0.0,yes,271595911,,way,10035,10.0,0.942,2874.01,1866.79
412 East 118th Street,0.988,1053147,33963,,0.9,Yorkville / Carnegie Hill,77.2,4,tag,0,40.7968583,block,-73.9338622,0.0,yes,271595912,,way,10035,10.0,0.929,2877.62,1864.09
416 East 118th Street,0.988,1053130,33966,,0.9,Yorkville / Carnegie Hill,82.4,4,tag,0,40.7968164,block,-73.933761,0.0,yes,271595917,,way,10035,10.0,0.942,2886.14,1859.46
418 East 118th Street,0.989,1053146,33967,,0.9,Yorkville / Carnegie Hill,83.3,5,tag,0,40.7967959,block,-73.9337115,0.0,yes,271595919,,way,10035,10.0,0.929,2890.31,1857.18
444 East 118th Street,0.988,1053125,33983,,0.9,Yorkville / Carnegie Hill,80.1,4,tag,0,40.7964844,block,-73.9329488,0.0,yes,271595945,,way,10035,13.8,0.935,2954.6,1822.75
446 East 118th Street,0.988,1053124,33984,,0.9,Yorkville / Carnegie Hill,81.5,4,tag,0,40.7964618,block,-73.9328944,0.0,yes,271595947,,way,10035,13.5,0.931,2959.19,1820.25
448 East 118th Street,0.988,1053144,33986,,0.9,Yorkville / Carnegie Hill,83.2,4,tag,0,40.7964387,block,-73.9328389,0.0,yes,271595951,,way,10035,14.0,0.933,2963.87,1817.7
513 1/2 East 118th Street,0.988,1054893,34006,,0.9,Yorkville / Carnegie Hill,67.5,4,tag,0,40.796171,block,-73.9312828,0.0,yes,271595994,,way,10035,12.8,0.941,3095.04,1788.09
513 East 118th Street,0.989,1054911,34007,,0.9,Yorkville / Carnegie Hill,67.1,4,tag,0,40.796215,block,-73.9313864,0.0,yes,271595995,,way,10035,12.7,0.944,3086.31,1792.96
513A East 118th Street,0.989,1054892,34008,,0.9,Yorkville / Carnegie Hill,66.9,4,tag,0,40.796193,block,-73.9313347,0.0,yes,271595996,,way,10035,12.8,0.941,3090.67,1790.53
,0.518,1053135,34021,,14.9,Yorkville / Carnegie Hill,25.8,4,tag,0,40.7970547,block,-73.9341577,0.0,yes,271596014,,way,,3.3,0.515,2852.7,1885.8
302 East 120th Street,0.723,1054785,34061,,15.8,Yorkville / Carnegie Hill,185.9,5,tag,0,40.7991855,block,-73.9356065,0.0,yes,271597148,,way,10035,5.5,0.699,2730.58,2121.42
306 East 120th Street,0.893,1054771,34065,,2.3,Yorkville / Carnegie Hill,97.0,5,tag,0,40.799167,block,-73.9354551,0.0,yes,271597155,,way,10035,13.5,0.869,2743.35,2119.37
315 East 119th Street,0.989,1086308,34077,,0.9,Yorkville / Carnegie Hill,82.6,4,tag,0,40.7987874,block,-73.9355113,0.0,yes,271597190,,way,10035,11.1,0.932,2738.6,2077.4
322 East 120th Street,0.989,1054765,34086,,0.9,Yorkville / Carnegie Hill,73.5,4,tag,0,40.7989708,block,-73.934963,0.0,yes,271597214,,way,10035,13.6,0.938,2784.82,2097.68
408 East 120th Street,0.988,1054878,34137,,0.9,Yorkville / Carnegie Hill,98.1,4,tag,0,40.7981788,block,-73.9330809,0.0,yes,271597379,,way,10035,14.1,0.935,2943.47,2010.1
421 East 119th Street,0.989,1054864,34158,,0.9,Yorkville / Carnegie Hill,91.5,4,tag,0,40.7976591,block,-73.9328232,0.0,yes,271597446,,way,10035,10.4,0.935,2965.2,1952.63
434 East 120th Street,0.852,1054884,34177,,5.2,Yorkville / Carnegie Hill,94.0,5,tag,0,40.7978061,block,-73.9322472,0.0,yes,271597503,,way,10035,9.8,0.841,3013.75,1968.89
439 East 118th Street,0.988,1054818,34181,,0.9,Yorkville / Carnegie Hill,84.5,7,tag,0,40.796831,block,-73.9328769,0.0,yes,271597514,,way,10035,12.2,0.93,2960.67,1861.07
,0.612,1054858,34209,,7.2,Yorkville / Carnegie Hill,37.5,5,tag,0,40.7976992,block,-73.9337371,0.0,yes,271597556,,way,,4.5,0.6,2888.16,1957.07
208 East 119th Street,0.826,1054541,34229,,7.4,Yorkville / Carnegie Hill,213.4,5,tag,0,40.7994518,block,-73.9381466,0.0,yes,271599961,,way,10035,5.5,0.799,2516.46,2150.86
221 East 118th Street,0.988,1074332,34247,,0.9,Yorkville / Carnegie Hill,94.0,4,tag,0,40.7989967,block,-73.9379765,0.0,yes,271599997,,way,10035,12.4,0.942,2530.8,2100.54
243 East 118th Street,0.989,1054525,34258,,0.9,Yorkville / Carnegie Hill,87.7,7,tag,0,40.7987333,block,-73.9373452,0.0,yes,271600025,,way,10035,13.6,0.931,2584.02,2071.42
209 East 120th Street,0.79,1054599,34279,,12.7,East Harlem,78.2,4,tag,0,40.8004014,block,-73.9374917,0.0,yes,271602942,,way,10035,19.9,0.731,2571.67,2255.86
231 East 120th Street,0.731,1054580,34301,,10.4,East Harlem,355.9,4,tag,0,40.8001474,block,-73.9366819,0.0,yes,271603001,,way,10035,8.6,0.712,2639.93,2227.78
,0.636,1054580,34326,,29.6,East Harlem,243.0,4,tag,0,40.8004308,block,-73.9366102,0.0,yes,271603061,,way,,15.6,0.629,2645.97,2259.12
,0.617,1054580,34328,,30.5,East Harlem,238.8,4,tag,0,40.8004653,block,-73.9366929,0.0,yes,271603065,,way,,16.3,0.58,2639.0,2262.93
247 East 123rd Street,0.705,1054641,34361,,3.0,East Harlem,136.9,14,tag,0,40.8018535,block,-73.9349407,0.0,yes,271605583,,way,10035,18.8,0.703,2786.7,2416.43
249 East 123rd Street,0.693,1054644,34362,,18.3,East Harlem,134.1,15,tag,0,40.8018235,block,-73.9348688,0.0,yes,271605586,,way,10035,18.6,0.687,2792.76,2413.12
157 East 121st Street,0.989,1054389,34393,,0.9,East Harlem,65.1,4,tag,0,40.801742,block,-73.9386875,0.0,yes,271606965,,way,10035,14.1,0.931,2470.87,2404.1
3 Sylvan Court,0.988,1054404,34406,,0.9,East Harlem,47.2,7,tag,0,40.801885,block,-73.9385194,0.0,yes,271606990,,way,10035,9.1,0.943,2485.04,2419.91
7 Sylvan Court,0.988,1054402,34410,,1.0,East Harlem,47.1,6,tag,0,40.8019498,block,-73.9384577,0.0,yes,271606997,,way,10035,9.4,0.932,2490.24,2427.08
2009 Lexington Avenue,0.958,1054426,34425,,0.8,East Harlem,71.8,4,tag,0,40.8024766,block,-73.9385275,0.0,yes,271607989,,way,10035,14.1,0.921,2484.36,2485.33
2011 Lexington Avenue,0.96,1054425,34426,,0.8,East Harlem,69.3,4,tag,0,40.8025114,block,-73.9385021,0.0,yes,271607990,,way,10035,13.8,0.912,2486.5,2489.17
2013 Lexington Avenue,0.96,1054413,34427,,0.8,East Harlem,68.7,4,tag,0,40.8025453,block,-73.9384775,0.0,yes,271607991,,way,10035,13.7,0.922,2488.58,2492.92
60 Bronx Shore Road,0.186,1090038,34598,,35.3,Yorkville / Carnegie Hill,16.5,4,tag,0,40.7974883,block,-73.9226286,0.0,yes,284865831,,way,10035,3.7,0.152,3824.54,1933.75
,0.45,1085921,34609,,17.9,Yorkville / Carnegie Hill,80.5,4,tag,0,40.7959238,block,-73.9236722,0.0,yes,284865844,,way,,3.4,0.416,3736.58,1760.76
,0.436,1090965,34615,,22.8,Yorkville / Carnegie Hill,40.7,4,tag,0,40.790474,block,-73.9219145,0.0,yes,284865852,,way,,3.3,0.412,3884.73,1158.15
,0.651,1090971,34618,,10.2,Yorkville / Carnegie Hill,62.2,4,tag,0,40.7902009,block,-73.9195299,0.0,yes,284865855,,way,,4.7,0.641,4085.74,1127.96
,0.487,1084698,34679,Roosevelt Landings,12.7,Midtown East,4690.1,62,tag,0,40.7623299,district,-73.9488165,0.0,yes,284880004,,way,,54.4,0.433,1617.06,-1953.85
,0.588,1025148,34683,,11.2,Midtown West / Times Sq,475.2,5,tag,0,40.7619036,block,-73.9877244,0.0,retail,288437714,,way,,7.0,0.576,-1662.65,-2001.0
,0.554,1083798,34686,,17.8,Midtown West / Times Sq,4879.8,7,zone_model,0,40.7634517,district,-73.9956392,0.0,yes,292148411,,way,,100.35,0.548,-2329.82,-1829.81
40 East 80th Street,0.664,1046451,34695,,8.5,Upper East Side,357.3,4,tag,0,40.7767214,district,-73.9614796,0.0,yes,295246110,,way,10075,71.2,0.61,549.63,-362.52
316 East 88th Street,0.554,1050057,34697,Church of the Holy Trinity,21.0,Upper East Side,831.6,23,tag,0,40.7783395,block,-73.9495517,0.0,church,295335317,,way,10128,21.5,0.529,1555.08,-183.61
,0.238,1090041,34730,,27.8,Yorkville / Carnegie Hill,957.3,15,zone_model,0,40.7963254,block,-73.9237934,0.0,yes,396255098,,way,,29.28,0.224,3726.35,1805.17
328 Columbus Avenue,0.4,1079333,34746,,13.7,Upper East Side,20.5,4,tag,0,40.7797767,block,-73.9773499,0.0,yes,593915424,,way,10023,4.0,0.378,-788.14,-24.69
228 East 86th Street,0.519,1048766,34751,,36.7,Upper East Side,171.9,4,zone_model,0,40.7780899,block,-73.952914,0.0,apartments,599977566,,way,,19.63,0.477,1271.66,-211.2
301 East 95th Street,0.4,1050326,34762,95th Street Cleaners,15.8,Upper East Side,19.1,4,levels,0,40.7834702,block,-73.9470695,0.0,retail,664632832,1,way,10128,4.4,0.355,1764.32,383.71
,0.3,1083230,34764,,23.4,Upper East Side,59.0,6,zone_model,0,40.7843362,block,-73.9479446,0.0,roof,666827051,,way,,19.09,0.294,1690.55,479.47
,0.138,1051907,34769,,36.2,Yorkville / Carnegie Hill,19.1,4,zone_model,0,40.7910028,block,-73.9489722,0.0,roof,668189106,,way,,8.3,0.117,1603.93,1216.62
,0.725,1027046,34783,,15.7,Hell's Kitchen,96.5,4,zone_model,0,40.7663075,district,-73.9940093,0.0,roof,757053340,,way,,97.84,0.679,-2192.43,-1514.04
302 East 78th Street,0.811,1045224,34784,Danny Boy's Cleaners,12.0,Upper East Side,125.0,5,levels,0,40.7723302,block,-73.9552875,0.0,yes,758613738,1,way,10075,4.4,0.778,1071.59,-848.08
888 9th Avenue,0.428,1026047,34800,Gugush Hair Studio,16.9,Hell's Kitchen,32.1,4,zone_model,0,40.7682001,block,-73.9852349,0.0,yes,813330101,,way,10019,10.83,0.396,-1452.8,-1304.76
25 East 104th Street,0.803,1051501,34813,Reece School,15.2,Yorkville / Carnegie Hill,313.4,5,tag,0,40.7927037,block,-73.950934,0.0,school,894169814,5,way,10029,21.0,0.802,1438.57,1404.69
188 East 104th Street,0.565,1051929,34814,G&J's Pizzeria,8.4,Yorkville / Carnegie Hill,47.9,5,levels,0,40.790323,block,-73.9460793,0.0,retail,923404957,1,way,10029,4.4,0.553,1847.78,1141.45
1620 East 102nd Street,0.456,1051898,34815,De Pelos Barber Shop,11.5,Yorkville / Carnegie Hill,28.0,4,zone_model,0,40.7900657,block,-73.9480989,0.0,retail,943057248,,way,10029,8.83,0.417,1677.55,1113.01
,0.404,1028437,34819,,15.4,Upper West Side,23.5,4,levels,0,40.7750808,block,-73.9802332,0.0,yes,949227045,1,way,,4.4,0.39,-1031.19,-543.94
2176 2nd Avenue,0.798,1052892,34820,,14.5,Yorkville / Carnegie Hill,114.7,5,tag,0,40.7942402,block,-73.9394874,0.0,apartments,954596728,4,way,10029,14.5,0.797,2403.45,1574.59
242 East 81st Street,0.612,1048535,34823,Luke's Lobster,9.2,Upper East Side,52.5,4,levels,0,40.7747139,block,-73.9545292,0.0,commercial,996903168,1,way,10028,4.4,0.608,1135.51,-584.51
1491 2nd Avenue,0.45,1044111,34835,,11.7,Upper East Side,25.8,4,levels,0,40.7725014,block,-73.9559505,0.0,roof,1037860475,1,way,10075,4.4,0.416,1015.7,-829.15
,0.426,1084456,34848,,17.2,Yorkville / Carnegie Hill,536.5,4,zone_model,0,40.7898537,block,-73.9534469,0.0,industrial,1213438311,,way,,41.7,0.403,1226.74,1089.56
,0.437,1091842,34860,,11.8,Midtown West / Times Sq,61.7,4,zone_model,0,40.7638281,district,-73.9972046,0.0,roof,1278210375,,way,,71.87,0.431,-2461.77,-1788.19
,0.909,1054738,34873,Building,5.2,Yorkville / Carnegie Hill,111.9,5,zone_model,0,40.79887,block,-73.9357004,0.0,yes,1346693543,,way,,13.86,0.899,2722.66,2086.53
,0.064,1085729,34887,,43.8,Hell's Kitchen,75.4,4,zone_model,0,40.769834,block,-73.9846509,0.0,yes,1499401842,,way,,29.63,0.04,-1403.58,-1124.1
108 West 119th Street,0.989,1057497,34917,,0.9,East Harlem,90.4,7,tag,0,40.804128,block,-73.9491572,0.0,yes,265800206,,way,10026,13.4,0.936,1588.33,2667.93
113 West 118th Street,0.989,1057487,34922,,0.9,East Harlem,117.8,7,tag,0,40.8038725,block,-73.949527,0.0,yes,265800219,,way,10026,14.0,0.932,1557.17,2639.68
118 West 119th Street,0.988,1057525,34927,,0.9,East Harlem,92.3,6,tag,0,40.8042514,block,-73.9494478,0.0,yes,265800232,,way,10026,13.3,0.931,1563.84,2681.57
120 West 119th Street,0.988,1057501,34930,,0.9,East Harlem,90.8,6,tag,0,40.8042756,block,-73.949504,0.0,yes,265800238,,way,10026,13.7,0.933,1559.1,2684.25
121 West 118th Street,0.989,1057484,34931,,0.9,East Harlem,121.5,7,tag,0,40.8039812,block,-73.9497804,0.0,yes,265800240,,way,10026,13.2,0.93,1535.81,2651.7
122 West 119th Street,0.989,1057502,34932,,0.9,East Harlem,92.6,6,tag,0,40.8042999,block,-73.9495614,0.0,yes,265800242,,way,10026,13.4,0.929,1554.26,2686.94
132 West 119th Street,0.987,1057506,34942,,1.0,East Harlem,122.8,7,tag,0,40.804421,block,-73.9498706,0.0,yes,265800253,,way,10026,13.8,0.934,1528.2,2700.33
14 West 119th Street,0.989,1053199,34949,,0.9,East Harlem,134.0,9,tag,0,40.802744,block,-73.9459271,0.0,yes,265800260,,way,10026,17.2,0.937,1860.62,2514.9
140 West 119th Street,0.989,1057509,34950,,0.9,East Harlem,121.2,7,tag,0,40.8045279,block,-73.9501219,0.0,yes,265800263,,way,10026,14.0,0.935,1507.02,2712.15
147 West 118th Street,0.989,1057474,34956,,0.9,East Harlem,87.4,4,tag,0,40.8043159,block,-73.9506006,0.0,yes,265800272,,way,10026,16.3,0.934,1466.67,2688.7
148 West 119th Street,0.916,1057513,34957,,6.1,East Harlem,85.7,4,tag,0,40.8046449,block,-73.9503565,0.0,yes,265800273,,way,10026,13.3,0.896,1487.24,2725.08
149 West 118th Street,0.988,1057473,34958,,0.9,East Harlem,92.9,6,tag,0,40.8043508,block,-73.9506515,0.0,yes,265800274,,way,10026,16.8,0.933,1462.37,2692.56
151 West 118th Street,0.989,1087160,34960,,0.9,East Harlem,92.8,6,tag,0,40.804373,block,-73.9507015,0.0,yes,265800276,,way,10026,17.2,0.946,1458.16,2695.02
22 West 119th Street,0.989,1053224,34974,,0.9,East Harlem,70.2,4,tag,0,40.8028643,block,-73.9461259,0.0,yes,265800294,,way,10026,12.7,0.934,1843.86,2528.2
24 West 119th Street,0.988,1053202,34975,,0.9,East Harlem,68.7,4,tag,0,40.8028845,block,-73.9461736,0.0,yes,265800295,,way,10026,13.3,0.941,1839.83,2530.43
26 West 119th Street,0.989,1087685,34976,,0.9,East Harlem,66.8,4,tag,0,40.8029042,block,-73.9462202,0.0,yes,265800296,,way,10026,13.4,0.938,1835.91,2532.61
32 West 119th Street,0.989,1053205,34981,,0.9,East Harlem,76.7,4,tag,0,40.8029637,block,-73.9463781,0.0,yes,265800301,,way,10026,13.8,0.93,1822.59,2539.19
64 West 119th Street,0.989,1053228,34999,,0.9,East Harlem,84.1,4,tag,0,40.8033638,block,-73.9473252,0.0,yes,265800319,,way,10026,13.0,0.94,1742.77,2583.43
66 West 119th Street,0.918,1053228,35000,,4.5,East Harlem,79.0,4,tag,0,40.8033857,block,-73.947377,0.0,yes,265800320,,way,10026,13.1,0.858,1738.39,2585.85
68 West 119th Street,0.847,1053228,35001,,9.3,East Harlem,76.7,4,tag,0,40.8034066,block,-73.9474266,0.0,yes,265800321,,way,10026,13.4,0.814,1734.22,2588.16
70 West 119th Street,0.917,1053217,35003,,5.9,East Harlem,85.5,4,tag,0,40.8034284,block,-73.9474782,0.0,yes,265800324,,way,10026,13.5,0.907,1729.87,2590.57
80 West 119th Street,0.988,1053220,35013,,0.9,East Harlem,78.3,4,tag,0,40.8035403,block,-73.9477432,0.0,yes,265800335,,way,10026,13.1,0.932,1707.53,2602.95
81 West 118th Street,0.988,1053178,35014,,0.9,East Harlem,107.3,4,tag,0,40.8032244,block,-73.9480228,0.0,apartments,265800336,,way,10026,13.0,0.931,1683.96,2568.01
82 West 119th Street,0.988,1053231,35015,,0.9,East Harlem,78.6,4,tag,0,40.8035614,block,-73.9477931,0.0,yes,265800337,,way,10026,13.1,0.945,1703.32,2605.28
83 West 118th Street,0.989,1053177,35016,,0.9,East Harlem,107.7,5,tag,0,40.8032476,block,-73.9480868,0.0,yes,265800338,,way,10026,12.9,0.931,1678.56,2570.58
502 Cathedral Parkway,0.583,1084036,35043,The Amherst,15.7,East Harlem,390.6,12,tag,0,40.8030622,block,-73.9646192,0.0,apartments,271203225,12,way,10025,41.1,0.57,284.98,2550.08
510 Cathedral Parkway,0.602,1056715,35044,The Cortlandt,31.0,East Harlem,391.6,12,tag,0,40.803195,block,-73.9649337,0.0,apartments,271203228,12,way,10025,41.2,0.597,258.47,2564.76
322 West 113th Street,0.989,1055802,35103,,0.9,East Harlem,78.8,4,tag,0,40.8027411,block,-73.9578662,0.0,yes,271289360,,way,10026,13.9,0.93,854.22,2514.57
324 West 113th Street,0.989,1087386,35104,,0.9,East Harlem,76.7,4,tag,0,40.8027635,block,-73.9579194,0.0,yes,271289363,,way,10026,13.9,0.931,849.73,2517.05
225 West 115th Street,0.988,1055251,35125,,0.9,East Harlem,118.9,9,tag,0,40.8032961,block,-73.9543173,0.0,yes,271290689,,way,10026,18.3,0.932,1153.37,2575.94
106 West 118th Street,0.989,1057436,35177,,0.9,East Harlem,81.0,4,tag,0,40.8034403,block,-73.9494427,0.0,yes,271290914,,way,10026,13.5,0.94,1564.27,2591.89
108 West 118th Street,0.989,1057437,35179,,0.9,East Harlem,82.4,4,tag,0,40.8034634,block,-73.9494975,0.0,yes,271290920,,way,10026,13.5,0.934,1559.65,2594.44
116 West 118th Street,0.988,1057462,35190,,1.0,East Harlem,115.3,8,tag,0,40.8035448,block,-73.9497245,0.0,yes,271290939,,way,10026,13.7,0.936,1540.52,2603.45
136A West 117th Street,0.988,1085842,35225,,1.0,East Harlem,89.8,6,tag,0,40.8031823,block,-73.9507939,0.0,yes,271290980,,way,10026,8.5,0.929,1450.37,2563.36
140 West 117th Street,0.73,1057415,35231,,3.4,East Harlem,167.1,14,tag,0,40.8032473,block,-73.951012,0.0,yes,271290986,,way,10026,18.1,0.702,1431.99,2570.55
140 West 118th Street,0.989,1057465,35232,,0.9,East Harlem,102.9,7,tag,0,40.8038465,block,-73.9504556,0.0,yes,271290987,,way,10026,13.8,0.935,1478.89,2636.8
142 West 118th Street,0.988,1057449,35235,,0.9,East Harlem,98.9,6,tag,0,40.8038666,block,-73.9505113,0.0,yes,271290990,,way,10026,18.2,0.931,1474.19,2639.02
144 West 118th Street,0.989,1057450,35239,,0.9,East Harlem,97.8,6,tag,0,40.8038867,block,-73.9505592,0.0,yes,271290994,,way,10026,17.8,0.945,1470.15,2641.25
,0.618,1058431,35298,,25.4,East Harlem,199.1,7,tag,0,40.8058628,block,-73.953113,0.0,yes,271291126,,way,,18.6,0.614,1254.88,2859.76
251 West 116th Street,0.989,1058368,35311,,0.9,East Harlem,114.7,9,tag,0,40.8043515,block,-73.9545775,0.0,yes,271291927,,way,10026,19.0,0.935,1131.44,2692.65
257 West 116th Street,0.689,1058366,35314,,0.8,East Harlem,189.7,20,tag,0,40.8044592,block,-73.9547835,0.0,yes,271291933,,way,10026,18.3,0.637,1114.07,2704.55
259 West 116th Street,0.634,1058363,35317,,12.4,East Harlem,189.7,20,tag,0,40.8044942,block,-73.9548665,0.0,yes,271291941,,way,10026,18.0,0.605,1107.08,2708.42
,0.718,1090103,35329,Saint Thomas the Apostle Roman Catholic Church (historical),20.9,East Harlem,950.0,17,tag,0,40.8049142,block,-73.9533015,0.0,yes,271291969,,way,,24.0,0.667,1239.0,2754.86
,0.989,1087288,35335,,0.9,East Harlem,87.3,4,tag,0,40.8045497,block,-73.9541253,0.0,yes,271291984,,way,,13.2,0.932,1169.56,2714.56
25 Morningside Avenue,0.47,1059041,35406,,13.4,East Harlem,133.5,8,tag,0,40.8058843,block,-73.9576376,0.0,yes,271294212,,way,10026,17.6,0.411,873.49,2862.13
361 West 116th Street,0.988,1059005,35426,,0.9,East Harlem,71.8,4,tag,0,40.8053999,block,-73.957096,0.0,yes,271294235,,way,10026,13.0,0.931,919.14,2808.57
362 West 116th Street,0.989,1055882,35427,,0.9,East Harlem,124.7,8,tag,0,40.8050305,block,-73.9574661,0.0,yes,271294236,,way,10026,18.4,0.93,887.95,2767.72
363 West 116th Street,0.988,1059004,35430,,0.9,East Harlem,71.9,4,tag,0,40.8054167,block,-73.9571522,0.0,yes,271294239,,way,10026,11.4,0.942,914.4,2810.43
364 West 117th Street,0.702,1059037,35432,,14.9,East Harlem,129.8,12,tag,0,40.8059031,block,-73.9572298,0.0,yes,271294241,,way,10026,21.2,0.651,907.87,2864.21
371 Manhattan Avenue,0.989,1082596,35442,,0.9,East Harlem,73.1,4,tag,0,40.8047701,block,-73.9572589,0.0,yes,271294260,,way,10026,12.2,0.935,905.42,2738.93
373 Manhattan Avenue,0.989,1081579,35443,,0.9,East Harlem,74.0,4,tag,0,40.8048181,block,-73.9572239,0.0,yes,271294261,,way,10026,12.2,0.929,908.36,2744.23
387 Manhattan Avenue,0.988,1059008,35446,,0.9,East Harlem,68.2,4,tag,0,40.8053008,block,-73.9568729,0.0,yes,271294264,,way,10026,11.9,0.936,937.95,2797.61
391 Manhattan Avenue,0.988,1059009,35450,,0.9,East Harlem,64.8,4,tag,0,40.8053871,block,-73.9568096,0.0,yes,271294268,,way,10026,12.2,0.929,943.29,2807.15
393 Manhattan Avenue,0.988,1059010,35452,,0.9,East Harlem,66.5,4,tag,0,40.8054309,block,-73.9567774,0.0,yes,271294270,,way,10026,11.9,0.93,946.0,2811.99
401 Manhattan Avenue,0.989,1059033,35457,,0.9,East Harlem,63.8,4,tag,0,40.8056035,block,-73.9566506,0.0,yes,271294275,,way,10026,12.5,0.938,956.69,2831.08
403 Manhattan Avenue,0.989,1059034,35458,,0.9,East Harlem,63.1,4,tag,0,40.8056459,block,-73.9566195,0.0,yes,271294276,,way,10026,12.5,0.938,959.31,2835.76
305 West 117th Street,0.606,1089719,35470,,30.3,East Harlem,172.2,6,tag,0,40.8055162,block,-73.955342,0.0,yes,271294318,,way,10026,17.9,0.562,1066.99,2821.42
307 West 117th Street,0.641,1090252,35471,,23.5,East Harlem,179.0,8,tag,0,40.8055466,block,-73.9554233,0.0,yes,271294319,,way,10026,17.9,0.633,1060.14,2824.79
358 West 118th Street,0.989,1059088,35485,,0.9,East Harlem,82.4,4,tag,0,40.8064488,block,-73.9565802,0.0,yes,271294333,,way,10026,13.3,0.934,962.62,2924.55
360 West 118th Street,0.988,1059078,35488,,0.9,East Harlem,82.3,4,tag,0,40.8064721,block,-73.9566361,0.0,yes,271294336,,way,10026,13.6,0.94,957.91,2927.12
362 West 118th Street,0.988,1059079,35490,,0.9,East Harlem,80.4,4,tag,0,40.806495,block,-73.9566913,0.0,yes,271294338,,way,10026,13.6,0.93,953.25,2929.66
365 West 117th Street,0.989,1085351,35493,,0.9,East Harlem,76.4,4,tag,0,40.8061688,block,-73.956982,0.0,yes,271294341,,way,10026,13.7,0.932,928.75,2893.59
366 West 118th Street,0.988,1059080,35494,,0.9,East Harlem,84.5,4,tag,0,40.8065419,block,-73.956804,0.0,yes,271294342,,way,10026,13.3,0.934,943.76,2934.84
367 West 117th Street,0.989,1059054,35495,,0.9,East Harlem,74.1,4,tag,0,40.8061903,block,-73.9570338,0.0,yes,271294343,,way,10026,13.7,0.931,924.39,2895.96
,0.637,1059082,35499,,7.2,East Harlem,218.9,10,tag,0,40.8066947,block,-73.9570237,0.0,yes,271294347,,way,,17.9,0.629,925.23,2951.74
,0.625,1059053,35500,,24.1,East Harlem,211.1,10,tag,0,40.8062621,block,-73.9573393,0.0,yes,271294348,,way,,17.7,0.622,898.64,2903.91
543 Cathedral Parkway,0.551,1088200,35541,,14.4,East Harlem,488.8,5,tag,0,40.80414,block,-73.9659137,0.0,yes,271571460,,way,10025,44.3,0.516,175.86,2669.26
1064 Amsterdam Avenue,0.506,1089781,35558,Amsterdam Nursing Home,26.6,East Harlem,447.8,12,tag,0,40.8046393,block,-73.9629897,0.0,apartments,271585084,13,way,10025,44.8,0.475,422.34,2724.47
536 West 114th Street,0.989,1057041,35585,,0.9,East Harlem,129.8,6,tag,0,40.8060339,block,-73.9637495,0.0,yes,271585116,,way,10025,18.2,0.939,358.29,2878.68
550 West 113th Street,0.988,1057016,35597,,0.9,East Harlem,103.9,6,tag,0,40.8055296,block,-73.9644739,0.0,apartments,271585128,4,way,10025,16.1,0.934,297.23,2822.91
,0.989,1057025,35610,,0.9,East Harlem,121.5,6,tag,0,40.8055985,block,-73.9636762,0.0,university,271585141,4,way,,17.8,0.933,364.47,2830.53
10 East 125th Street,0.772,1085293,35615,,11.6,East Harlem,174.7,4,tag,0,40.8059502,block,-73.9418595,0.0,yes,271601608,,way,10035,18.8,0.764,2203.49,2869.42
18 East 125th Street,0.927,1054013,35623,,5.7,East Harlem,97.9,4,tag,0,40.8058319,block,-73.9414308,0.0,yes,271601631,,way,10035,13.5,0.893,2239.63,2856.34
1939 Madison Avenue,0.85,1054023,35626,,3.1,East Harlem,140.9,7,tag,0,40.8052736,block,-73.9406811,0.0,yes,271601639,,way,10035,13.3,0.838,2302.82,2794.61
20 East 125th Street,0.989,1054013,35628,,0.9,East Harlem,97.0,4,tag,0,40.8058051,block,-73.9413667,0.0,yes,271601644,,way,10035,13.2,0.929,2245.03,2853.37
2005 5th Avenue,0.988,1053995,35631,,0.9,East Harlem,85.8,4,tag,0,40.8058282,block,-73.9423864,0.0,yes,271601651,,way,10035,14.5,0.935,2159.07,2855.93
2007 5th Avenue,0.988,1053996,35632,,0.9,East Harlem,85.4,4,tag,0,40.8058711,block,-73.9423554,0.0,yes,271601654,,way,10035,14.4,0.941,2161.69,2860.67
4 East 125th Street,0.789,1054019,35640,,13.5,East Harlem,172.3,4,tag,0,40.8060032,block,-73.9419863,0.0,yes,271601677,,way,10035,18.7,0.759,2192.8,2875.27
,0.75,1054017,35652,,4.2,East Harlem,173.3,4,tag,0,40.8059768,block,-73.9419231,0.0,yes,271601725,,way,,18.5,0.743,2198.12,2872.36
,0.796,1054025,35653,,5.6,East Harlem,116.6,6,tag,0,40.8059855,block,-73.9422333,0.0,yes,271601727,,way,,14.1,0.769,2171.98,2873.32
232 East 125th Street,0.591,1090596,35669,,8.2,East Harlem,213.7,5,tag,0,40.8028792,block,-73.9345911,0.0,yes,271605547,,way,10035,12.6,0.547,2816.17,2529.85
124 East 125th Street,0.522,1082070,35704,,33.7,East Harlem,707.2,13,tag,0,40.8042878,block,-73.9379461,0.0,yes,271607967,,way,10035,16.8,0.502,2533.36,2685.6
132 East 124th Street,0.989,1054458,35707,,0.9,East Harlem,121.1,4,tag,0,40.8036794,block,-73.9383572,0.0,yes,271607970,,way,10035,5.7,0.929,2498.72,2618.33
70 East 129th Street,0.758,1054191,35777,,16.3,East Harlem,74.1,4,tag,0,40.8076222,block,-73.937696,0.0,yes,271610665,,way,10035,12.9,0.735,2554.45,3054.3
10 East 126th Street,0.988,1054077,35778,,1.0,East Harlem,98.0,7,tag,0,40.8066954,block,-73.9413057,0.0,yes,271610667,,way,10035,14.1,0.93,2250.17,2951.82
14 East 126th Street,0.988,1054068,35782,,0.9,East Harlem,88.3,7,tag,0,40.8066451,block,-73.9411861,0.0,yes,271610673,,way,10035,14.0,0.94,2260.26,2946.26
1888 Park Avenue,0.989,1054189,35789,,0.9,East Harlem,75.2,4,tag,0,40.807386,block,-73.9377188,0.0,yes,271610685,,way,10035,13.2,0.93,2552.52,3028.18
1967 Madison Avenue,0.988,1079423,35794,,0.9,East Harlem,97.6,7,tag,0,40.8061718,block,-73.9400361,0.0,yes,271610692,,way,10035,17.2,0.933,2357.19,2893.92
26 East 126th Street,0.988,1054075,35805,,0.9,East Harlem,89.1,4,tag,0,40.8064988,block,-73.9408313,0.0,yes,271610711,,way,10035,13.9,0.929,2290.16,2930.08
28 East 126th Street,0.988,1054063,35807,,0.9,East Harlem,90.8,4,tag,0,40.8064743,block,-73.9407729,0.0,yes,271610717,,way,10035,14.3,0.938,2295.08,2927.37
32 East 126th Street,0.989,1054061,35809,,0.9,East Harlem,94.0,8,tag,0,40.8064223,block,-73.9406604,0.0,house,271610723,,way,10035,14.3,0.938,2304.56,2921.62
34 East 126th Street,0.989,1054074,35810,,0.9,East Harlem,94.0,8,tag,0,40.8063981,block,-73.9406028,0.0,yes,271610725,,way,10035,14.5,0.938,2309.42,2918.95
36 East 126th Street,0.989,1054060,35812,,0.9,East Harlem,94.0,8,tag,0,40.8063739,block,-73.9405452,0.0,yes,271610729,,way,10035,14.5,0.938,2314.28,2916.27
45 East 126th Street,0.878,1054093,35815,,5.6,East Harlem,83.4,4,tag,0,40.8062993,block,-73.9394394,0.0,yes,271610734,,way,10035,14.6,0.82,2407.49,2908.01
51 East 125th Street,0.689,1054034,35825,,20.4,East Harlem,185.1,4,tag,0,40.805856,block,-73.9403338,0.0,yes,271610751,,way,10035,12.3,0.655,2332.1,2859.0
53 East 125th Street,0.739,1054034,35830,,12.5,East Harlem,121.2,4,tag,0,40.8058192,block,-73.9402474,0.0,yes,271610760,,way,10035,12.4,0.683,2339.38,2854.93
55 East 125th Street,0.752,1054034,35835,,7.4,East Harlem,103.9,4,tag,0,40.8057921,block,-73.9401839,0.0,yes,271610769,,way,10035,12.4,0.703,2344.73,2851.94
57 East 125th Street,0.793,1054034,35840,,5.2,East Harlem,109.0,4,tag,0,40.8057676,block,-73.9401237,0.0,yes,271610779,,way,10035,12.5,0.777,2349.8,2849.23
6 East 126th Street,0.985,1054078,35851,,0.9,East Harlem,96.1,8,tag,0,40.8067475,block,-73.9414276,0.0,yes,271610801,,way,10035,13.9,0.931,2239.89,2957.58
61 East 130th Street,0.988,1054294,35858,,0.9,East Harlem,104.3,4,tag,0,40.8088016,block,-73.9376007,0.0,yes,271610835,,way,10037,16.9,0.93,2562.48,3184.71
62 East 129th Street,0.762,1054193,35861,,16.0,East Harlem,163.9,17,tag,0,40.8076969,block,-73.9379401,0.0,yes,271610846,,way,10035,18.9,0.723,2533.87,3062.56
64 East 131st Street,0.989,1054296,35868,,0.9,East Harlem,80.1,4,tag,0,40.8090206,block,-73.9371351,0.0,yes,271610869,,way,10037,13.1,0.934,2601.73,3208.92
68 East 129th Street,0.797,1054214,35876,,2.1,East Harlem,113.7,8,tag,0,40.8076528,block,-73.937761,0.0,yes,271610884,,way,10035,17.1,0.753,2548.97,3057.69
74 East 127th Street,0.988,1054138,35882,,0.9,East Harlem,67.1,4,tag,0,40.8064762,block,-73.9388446,0.0,yes,271610894,,way,10035,13.6,0.943,2457.62,2927.58
75 East 125th Street,0.704,1054042,35884,,8.6,East Harlem,345.7,8,tag,0,40.8056438,block,-73.9395281,0.0,yes,271610899,,way,10035,5.8,0.665,2400.01,2835.53
76 East 127th Street,0.988,1054105,35885,,0.9,East Harlem,64.5,5,tag,0,40.8064598,block,-73.9388062,0.0,yes,271610902,,way,10035,13.8,0.93,2460.86,2925.77
79 East 125th Street,0.928,1054043,35888,,2.2,East Harlem,209.8,5,tag,0,40.8055116,block,-73.9394274,0.0,yes,271610910,,way,10035,18.2,0.873,2408.5,2820.92
,0.897,1054190,35912,,1.4,East Harlem,85.8,7,tag,0,40.8074399,block,-73.9377035,0.0,yes,271610993,,way,,5.1,0.88,2553.82,3034.14
11 1/2 East 129th Street,0.988,1054262,35952,,0.9,East Harlem,55.6,4,tag,0,40.8087543,block,-73.9395137,0.0,yes,271625714,,way,10035,11.7,0.929,2401.23,3179.48
15 East 127th Street,0.988,1054147,35964,,0.9,East Harlem,79.5,7,tag,0,40.8075268,block,-73.9404146,0.0,yes,271625726,,way,10035,13.0,0.936,2325.28,3043.75
17 East 126th Street,0.989,1054131,35970,,0.9,East Harlem,84.4,7,tag,0,40.8069002,block,-73.9408603,0.0,yes,271625732,,way,10035,13.8,0.932,2287.71,2974.46
17 East 129th Street,0.989,1054225,35973,,0.9,East Harlem,84.1,4,tag,0,40.8087317,block,-73.939394,0.0,yes,271625735,,way,10035,13.7,0.929,2411.31,3176.97
19 East 126th Street,0.989,1054083,35977,,0.9,East Harlem,82.5,7,tag,0,40.8068775,block,-73.9408057,0.0,yes,271625739,,way,10035,13.5,0.943,2292.32,2971.95
1982 Madison Avenue,0.988,1054091,35983,,0.9,East Harlem,87.5,8,tag,0,40.8067868,block,-73.9401713,0.0,yes,271625745,,way,10035,17.8,0.935,2345.8,2961.92
2044 Madison Avenue,0.989,1054267,36000,,0.9,East Harlem,72.0,4,tag,0,40.8086673,block,-73.9388037,0.0,yes,271625762,,way,10035,14.2,0.94,2461.08,3169.86
2046 Madison Avenue,0.988,1054244,36001,,0.9,East Harlem,74.3,4,tag,0,40.808706,block,-73.938775,0.0,yes,271625763,,way,10035,14.1,0.935,2463.49,3174.14
2048 Madison Avenue,0.989,1054269,36002,,0.9,East Harlem,74.1,4,tag,0,40.8087453,block,-73.9387459,0.0,yes,271625764,,way,10035,14.1,0.946,2465.94,3178.48
2050 Madison Avenue,0.988,1054270,36004,,0.9,East Harlem,71.1,4,tag,0,40.8087837,block,-73.9387176,0.0,yes,271625766,,way,10035,14.1,0.931,2468.34,3182.73
2085 5th Avenue,0.989,1054170,36011,,0.9,East Harlem,94.2,4,tag,0,40.8085361,block,-73.9404025,0.0,yes,271625773,,way,10035,17.8,0.932,2326.3,3155.35
21 East 126th Street,0.989,1054084,36013,,0.9,East Harlem,82.5,7,tag,0,40.8068549,block,-73.940752,0.0,yes,271625775,,way,10035,14.0,0.929,2296.84,2969.46
2111 5th Avenue,0.989,1054258,36020,,0.9,East Harlem,75.2,4,tag,0,40.8092069,block,-73.9399098,0.0,yes,271625782,,way,10035,12.7,0.936,2367.84,3229.52
2119 5th Avenue,0.988,1054255,36024,,1.0,East Harlem,123.3,8,tag,0,40.8093636,block,-73.9397361,0.0,yes,271625786,,way,10035,12.6,0.93,2382.48,3246.85
23 East 129th Street,0.988,1054227,36032,,0.9,East Harlem,86.4,4,tag,0,40.8086664,block,-73.9392381,0.0,yes,271625794,,way,10035,13.6,0.929,2424.46,3169.75
25 East 126th Street,0.988,1054085,36035,,1.0,East Harlem,83.3,8,tag,0,40.806806,block,-73.9406403,0.0,yes,271625797,,way,10035,14.4,0.937,2306.26,2964.05
25 East 129th Street,0.988,1054264,36036,,0.9,East Harlem,83.9,4,tag,0,40.8086436,block,-73.9391837,0.0,yes,271625798,,way,10035,14.2,0.938,2429.04,3167.24
9 East 129th Street,0.989,1054222,36063,,0.9,East Harlem,57.0,4,tag,0,40.8087988,block,-73.9396197,0.0,yes,271625825,,way,10035,11.6,0.93,2392.29,3184.39
,0.988,1054223,36070,,0.9,East Harlem,55.3,4,tag,0,40.8087764,block,-73.9395664,0.0,yes,271625832,,way,,11.6,0.942,2396.79,3181.92
105 West 119th Street,0.989,1057603,36083,,0.9,East Harlem,94.9,6,tag,0,40.8043838,block,-73.9487892,0.0,yes,271625948,,way,10026,16.1,0.937,1619.36,2696.21
106 West 120th Street,0.989,1057563,36084,,0.9,East Harlem,94.7,6,tag,0,40.8047027,block,-73.9485768,0.0,yes,271625949,,way,10026,13.8,0.931,1637.26,2731.48
107 West 119th Street,0.989,1057602,36085,,0.9,East Harlem,96.8,7,tag,0,40.8044043,block,-73.9488427,0.0,yes,271625950,,way,10026,13.3,0.935,1614.84,2698.48
11 West 119th Street,0.989,1053300,36088,,0.9,East Harlem,49.6,4,tag,0,40.8029559,block,-73.9455348,0.0,yes,271625953,,way,10026,10.4,0.933,1893.68,2538.32
119 West 119th Street,0.989,1057550,36098,,0.9,East Harlem,118.8,7,tag,0,40.8045533,block,-73.9492003,0.0,yes,271625963,,way,10026,13.7,0.929,1584.7,2714.96
12 West 120th Street,0.924,1053263,36099,,1.0,East Harlem,99.9,5,tag,0,40.8033362,block,-73.9452787,0.0,yes,271625964,,way,10026,12.7,0.909,1915.27,2580.38
127 West 119th Street,0.989,1057588,36107,,0.9,East Harlem,120.8,8,tag,0,40.8046623,block,-73.9494491,0.0,yes,271625972,,way,10026,13.9,0.935,1563.73,2727.01
136 West 120th Street,0.989,1057597,36114,,0.9,East Harlem,87.2,4,tag,0,40.8050396,block,-73.9493521,0.0,yes,271625979,,way,10026,13.5,0.938,1571.91,2768.73
140 West 120th Street,0.989,1057575,36119,,0.9,East Harlem,82.4,4,tag,0,40.8050862,block,-73.949462,0.0,yes,271625985,,way,10026,13.5,0.932,1562.64,2773.89
143 West 119th Street,0.988,1057540,36122,,0.9,East Harlem,124.9,7,tag,0,40.804877,block,-73.9499516,0.0,yes,271625988,,way,10026,14.5,0.932,1521.37,2750.75
146 West 120th Street,0.988,1057577,36125,,0.9,East Harlem,88.4,4,tag,0,40.8051589,block,-73.9496334,0.0,yes,271625991,,way,10026,13.3,0.934,1548.2,2781.92
147 West 119th Street,0.927,1057538,36126,,1.9,East Harlem,92.6,4,tag,0,40.8049149,block,-73.9500906,0.0,yes,271625992,,way,10026,13.6,0.887,1509.66,2754.95
148 West 120th Street,0.989,1057578,36127,,0.9,East Harlem,89.6,7,tag,0,40.8051706,block,-73.9496943,0.0,yes,271625993,,way,10026,13.6,0.933,1543.06,2783.21
151 West 119th Street,0.989,1057537,36133,,0.9,East Harlem,100.4,6,tag,0,40.804975,block,-73.9502126,0.0,yes,271625999,,way,10026,13.7,0.929,1499.38,2761.58
152 West 120th Street,0.988,1057579,36134,,0.9,East Harlem,83.8,4,tag,0,40.8052241,block,-73.9497919,0.0,yes,271626000,,way,10026,13.3,0.935,1534.84,2789.13
156 West 120th Street,0.988,1057580,36138,,0.9,East Harlem,96.1,6,tag,0,40.8052547,block,-73.9499068,0.0,yes,271626004,,way,10026,14.4,0.939,1525.15,2792.52
158 West 120th Street,0.988,1057581,36140,,0.9,East Harlem,100.2,6,tag,0,40.8052766,block,-73.9499559,0.0,yes,271626007,,way,10026,14.1,0.929,1521.01,2794.94
16 West 120th Street,0.95,1053305,36141,,0.5,East Harlem,94.5,4,tag,0,40.803381,block,-73.9454007,0.0,yes,271626008,,way,10026,12.7,0.905,1904.98,2585.33
160 West 120th Street,0.989,1057582,36142,,0.9,East Harlem,100.1,6,tag,0,40.8052993,block,-73.9500121,0.0,yes,271626009,,way,10026,15.2,0.94,1516.28,2797.45
187 Malcolm X Boulevard,0.989,1057556,36150,,0.9,East Harlem,90.9,4,tag,0,40.80434,block,-73.9484167,0.0,yes,271626017,,way,10026,16.1,0.935,1650.76,2691.37
192 Malcolm X Boulevard,0.989,1053289,36154,,0.9,East Harlem,106.8,6,tag,0,40.8042168,block,-73.9476338,0.0,yes,271626021,,way,10026,16.6,0.937,1716.75,2677.74
194 Malcolm X Boulevard,0.935,1053313,36156,,0.9,East Harlem,84.5,4,tag,0,40.804265,block,-73.947613,0.0,yes,271626023,,way,10026,13.7,0.901,1718.5,2683.08
195 Malcolm X Boulevard,0.989,1057559,36157,,0.9,East Harlem,107.5,7,tag,0,40.8045335,block,-73.9483028,0.0,yes,271626024,,way,10026,16.5,0.931,1660.36,2712.77
20 West 120th Street,0.957,1053306,36163,,0.7,East Harlem,103.3,6,tag,0,40.8034195,block,-73.9455183,0.0,yes,271626030,,way,10026,12.7,0.93,1895.08,2589.59
3 West 119th Street,0.989,1053303,36170,,0.9,East Harlem,48.5,4,tag,0,40.8028811,block,-73.9453576,0.0,yes,271626037,,way,10026,10.4,0.937,1908.62,2530.05
36 West 120th Street,0.988,1053308,36174,,0.9,East Harlem,102.8,4,tag,0,40.8036219,block,-73.9460116,0.0,yes,271626041,,way,10026,14.1,0.934,1853.49,2611.97
40 West 120th Street,0.989,1053273,36177,,0.9,East Harlem,106.6,4,tag,0,40.8036712,block,-73.9461285,0.0,yes,271626044,,way,10026,14.1,0.933,1843.64,2617.42
45 West 119th Street,0.988,1053250,36180,,0.9,East Harlem,84.2,4,tag,0,40.8033511,block,-73.9463643,0.0,yes,271626047,,way,10026,12.8,0.929,1823.76,2582.02
47 West 119th Street,0.989,1053249,36182,,0.9,East Harlem,84.9,4,tag,0,40.8033737,block,-73.946418,0.0,yes,271626049,,way,10026,12.8,0.939,1819.23,2584.53
49 West 119th Street,0.989,1053297,36184,,0.9,East Harlem,85.6,4,tag,0,40.8033965,block,-73.9464722,0.0,yes,271626051,,way,10026,12.8,0.938,1814.67,2587.05
5 West 119th Street,0.989,1053302,36185,,0.9,East Harlem,49.3,4,tag,0,40.8028998,block,-73.9454018,0.0,yes,271626052,,way,10026,10.4,0.947,1904.89,2532.12
50 West 120th Street,0.988,1053276,36186,,1.0,East Harlem,114.0,9,tag,0,40.8038138,block,-73.9464735,0.0,yes,271626053,,way,10026,13.8,0.929,1814.56,2633.19
52 West 120th Street,0.988,1053277,36188,,1.0,East Harlem,113.9,9,tag,0,40.80384,block,-73.9465368,0.0,yes,271626055,,way,10026,13.8,0.931,1809.22,2636.08
53 West 119th Street,0.988,1053247,36189,,0.9,East Harlem,79.7,4,tag,0,40.8034402,block,-73.9465759,0.0,yes,271626056,,way,10026,12.8,0.94,1805.92,2591.88
57 West 119th Street,0.989,1053246,36193,,0.9,East Harlem,85.7,4,tag,0,40.8034851,block,-73.9466822,0.0,yes,271626060,,way,10026,13.4,0.937,1796.97,2596.84
58 West 120th Street,0.989,1053310,36194,,0.9,East Harlem,107.4,6,tag,0,40.8039141,block,-73.9467212,0.0,yes,271626061,,way,10026,13.5,0.934,1793.68,2644.27
59 West 119th Street,0.988,1053245,36195,,0.9,East Harlem,82.2,4,tag,0,40.8035075,block,-73.9467355,0.0,yes,271626062,,way,10026,13.1,0.931,1792.47,2599.32
60 West 120th Street,0.989,1053280,36196,,0.9,East Harlem,106.5,7,tag,0,40.8039389,block,-73.9467818,0.0,yes,271626063,,way,10026,14.1,0.931,1788.56,2647.02
61 West 119th Street,0.988,1053295,36197,,0.9,East Harlem,82.4,4,tag,0,40.8035295,block,-73.9467878,0.0,yes,271626064,,way,10026,13.2,0.944,1788.06,2601.76
63 West 119th Street,0.988,1053244,36199,,0.9,East Harlem,81.0,5,tag,0,40.8035514,block,-73.9468397,0.0,yes,271626066,,way,10026,13.2,0.938,1783.69,2604.17
67 West 119th Street,0.989,1053243,36202,,0.9,East Harlem,94.8,6,tag,0,40.803611,block,-73.9469333,0.0,yes,271626069,,way,10026,13.6,0.931,1775.8,2610.76
69 West 119th Street,0.989,1053242,36204,,0.9,East Harlem,96.2,6,tag,0,40.8036352,block,-73.9469928,0.0,yes,271626071,,way,10026,13.5,0.93,1770.78,2613.44
7 West 119th Street,0.988,1053257,36205,,0.9,East Harlem,50.4,4,tag,0,40.8029187,block,-73.9454469,0.0,yes,271626072,,way,10026,10.5,0.943,1901.09,2534.22
71 West 119th Street,0.989,1053293,36207,,0.9,East Harlem,98.0,6,tag,0,40.8036582,block,-73.947045,0.0,yes,271626074,,way,10026,13.6,0.936,1766.39,2615.98
72 West 120th Street,0.989,1053284,36208,,0.9,East Harlem,110.2,8,tag,0,40.8040669,block,-73.9470814,0.0,yes,271626075,,way,10026,13.9,0.929,1763.31,2661.18
78 West 120th Street,0.988,1053286,36214,,0.9,East Harlem,105.0,5,tag,0,40.8041553,block,-73.9472587,0.0,yes,271626081,,way,10026,14.3,0.929,1748.37,2670.95
79 West 119th Street,0.988,1053238,36215,,0.9,East Harlem,99.5,6,tag,0,40.8037542,block,-73.9472744,0.0,yes,271626082,,way,10026,13.8,0.935,1747.04,2626.59
87 West 119th Street,0.989,1053291,36222,,0.9,East Harlem,98.9,6,tag,0,40.8038499,block,-73.9475009,0.0,yes,271626089,,way,10026,13.8,0.933,1727.96,2637.18
89 West 119th Street,0.989,1053235,36223,,0.9,East Harlem,99.0,6,tag,0,40.8038755,block,-73.9475621,0.0,yes,271626090,,way,10026,13.9,0.934,1722.79,2640.01
91 West 119th Street,0.989,1053234,36225,,0.9,East Harlem,100.9,8,tag,0,40.8038933,block,-73.9476191,0.0,yes,271626092,,way,10026,13.9,0.933,1717.99,2641.98
13 West 120th Street,0.955,1053323,36256,,0.4,East Harlem,91.9,6,tag,0,40.8043685,block,-73.9467984,0.0,yes,271627992,,way,10027,13.7,0.928,1787.17,2694.53
19 West 120th Street,0.948,1053321,36262,,1.6,East Harlem,102.5,4,tag,0,40.8044426,block,-73.9469875,0.0,yes,271628005,,way,10027,14.2,0.928,1771.23,2702.72
23 West 120th Street,0.954,1053319,36273,,1.5,East Harlem,102.7,4,tag,0,40.8044962,block,-73.9471151,0.0,yes,271628025,,way,10027,14.5,0.918,1760.47,2708.64
24 West 121st Street,0.989,1053343,36274,,0.9,East Harlem,111.7,6,tag,0,40.8048336,block,-73.9469489,0.0,yes,271628027,,way,10027,16.0,0.933,1774.48,2745.96
25 West 120th Street,0.873,1053318,36275,,2.8,East Harlem,83.2,4,tag,0,40.8045105,block,-73.9471862,0.0,yes,271628029,,way,10027,16.0,0.818,1754.48,2710.22
5 West 120th Street,0.924,1053326,36278,,2.0,East Harlem,103.0,6,tag,0,40.804268,block,-73.9465551,0.0,yes,271628035,,way,10027,16.9,0.892,1807.68,2683.41
9 West 120th Street,0.924,1053324,36282,,6.1,East Harlem,89.7,4,tag,0,40.8043137,block,-73.9466891,0.0,yes,271628043,,way,10027,13.7,0.878,1796.39,2688.46
,0.586,1090898,36285,,0.9,East Harlem,966.5,15,tag,0,40.8042857,block,-73.9462113,0.0,yes,271628052,,way,,17.3,0.535,1836.66,2685.37
113 West 120th Street,0.988,1057628,36302,,0.9,East Harlem,118.2,6,tag,0,40.8051389,block,-73.9486238,0.0,yes,271629787,,way,10027,13.9,0.929,1633.3,2779.71
117 West 120th Street,0.988,1057626,36305,,0.9,East Harlem,126.8,7,tag,0,40.8051902,block,-73.9487536,0.0,yes,271629791,,way,10027,14.8,0.932,1622.35,2785.39
123 West 120th Street,0.99,1057624,36311,,0.8,East Harlem,121.2,6,tag,0,40.8052723,block,-73.9489396,0.0,yes,271629801,,way,10027,14.8,0.932,1606.68,2794.46
124 West 121st Street,0.989,1057642,36312,,0.9,East Harlem,117.4,6,tag,0,40.8055384,block,-73.9486227,0.0,yes,271629803,,way,10027,17.0,0.93,1633.39,2823.88
125 West 120th Street,0.97,1057623,36313,,1.3,East Harlem,121.3,7,tag,0,40.8052937,block,-73.9490095,0.0,yes,271629804,,way,10027,14.8,0.928,1600.79,2796.83
127 West 120th Street,0.989,1057622,36315,,0.9,East Harlem,125.4,6,tag,0,40.8053211,block,-73.949072,0.0,yes,271629809,,way,10027,14.2,0.932,1595.52,2799.85
130 West 121st Street,0.989,1057670,36318,,0.9,East Harlem,117.0,6,tag,0,40.805619,block,-73.9488112,0.0,yes,271629814,,way,10027,16.9,0.936,1617.5,2832.8
143 West 120th Street,0.989,1057616,36331,,0.9,East Harlem,109.5,7,tag,0,40.8055385,block,-73.9495848,0.0,yes,271629834,,way,10027,13.9,0.929,1552.3,2823.9
145 West 120th Street,0.989,1057615,36333,,0.9,East Harlem,108.8,7,tag,0,40.8055632,block,-73.9496451,0.0,yes,271629838,,way,10027,13.9,0.932,1547.21,2826.63
148 West 121st Street,0.933,1057652,36336,,0.7,East Harlem,94.6,4,tag,0,40.8058661,block,-73.9493624,0.0,yes,271629842,,way,10027,16.4,0.916,1571.04,2860.12
153 West 120th Street,0.989,1057612,36341,,0.9,East Harlem,101.1,7,tag,0,40.8056625,block,-73.9498793,0.0,yes,271629850,,way,10027,13.9,0.939,1527.47,2837.61
157 West 120th Street,0.988,1057662,36345,,0.9,East Harlem,80.0,4,tag,0,40.8056991,block,-73.9499924,0.0,yes,271629855,,way,10027,13.9,0.929,1517.93,2841.65
159 West 120th Street,0.988,1057610,36347,,0.9,East Harlem,81.0,4,tag,0,40.8057202,block,-73.9500422,0.0,yes,271629858,,way,10027,13.8,0.942,1513.74,2843.99
162 West 121st Street,0.989,1057656,36349,,0.9,East Harlem,89.5,4,tag,0,40.8060304,block,-73.9497578,0.0,yes,271629861,,way,10027,15.0,0.939,1537.71,2878.29
164 West 121st Street,0.988,1057657,36350,,0.9,East Harlem,88.0,7,tag,0,40.8060531,block,-73.9498081,0.0,yes,271629863,,way,10027,14.4,0.939,1533.47,2880.79
2014 Adam Clayton Powell Jr. Boulevard,0.613,1058472,36358,,7.0,East Harlem,123.0,4,tag,0,40.8062638,block,-73.9507512,0.0,yes,271629877,,way,10027,18.1,0.584,1453.97,2904.09
204 West 122nd Street,0.989,1058541,36364,,0.9,East Harlem,103.2,6,tag,0,40.807129,block,-73.9504894,0.0,yes,271629893,,way,10027,14.1,0.938,1476.04,2999.76
205 West 121st Street,0.988,1058511,36365,,1.0,East Harlem,87.2,5,tag,0,40.8068233,block,-73.9506977,0.0,yes,271629895,,way,10027,14.6,0.932,1458.48,2965.96
207 West 121st Street,0.988,1058540,36369,,1.0,East Harlem,85.8,5,tag,0,40.8068449,block,-73.9507486,0.0,yes,271629900,,way,10027,14.1,0.938,1454.19,2968.35
209 West 121st Street,0.989,1058510,36371,,0.9,East Harlem,83.1,6,tag,0,40.8068666,block,-73.950798,0.0,yes,271629903,,way,10027,14.1,0.934,1450.03,2970.75
211 West 121st Street,0.988,1058509,36373,,1.0,East Harlem,81.9,6,tag,0,40.8068864,block,-73.9508475,0.0,yes,271629906,,way,10027,14.3,0.941,1445.85,2972.94
216 West 122nd Street,0.989,1058520,36378,,0.9,East Harlem,82.8,5,tag,0,40.8072691,block,-73.950759,0.0,yes,271629914,,way,10027,14.5,0.936,1453.31,3015.25
218 West 122nd Street,0.988,1058544,36380,,0.9,East Harlem,80.4,6,tag,0,40.8072877,block,-73.9508062,0.0,yes,271629917,,way,10027,14.8,0.938,1449.34,3017.31
231 West 120th Street,0.989,1058469,36392,,0.9,East Harlem,88.7,7,tag,0,40.8065875,block,-73.9521005,0.0,yes,271629937,,way,10027,14.4,0.935,1340.23,2939.88
233 West 120th Street,0.989,1058468,36394,,0.9,East Harlem,87.9,6,tag,0,40.8066089,block,-73.9521514,0.0,yes,271629940,,way,10027,13.8,0.942,1335.94,2942.25
235 West 120th Street,0.989,1058467,36397,,0.9,East Harlem,88.4,6,tag,0,40.8066316,block,-73.952206,0.0,yes,271629944,,way,10027,13.7,0.939,1331.34,2944.76
241 West 120th Street,0.988,1058486,36404,,0.9,East Harlem,79.2,4,tag,0,40.8066923,block,-73.9523699,0.0,yes,271629954,,way,10027,13.3,0.942,1317.52,2951.48
243 West 120th Street,0.989,1058465,36407,,0.9,East Harlem,80.5,6,tag,0,40.8067101,block,-73.9524243,0.0,yes,271629960,,way,10027,13.2,0.937,1312.94,2953.45
248 West 121st Street,0.989,1058478,36412,,0.9,East Harlem,85.4,6,tag,0,40.8069799,block,-73.9520166,0.0,yes,271629968,,way,10027,13.9,0.937,1347.31,2983.28
249 West 121st Street,0.988,1058539,36413,,0.9,East Harlem,88.1,4,tag,0,40.8072963,block,-73.951831,0.0,yes,271629970,,way,10027,13.2,0.939,1362.95,3018.26
251 West 121st Street,0.988,1058499,36414,,0.9,East Harlem,86.1,4,tag,0,40.8073199,block,-73.9518868,0.0,yes,271629971,,way,10027,13.2,0.931,1358.25,3020.87
256 West 121st Street,0.989,1058480,36418,,0.9,East Harlem,86.9,4,tag,0,40.8070811,block,-73.9522388,0.0,yes,271629977,,way,10027,13.6,0.937,1328.58,2994.47
257 West 121st Street,0.989,1058497,36419,,0.9,East Harlem,83.3,4,tag,0,40.8073897,block,-73.9520519,0.0,yes,271629979,,way,10027,12.9,0.94,1344.33,3028.59
258 West 121st Street,0.989,1058481,36420,,0.9,East Harlem,87.3,4,tag,0,40.8071053,block,-73.9522962,0.0,yes,271629980,,way,10027,14.0,0.937,1323.74,2997.15
259 West 121st Street,0.989,1058496,36421,,0.9,East Harlem,84.4,4,tag,0,40.8074113,block,-73.9521072,0.0,yes,271629982,,way,10027,12.9,0.936,1339.67,3030.98
261 West 121st Street,0.988,1058537,36424,,0.9,East Harlem,85.3,4,tag,0,40.8074348,block,-73.9521626,0.0,yes,271629986,,way,10027,14.4,0.936,1335.0,3033.57
269 West 121st Street,0.989,1058495,36431,,0.9,East Harlem,79.7,4,tag,0,40.8075253,block,-73.9523773,0.0,yes,271629997,,way,10027,13.2,0.935,1316.9,3043.58
123 West 122nd Street,0.989,1057719,36468,,0.9,East Harlem,100.9,5,tag,0,40.8064796,block,-73.9479123,0.0,yes,271631607,,way,10027,14.3,0.936,1693.28,2927.95
125 West 122nd Street,0.988,1057761,36470,,0.9,East Harlem,100.7,6,tag,0,40.8065011,block,-73.9479759,0.0,yes,271631609,,way,10027,14.5,0.933,1687.92,2930.33
134 West 123rd Street,0.847,1057745,36482,,6.9,East Harlem,125.1,5,tag,0,40.8069143,block,-73.9480742,0.0,yes,271631621,,way,10027,13.8,0.842,1679.63,2976.02
135 West 122nd Street,0.989,1057760,36483,,0.9,East Harlem,85.3,4,tag,0,40.8066341,block,-73.9482797,0.0,yes,271631622,,way,10027,16.3,0.938,1662.3,2945.04
136 West 123rd Street,0.927,1057746,36484,,5.7,East Harlem,85.9,4,tag,0,40.8069758,block,-73.9480995,0.0,yes,271631623,,way,10027,14.0,0.906,1677.49,2982.83
138 West 123rd Street,0.913,1057769,36486,,5.6,East Harlem,65.1,4,tag,0,40.8070081,block,-73.9481463,0.0,yes,271631625,,way,10027,12.5,0.876,1673.55,2986.39
141 West 122nd Street,0.989,1057759,36492,,0.9,East Harlem,84.6,4,tag,0,40.8067007,block,-73.9484384,0.0,yes,271631632,,way,10027,16.6,0.936,1648.93,2952.41
142 West 123rd Street,0.989,1057747,36493,,0.9,East Harlem,66.2,4,tag,0,40.8070523,block,-73.9482504,0.0,yes,271631633,,way,10027,12.5,0.933,1664.78,2991.28
143 West 122nd Street,0.988,1057712,36494,,0.9,East Harlem,83.0,4,tag,0,40.806723,block,-73.9484912,0.0,yes,271631634,,way,10027,16.2,0.935,1644.48,2954.86
148 West 123rd Street,0.989,1057749,36499,,0.9,East Harlem,79.1,4,tag,0,40.8071123,block,-73.9484187,0.0,yes,271631639,,way,10027,13.6,0.934,1650.59,2997.92
15 West 122nd Street,0.989,1053393,36503,,0.9,East Harlem,100.1,6,tag,0,40.805671,block,-73.946028,0.0,yes,271631643,,way,10027,14.7,0.933,1852.11,2838.54
150 West 123rd Street,0.988,1057750,36504,,0.9,East Harlem,79.1,4,tag,0,40.8071348,block,-73.9484716,0.0,yes,271631644,,way,10027,13.9,0.943,1646.13,3000.4
153 West 122nd Street,0.988,1057708,36510,,0.9,East Harlem,80.4,4,tag,0,40.806838,block,-73.9488074,0.0,yes,271631650,,way,10027,14.1,0.929,1617.83,2967.59
155 West 122nd Street,0.894,1057757,36514,,1.4,East Harlem,99.7,5,tag,0,40.8068756,block,-73.948848,0.0,yes,271631657,,way,10027,14.3,0.871,1614.4,2971.74
158 West 123rd Street,0.989,1057772,36520,,0.9,East Harlem,79.3,4,tag,0,40.8072105,block,-73.9486713,0.0,yes,271631667,,way,10027,16.0,0.938,1629.29,3008.77
160 West 123rd Street,0.988,1057753,36526,,0.9,East Harlem,78.6,4,tag,0,40.8072264,block,-73.9487176,0.0,yes,271631680,,way,10027,15.4,0.949,1625.4,3010.53
162 West 123rd Street,0.989,1057773,36529,,0.9,East Harlem,77.4,4,tag,0,40.8072452,block,-73.948762,0.0,yes,271631685,,way,10027,15.7,0.946,1621.65,3012.62
164 West 123rd Street,0.987,1057754,36531,,1.0,East Harlem,80.3,4,tag,0,40.8072648,block,-73.9488061,0.0,yes,271631689,,way,10027,16.0,0.939,1617.94,3014.78
166 West 123rd Street,0.989,1057774,36533,,0.9,East Harlem,80.4,4,tag,0,40.8072846,block,-73.9488503,0.0,yes,271631692,,way,10027,15.4,0.952,1614.2,3016.97
168 West 123rd Street,0.989,1057755,36534,,0.9,East Harlem,80.2,4,tag,0,40.8073036,block,-73.9488952,0.0,yes,271631694,,way,10027,15.4,0.952,1610.42,3019.07
22 West 123rd Street,0.988,1053410,36547,,0.9,East Harlem,80.6,4,tag,0,40.8060306,block,-73.9458599,0.0,yes,271631718,,way,10027,14.2,0.929,1866.28,2878.31
235 Malcolm X Boulevard,0.925,1057689,36558,,1.9,East Harlem,117.5,6,tag,0,40.8057913,block,-73.9473814,0.0,yes,271631738,,way,10027,17.2,0.914,1738.03,2851.84
239 Malcolm X Boulevard,0.888,1057690,36560,,5.7,East Harlem,106.7,4,tag,0,40.8058841,block,-73.9472885,0.0,yes,271631742,,way,10027,17.1,0.837,1745.86,2862.11
24 West 123rd Street,0.989,1053450,36561,,0.9,East Harlem,81.1,4,tag,0,40.8060525,block,-73.9459121,0.0,yes,271631744,,way,10027,14.2,0.941,1861.88,2880.73
30 Mt Morris Park West,0.853,1053403,36582,,2.5,East Harlem,133.1,5,tag,0,40.8057974,block,-73.9451349,0.0,yes,271631785,,way,10027,14.2,0.803,1927.39,2852.52
6 West 122nd Street,0.942,1053370,36587,,0.6,East Harlem,107.9,4,tag,0,40.8052355,block,-73.9459319,0.0,yes,271631793,,way,10027,14.7,0.899,1860.21,2790.39
6 West 123rd Street,0.989,1053447,36588,,0.9,East Harlem,82.9,4,tag,0,40.8058538,block,-73.9454397,0.0,yes,271631797,,way,10027,14.2,0.941,1901.7,2858.76
114 West 124th Street,0.891,1057815,36619,,6.3,East Harlem,86.2,7,tag,0,40.8072769,block,-73.9468149,0.0,yes,271798683,,way,10027,13.6,0.845,1785.78,3016.12
125 West 123rd Street,0.988,1057813,36628,,0.9,East Harlem,68.0,5,tag,0,40.8071259,block,-73.9475397,0.0,yes,271798693,,way,10027,13.6,0.929,1724.68,2999.42
127 West 123rd Street,0.989,1057782,36631,,0.9,East Harlem,69.4,4,tag,0,40.8071452,block,-73.9475858,0.0,yes,271798696,,way,10027,13.6,0.943,1720.8,3001.56
20 West 126th Street,0.877,1053510,36658,,0.9,East Harlem,77.5,7,tag,0,40.8073254,block,-73.9428299,0.0,yes,271798723,,way,10027,14.0,0.865,2121.69,3021.48
2014 5th Avenue,0.989,1053465,36665,,0.9,East Harlem,88.8,4,tag,0,40.8062631,block,-73.9427099,0.0,yes,271798730,,way,10027,16.9,0.943,2131.81,2904.02
2032 5th Avenue,0.923,1053505,36666,,0.4,East Harlem,99.6,7,tag,0,40.8069159,block,-73.9422403,0.0,yes,271798731,,way,10027,18.6,0.881,2171.39,2976.2
2073 Adam Clayton Powell Jr. Boulevard,0.989,1057816,36672,,0.9,East Harlem,121.2,5,tag,0,40.8079121,block,-73.9486563,0.0,yes,271798742,,way,10027,15.3,0.934,1630.56,3086.35
268 Malcolm X Boulevard,0.989,1053418,36695,,0.9,East Harlem,84.3,4,tag,0,40.8066211,block,-73.9459132,0.0,yes,271798765,,way,10027,13.7,0.938,1861.79,2943.6
272 Malcolm X Boulevard,0.989,1053440,36701,,0.9,East Harlem,82.8,4,tag,0,40.8067074,block,-73.9458504,0.0,yes,271798772,,way,10027,13.7,0.935,1867.08,2953.15
284 Malcolm X Boulevard,0.988,1083976,36707,,0.9,East Harlem,109.0,5,tag,0,40.807146,block,-73.9455133,0.0,yes,271798778,,way,10027,16.9,0.929,1895.5,3001.65
30 West 126th Street,0.901,1053534,36710,,6.0,East Harlem,88.0,4,tag,0,40.8074657,block,-73.9431253,0.0,yes,271798781,,way,10027,13.4,0.892,2096.79,3037.0
4 West 126th Street,0.795,1053531,36725,,2.2,East Harlem,166.6,5,tag,0,40.8071445,block,-73.9423503,0.0,yes,271798796,,way,10027,17.4,0.77,2162.12,3001.47
46 West 126th Street,0.989,1053519,36732,,0.9,East Harlem,93.2,5,tag,0,40.8076691,block,-73.943619,0.0,yes,271798803,,way,10027,13.8,0.931,2055.17,3059.48
48 West 125th Street,0.988,1053475,36733,,0.9,East Harlem,135.4,4,tag,0,40.8069097,block,-73.9441567,0.0,yes,271798804,,way,10027,12.9,0.941,2009.85,2975.51
50 West 125th Street,0.989,1053492,36735,,0.9,East Harlem,131.1,5,tag,0,40.8069299,block,-73.944205,0.0,yes,271798806,,way,10027,12.8,0.935,2005.77,2977.75
52 West 125th Street,0.989,1053476,36737,,0.9,East Harlem,136.8,4,tag,0,40.806954,block,-73.9442519,0.0,yes,271798809,,way,10027,12.8,0.93,2001.82,2980.41
56 West 124th Street,0.989,1053435,36741,,0.9,East Harlem,84.6,4,tag,0,40.8064811,block,-73.9449945,0.0,yes,271798813,,way,10027,15.5,0.93,1939.23,2928.13
58 West 124th Street,0.988,1053436,36744,,0.9,East Harlem,83.8,4,tag,0,40.8065056,block,-73.9450528,0.0,yes,271798816,,way,10027,15.4,0.933,1934.31,2930.83
58 West 125th Street,0.6,1053476,36745,,21.0,East Harlem,200.4,12,tag,0,40.8070617,block,-73.9444657,0.0,yes,271798817,,way,10027,15.3,0.6,1983.8,2992.32
58 West 126th Street,0.989,1053537,36746,,0.9,East Harlem,77.3,4,tag,0,40.8077856,block,-73.9438864,0.0,yes,271798818,,way,10027,13.6,0.929,2032.63,3072.36
60 West 125th Street,0.582,1053476,36748,,28.3,East Harlem,162.5,5,tag,0,40.8070889,block,-73.9445455,0.0,yes,271798820,,way,10027,15.3,0.527,1977.07,2995.33
60 West 126th Street,0.983,1053522,36749,,0.9,East Harlem,74.8,4,tag,0,40.8078073,block,-73.9439382,0.0,yes,271798821,,way,10027,13.2,0.931,2028.27,3074.76
70 West 126th Street,0.988,1053525,36762,,0.9,East Harlem,66.3,5,tag,0,40.8079194,block,-73.9442254,0.0,house,271798834,,way,10027,13.7,0.942,2004.05,3087.17
72 West 126th Street,0.989,1053538,36764,,0.9,East Harlem,65.8,4,tag,0,40.8079364,block,-73.944266,0.0,house,271798836,,way,10027,13.3,0.955,2000.64,3089.03
,0.6,1091054,36782,,8.1,East Harlem,469.3,5,tag,0,40.8081924,block,-73.9476061,0.0,yes,271798888,,way,,3.0,0.587,1719.08,3117.34
2054 Adam Clayton Powell Jr. Boulevard,0.989,1058566,36823,,0.9,East Harlem,121.0,8,tag,0,40.8075705,block,-73.9497933,0.0,yes,271800263,,way,10027,18.0,0.932,1534.71,3048.58
2056 Adam Clayton Powell Jr. Boulevard,0.989,1085333,36824,,0.9,East Harlem,121.1,6,tag,0,40.8076183,block,-73.9497582,0.0,yes,271800265,,way,10027,18.0,0.934,1537.68,3053.87
209 West 123rd Street,0.988,1058628,36830,,0.9,East Harlem,74.1,4,tag,0,40.8081068,block,-73.9498697,0.0,yes,271800272,,way,10027,13.2,0.932,1528.27,3107.88
211 West 122nd Street,0.988,1058599,36832,,0.9,East Harlem,80.9,5,tag,0,40.80751,block,-73.950354,0.0,yes,271800274,,way,10027,14.2,0.937,1487.46,3041.89
212 West 123rd Street,0.989,1058571,36834,,0.9,East Harlem,80.2,4,tag,0,40.8078415,block,-73.9501533,0.0,yes,271800276,,way,10027,13.5,0.939,1504.37,3078.55
216 West 123rd Street,0.989,1058603,36840,,0.9,East Harlem,69.3,4,tag,0,40.8078956,block,-73.9502465,0.0,yes,271800282,,way,10027,12.8,0.941,1496.52,3084.53
220 West 123rd Street,0.989,1058574,36843,,0.9,East Harlem,69.6,4,tag,0,40.8079412,block,-73.9503544,0.0,yes,271800285,,way,10027,12.5,0.931,1487.42,3089.57
222 West 123rd Street,0.989,1058604,36844,,0.9,East Harlem,69.8,4,tag,0,40.807963,block,-73.9504062,0.0,yes,271800286,,way,10027,12.4,0.944,1483.06,3091.98
235 West 122nd Street,0.988,1058558,36856,,0.9,East Harlem,77.8,4,tag,0,40.8077325,block,-73.9508976,0.0,yes,271800300,,way,10027,13.0,0.934,1441.63,3066.49
238 West 123rd Street,0.989,1058606,36860,,0.9,East Harlem,72.7,4,tag,0,40.8081457,block,-73.9508845,0.0,yes,271800304,,way,10027,13.1,0.936,1442.73,3112.18
239 West 123rd Street,0.989,1058623,36862,,0.9,East Harlem,78.6,4,tag,0,40.8084907,block,-73.9507779,0.0,yes,271800306,,way,10027,13.4,0.94,1451.73,3150.33
242 West 123rd Street,0.988,1058582,36865,,0.9,East Harlem,72.3,4,tag,0,40.8081832,block,-73.9509735,0.0,yes,271800310,,way,10027,13.1,0.935,1435.24,3116.33
243 West 122nd Street,0.988,1058555,36866,,0.9,East Harlem,88.1,4,tag,0,40.8078213,block,-73.9511108,0.0,yes,271800312,,way,10027,14.1,0.932,1423.66,3076.31
244 West 123rd Street,0.988,1058607,36868,,0.9,East Harlem,71.3,4,tag,0,40.8082017,block,-73.9510171,0.0,yes,271800314,,way,10027,13.1,0.949,1431.55,3118.37
245 West 122nd Street,0.989,1089405,36869,,0.9,East Harlem,89.2,4,tag,0,40.8078447,block,-73.9511664,0.0,yes,271800315,,way,10027,14.1,0.935,1418.97,3078.9
246 West 123rd Street,0.988,1058583,36871,,0.9,East Harlem,72.7,4,tag,0,40.8082201,block,-73.9510609,0.0,yes,271800317,,way,10027,13.0,0.946,1427.86,3120.41
247 West 122nd Street,0.989,1058553,36872,,0.9,East Harlem,90.2,5,tag,0,40.8078685,block,-73.9512227,0.0,yes,271800318,,way,10027,14.0,0.934,1414.23,3081.53
248 West 123rd Street,0.988,1058608,36874,,0.9,East Harlem,75.5,4,tag,0,40.8082391,block,-73.951106,0.0,yes,271800320,,way,10027,13.1,0.936,1424.06,3122.51
249 West 123rd Street,0.989,1058620,36876,,0.9,East Harlem,91.6,5,tag,0,40.8086061,block,-73.9510383,0.0,yes,271800322,,way,10027,14.6,0.935,1429.77,3163.09
258 West 123rd Street,0.989,1058610,36889,,0.9,East Harlem,104.0,7,tag,0,40.8083301,block,-73.9513744,0.0,yes,271800336,,way,10027,16.7,0.941,1401.44,3132.57
273 West 122nd Street,0.988,1088142,36903,,0.9,East Harlem,120.8,4,tag,0,40.8081937,block,-73.9519556,0.0,yes,271800350,,way,10027,23.8,0.931,1352.44,3117.49
342 West 121st Street,0.989,1059154,36934,,0.9,East Harlem,86.1,4,tag,0,40.8082344,block,-73.9550131,0.0,yes,271803332,,way,10027,15.0,0.933,1094.72,3122.0
344 West 121st Street,0.989,1059170,36937,,0.9,East Harlem,85.6,4,tag,0,40.8082548,block,-73.9550612,0.0,yes,271803335,,way,10027,15.0,0.947,1090.66,3124.25
345 West 121st Street,0.989,1059221,36939,,0.9,East Harlem,94.1,4,tag,0,40.8086039,block,-73.954915,0.0,yes,271803337,,way,10027,14.4,0.934,1102.99,3162.85
346 West 122nd Street,0.988,1059222,36941,,0.9,East Harlem,89.8,4,tag,0,40.80892,block,-73.9546832,0.0,yes,271803339,,way,10027,15.0,0.94,1122.52,3197.8
350 West 121st Street,0.988,1059156,36946,,0.9,East Harlem,90.5,4,tag,0,40.8083157,block,-73.9552054,0.0,yes,271803344,,way,10027,15.0,0.932,1078.51,3130.97
351 West 121st Street,0.989,1059220,36949,,0.9,East Harlem,90.5,4,tag,0,40.8086673,block,-73.9550659,0.0,yes,271803347,,way,10027,14.4,0.934,1090.27,3169.85
352 West 121st Street,0.988,1059157,36950,,0.9,East Harlem,90.6,4,tag,0,40.8083371,block,-73.9552562,0.0,yes,271803348,,way,10027,15.0,0.946,1074.23,3133.35
352 West 122nd Street,0.989,1059223,36951,,0.9,East Harlem,92.3,4,tag,0,40.8089841,block,-73.9548355,0.0,yes,271803349,,way,10027,14.0,0.932,1109.69,3204.89
353 West 121st Street,0.989,1059179,36953,,0.9,East Harlem,92.7,4,tag,0,40.8086886,block,-73.9551168,0.0,yes,271803351,,way,10027,14.4,0.936,1085.98,3172.21
354 West 122nd Street,0.989,1059216,36955,,0.9,East Harlem,92.4,4,tag,0,40.8090057,block,-73.9548869,0.0,yes,271803353,,way,10027,14.6,0.945,1105.36,3207.28
355 West 121st Street,0.988,1059219,36957,,0.9,East Harlem,93.9,4,tag,0,40.8087103,block,-73.9551686,0.0,yes,271803355,,way,10027,14.7,0.939,1081.61,3174.62
356 West 121st Street,0.988,1059158,36958,,0.9,East Harlem,89.4,4,tag,0,40.8083787,block,-73.9553548,0.0,yes,271803356,,way,10027,15.0,0.929,1065.91,3137.94
358 West 122nd Street,0.989,1059217,36963,,0.9,East Harlem,103.7,7,tag,0,40.8090373,block,-73.9549968,0.0,yes,271803361,,way,10027,14.6,0.941,1096.1,3210.77
359 West 121st Street,0.989,1059177,36965,,0.9,East Harlem,89.3,4,tag,0,40.8087522,block,-73.9552682,0.0,yes,271803363,,way,10027,14.7,0.941,1073.21,3179.24
360 West 121st Street,0.989,1059173,36966,,0.9,East Harlem,89.1,4,tag,0,40.8084189,block,-73.9554502,0.0,yes,271803364,,way,10027,15.0,0.93,1057.87,3142.39
361 West 120th Street,0.916,1059129,36968,,2.0,East Harlem,71.3,4,tag,0,40.8080284,block,-73.9555201,0.0,yes,271803366,,way,10027,14.6,0.896,1051.98,3099.21
362 West 121st Street,0.988,1059160,36969,,0.9,East Harlem,89.8,6,tag,0,40.8084448,block,-73.9554954,0.0,yes,271803367,,way,10027,14.7,0.945,1054.07,3145.26
363 West 120th Street,0.988,1059128,36970,,0.9,East Harlem,83.7,4,tag,0,40.8080505,block,-73.9555723,0.0,yes,271803368,,way,10027,14.6,0.932,1047.58,3101.66
485 Manhattan Avenue,0.989,1059135,36977,,0.9,East Harlem,79.9,4,tag,0,40.8078563,block,-73.9550493,0.0,yes,271803375,,way,10027,14.6,0.944,1091.67,3080.18
487 Manhattan Avenue,0.989,1059136,36978,,0.9,East Harlem,79.1,4,tag,0,40.8078928,block,-73.9550225,0.0,yes,271803376,,way,10027,14.6,0.948,1093.93,3084.22
489 Manhattan Avenue,0.989,1059137,36979,,0.9,East Harlem,77.6,4,tag,0,40.8079288,block,-73.9549961,0.0,yes,271803377,,way,10027,14.6,0.944,1096.15,3088.2
491 Manhattan Avenue,0.989,1059138,36980,,0.9,East Harlem,78.8,4,tag,0,40.8079648,block,-73.9549696,0.0,yes,271803378,,way,10027,14.3,0.946,1098.38,3092.17
493 Manhattan Avenue,0.989,1059149,36982,,0.9,East Harlem,75.1,4,tag,0,40.8080001,block,-73.9549437,0.0,yes,271803380,,way,10027,14.6,0.932,1100.57,3096.08
503 Manhattan Avenue,0.989,1059152,36990,,0.9,East Harlem,79.0,4,tag,0,40.8081797,block,-73.9548118,0.0,yes,271803388,,way,10027,14.3,0.931,1111.69,3115.94
511 Manhattan Avenue,0.988,1059186,36994,,0.9,East Harlem,87.5,4,tag,0,40.8084961,block,-73.9545872,0.0,yes,271803392,,way,10027,14.8,0.932,1130.62,3150.93
513 Manhattan Avenue,0.989,1059187,36996,,0.9,East Harlem,85.0,4,tag,0,40.8085348,block,-73.9545589,0.0,yes,271803394,,way,10027,14.8,0.936,1133.0,3155.2
515 Manhattan Avenue,0.989,1059188,36997,,0.9,East Harlem,86.1,4,tag,0,40.8085731,block,-73.9545309,0.0,yes,271803395,,way,10027,14.8,0.943,1135.37,3159.44
517 Manhattan Avenue,0.989,1059189,36999,,0.9,East Harlem,83.9,4,tag,0,40.8086112,block,-73.954503,0.0,yes,271803397,,way,10027,14.8,0.938,1137.71,3163.65
519 Manhattan Avenue,0.989,1059206,37001,,0.9,East Harlem,86.3,4,tag,0,40.8086494,block,-73.9544751,0.0,yes,271803399,,way,10027,14.8,0.937,1140.06,3167.87
521 Manhattan Avenue,0.989,1059207,37003,,0.9,East Harlem,87.2,4,tag,0,40.8086882,block,-73.9544467,0.0,yes,271803401,,way,10027,14.8,0.944,1142.46,3172.17
523 Manhattan Avenue,0.988,1059208,37004,,0.9,East Harlem,85.7,4,tag,0,40.808727,block,-73.9544184,0.0,yes,271803402,,way,10027,14.8,0.941,1144.85,3176.46
525 Manhattan Avenue,0.989,1059209,37005,,0.9,East Harlem,83.6,4,tag,0,40.8087649,block,-73.9543906,0.0,yes,271803403,,way,10027,14.8,0.939,1147.19,3180.66
,0.818,1059185,37011,,7.1,East Harlem,71.2,4,tag,0,40.8084003,block,-73.9546186,0.0,yes,271803409,,way,,14.5,0.772,1127.97,3140.33
,0.989,1059210,37022,,0.9,East Harlem,87.2,4,tag,0,40.8088033,block,-73.9543626,0.0,yes,271803421,,way,,14.8,0.931,1149.55,3184.89
,0.835,1059185,37023,,11.6,East Harlem,85.9,5,tag,0,40.8084572,block,-73.9547556,0.0,yes,271803422,,way,,14.5,0.831,1116.42,3146.62
103 Morningside Avenue,0.681,1059285,37029,,10.3,East Harlem,273.9,5,tag,0,40.8102101,block,-73.9544599,0.0,yes,271805633,,way,10027,17.3,0.658,1141.35,3340.45
303 West 123rd Street,0.962,1059294,37036,,0.9,East Harlem,55.7,4,tag,0,40.8091374,block,-73.9523746,0.0,yes,271805640,,way,10027,14.0,0.902,1317.13,3221.83
305 West 123rd Street,0.988,1059293,37037,,0.9,East Harlem,59.9,4,tag,0,40.8091594,block,-73.9524235,0.0,yes,271805641,,way,10027,14.3,0.94,1313.0,3224.27
341 West 122nd Street,0.989,1059232,37039,,0.9,East Harlem,83.2,4,tag,0,40.8091787,block,-73.9543241,0.0,yes,271805646,,way,10027,14.6,0.936,1152.8,3226.41
343 West 122nd Street,0.989,1059259,37041,,0.9,East Harlem,83.2,4,tag,0,40.8091989,block,-73.9543718,0.0,yes,271805648,,way,10027,14.9,0.95,1148.78,3228.64
345 West 122nd Street,0.988,1059231,37043,,0.9,East Harlem,84.4,4,tag,0,40.8092191,block,-73.9544199,0.0,yes,271805650,,way,10027,14.6,0.943,1144.73,3230.88
347 West 122nd Street,0.989,1059230,37046,,0.9,East Harlem,85.8,4,tag,0,40.8092397,block,-73.9544687,0.0,yes,271805653,,way,10027,14.6,0.942,1140.61,3233.15
349 West 122nd Street,0.989,1059258,37049,,0.9,East Harlem,83.2,4,tag,0,40.8092602,block,-73.9545171,0.0,yes,271805656,,way,10027,14.3,0.935,1136.53,3235.42
350 West 123rd Street,0.989,1059250,37051,,0.9,East Harlem,87.4,4,tag,0,40.8095679,block,-73.9542773,0.0,yes,271805658,,way,10027,14.7,0.934,1156.74,3269.44
352 West 123rd Street,0.988,1059251,37055,,0.9,East Harlem,89.2,4,tag,0,40.809589,block,-73.9543278,0.0,yes,271805662,,way,10027,14.1,0.937,1152.49,3271.77
353 West 122nd Street,0.989,1059257,37056,,0.9,East Harlem,84.6,4,tag,0,40.8093015,block,-73.9546151,0.0,yes,271805663,,way,10027,14.6,0.935,1128.27,3239.99
354 West 123rd Street,0.988,1059262,37058,,0.9,East Harlem,91.4,4,tag,0,40.8096106,block,-73.9543794,0.0,yes,271805665,,way,10027,14.1,0.935,1148.14,3274.16
355 West 122nd Street,0.988,1059228,37059,,0.9,East Harlem,85.8,4,tag,0,40.8093221,block,-73.954664,0.0,yes,271805666,,way,10027,14.6,0.942,1124.15,3242.26
355 West 123rd Street,0.989,1059290,37060,,0.9,East Harlem,75.5,4,tag,0,40.8099119,block,-73.9541601,0.0,yes,271805667,,way,10027,12.0,0.938,1166.62,3307.47
357 West 122nd Street,0.989,1059227,37062,,0.9,East Harlem,84.3,4,tag,0,40.8093427,block,-73.9547127,0.0,yes,271805669,,way,10027,14.6,0.94,1120.04,3244.54
357 West 123rd Street,0.988,1059269,37063,,0.9,East Harlem,72.4,4,tag,0,40.8099331,block,-73.9542101,0.0,yes,271805670,,way,10027,12.0,0.935,1162.41,3309.83
359 West 122nd Street,0.989,1059256,37065,,0.9,East Harlem,84.2,4,tag,0,40.8093631,block,-73.954761,0.0,yes,271805672,,way,10027,14.6,0.948,1115.97,3246.79
359 West 123rd Street,0.988,1059289,37066,,0.9,East Harlem,72.3,4,tag,0,40.809954,block,-73.9542591,0.0,yes,271805673,,way,10027,12.0,0.948,1158.28,3312.13
360 West 123rd Street,0.988,1059263,37067,,0.9,East Harlem,87.4,4,tag,0,40.8096744,block,-73.954532,0.0,yes,271805674,,way,10027,14.7,0.929,1135.28,3281.22
361 West 122nd Street,0.988,1059226,37068,,0.9,East Harlem,83.2,4,tag,0,40.8093833,block,-73.9548091,0.0,yes,271805675,,way,10027,14.9,0.944,1111.92,3249.03
362 West 123rd Street,0.988,1059254,37070,,0.9,East Harlem,86.5,4,tag,0,40.8096952,block,-73.9545816,0.0,yes,271805677,,way,10027,14.4,0.943,1131.09,3283.52
363 West 123rd Street,0.989,1059267,37071,,0.9,East Harlem,77.8,4,tag,0,40.8099974,block,-73.9543609,0.0,yes,271805678,,way,10027,12.0,0.932,1149.7,3316.93
365 West 123rd Street,0.988,1059288,37072,,1.0,East Harlem,77.4,4,tag,0,40.8100219,block,-73.9544118,0.0,yes,271805679,,way,10027,13.2,0.942,1145.4,3319.64
367 West 123rd Street,0.989,1059266,37073,,0.9,East Harlem,77.3,4,tag,0,40.8100468,block,-73.9544638,0.0,yes,271805680,,way,10027,13.2,0.943,1141.02,3322.4
369 West 123rd Street,0.896,1059266,37074,,4.4,East Harlem,68.8,4,tag,0,40.8100686,block,-73.9545149,0.0,yes,271805681,,way,10027,13.2,0.853,1136.71,3324.81
533 Manhattan Avenue,0.988,1059235,37078,,0.9,East Harlem,76.5,4,tag,0,40.8091149,block,-73.9541355,0.0,yes,271805685,,way,10027,13.5,0.939,1168.7,3219.35
537 Manhattan Avenue,0.989,1059236,37079,,0.9,East Harlem,75.8,4,tag,0,40.8091868,block,-73.9540797,0.0,yes,271805686,,way,10027,13.8,0.936,1173.4,3227.31
539 Manhattan Avenue,0.989,1059237,37080,,0.9,East Harlem,75.8,4,tag,0,40.809222,block,-73.9540539,0.0,yes,271805687,,way,10027,14.1,0.954,1175.57,3231.2
541 Manhattan Avenue,0.988,1059242,37081,,0.9,East Harlem,79.3,4,tag,0,40.8092581,block,-73.9540276,0.0,yes,271805688,,way,10027,13.8,0.933,1177.79,3235.18
543 Manhattan Avenue,0.988,1059243,37082,,0.9,East Harlem,76.9,4,tag,0,40.8092943,block,-73.9540011,0.0,yes,271805689,,way,10027,13.8,0.938,1180.02,3239.19
545 Manhattan Avenue,0.988,1059260,37083,,0.9,East Harlem,79.3,4,tag,0,40.8093305,block,-73.9539747,0.0,yes,271805690,,way,10027,13.8,0.938,1182.25,3243.2
547 Manhattan Avenue,0.988,1059244,37084,,0.9,East Harlem,80.3,4,tag,0,40.8093676,block,-73.9539476,0.0,yes,271805691,,way,10027,14.4,0.946,1184.53,3247.29
10 West 128th Street,0.988,1053642,37101,,0.9,East Harlem,77.5,7,tag,0,40.8084403,block,-73.9415806,0.0,yes,271807339,,way,10027,13.7,0.935,2227.0,3144.76
119 West 126th Street,0.989,1087392,37119,,0.9,East Harlem,62.6,4,tag,0,40.8089894,block,-73.945825,0.0,house,271807371,,way,10027,12.5,0.931,1869.22,3205.48
12 West 128th Street,0.988,1053673,37121,,0.9,East Harlem,77.6,7,tag,0,40.8084608,block,-73.9416288,0.0,yes,271807375,,way,10027,13.8,0.949,2222.94,3147.03
120 West 127th Street,0.989,1057871,37122,,0.9,East Harlem,94.1,11,tag,0,40.8093054,block,-73.9455704,0.0,yes,271807376,,way,10027,13.2,0.935,1890.68,3240.42
122 West 127th Street,0.64,1057871,37123,,13.9,East Harlem,163.4,19,tag,0,40.8093517,block,-73.9457286,0.0,yes,271807377,,way,10027,18.5,0.581,1877.35,3245.53
124 West 127th Street,0.614,1057874,37125,,1.2,East Harlem,152.2,10,tag,0,40.8093778,block,-73.9458198,0.0,yes,271807382,,way,10027,24.1,0.559,1869.66,3248.42
127 West 126th Street,0.989,1057892,37128,,0.9,East Harlem,87.0,6,tag,0,40.8090906,block,-73.9460389,0.0,house,271807387,,way,10027,13.1,0.931,1851.19,3216.66
13 West 127th Street,0.988,1053668,37130,,0.9,East Harlem,87.2,4,tag,0,40.8081762,block,-73.9419638,0.0,yes,271807391,,way,10027,13.9,0.932,2194.7,3115.56
145 West 126th Street,0.989,1057851,37147,,0.9,East Harlem,79.7,6,tag,0,40.8092872,block,-73.9465179,0.0,yes,271807423,,way,10027,13.6,0.93,1810.81,3238.4
149 West 126th Street,0.988,1057889,37152,,0.9,East Harlem,90.7,4,tag,0,40.8093367,block,-73.9466154,0.0,yes,271807429,,way,10027,16.1,0.932,1802.59,3243.88
15 West 127th Street,0.989,1053630,37154,,0.9,East Harlem,86.5,4,tag,0,40.8082014,block,-73.9420231,0.0,yes,271807433,,way,10027,14.0,0.932,2189.69,3118.34
151 West 126th Street,0.989,1057849,37156,,0.9,East Harlem,91.2,4,tag,0,40.809358,block,-73.9466663,0.0,yes,271807437,,way,10027,16.1,0.944,1798.3,3246.23
153 West 126th Street,0.989,1057848,37159,,0.9,East Harlem,92.2,4,tag,0,40.8093743,block,-73.9467243,0.0,yes,271807444,,way,10027,13.8,0.935,1793.41,3248.04
155 West 126th Street,0.907,1057848,37161,,4.7,East Harlem,85.1,4,tag,0,40.8093969,block,-73.9467784,0.0,yes,271807449,,way,10027,13.7,0.849,1788.86,3250.53
157 West 126th Street,0.841,1057848,37163,,9.6,East Harlem,83.8,4,tag,0,40.8094184,block,-73.9468299,0.0,yes,271807453,,way,10027,13.7,0.792,1784.51,3252.91
16 West 128th Street,0.989,1053674,37167,,0.9,East Harlem,83.2,4,tag,0,40.8085085,block,-73.9417315,0.0,yes,271807461,,way,10027,14.0,0.938,2214.28,3152.3
165 West 126th Street,0.988,1057844,37174,,0.9,East Harlem,84.1,6,tag,0,40.8095061,block,-73.9470439,0.0,yes,271807478,,way,10027,13.5,0.933,1766.48,3262.61
17 West 127th Street,0.989,1053629,37177,,0.9,East Harlem,87.3,4,tag,0,40.8082265,block,-73.9420825,0.0,yes,271807484,,way,10027,13.8,0.932,2184.69,3121.12
175 West 126th Street,0.989,1057840,37180,,0.9,East Harlem,87.5,6,tag,0,40.8096142,block,-73.9473023,0.0,yes,271807491,,way,10027,13.7,0.934,1744.69,3274.57
177 West 126th Street,0.988,1057885,37181,,0.9,East Harlem,88.0,6,tag,0,40.8096369,block,-73.9473568,0.0,yes,271807493,,way,10027,13.7,0.939,1740.1,3277.07
19 West 127th Street,0.988,1053628,37185,,0.9,East Harlem,87.2,7,tag,0,40.8082545,block,-73.9421374,0.0,yes,271807501,,way,10027,14.0,0.939,2180.07,3124.21
25 West 127th Street,0.989,1053626,37207,,0.9,East Harlem,88.8,7,tag,0,40.8083296,block,-73.9423138,0.0,yes,271807549,,way,10027,13.8,0.939,2165.2,3132.51
341 Malcolm X Boulevard,0.989,1057908,37231,,0.9,East Harlem,174.3,5,tag,0,40.8093792,block,-73.9448298,0.0,yes,271807608,,way,10027,14.9,0.936,1953.11,3248.58
345 Malcolm X Boulevard,0.989,1085328,37234,,0.9,East Harlem,174.2,5,tag,0,40.8094664,block,-73.9447348,0.0,yes,271807614,,way,10027,17.2,0.93,1961.12,3258.22
4 West 128th Street,0.989,1053671,37255,,0.9,East Harlem,88.9,6,tag,0,40.8083828,block,-73.9414487,0.0,yes,271807668,,way,10027,14.0,0.936,2238.11,3138.4
46 West 127th Street,0.989,1053581,37264,,0.9,East Harlem,82.8,4,tag,0,40.8083042,block,-73.9431605,0.0,yes,271807699,,way,10027,13.4,0.934,2093.82,3129.71
48 West 128th Street,0.989,1053653,37267,,0.9,East Harlem,76.0,4,tag,0,40.8090079,block,-73.9428979,0.0,yes,271807716,,way,10027,13.1,0.939,2115.96,3207.51
53 West 127th Street,0.989,1053664,37276,,0.9,East Harlem,92.6,4,tag,0,40.8086747,block,-73.9431395,0.0,yes,271807753,,way,10027,13.6,0.934,2095.59,3170.68
55 West 127th Street,0.988,1053619,37279,,0.9,East Harlem,91.5,4,tag,0,40.8086986,block,-73.9431956,0.0,yes,271807763,,way,10027,13.0,0.935,2090.86,3173.32
57 West 127th Street,0.915,1053619,37283,,5.0,East Harlem,96.5,4,tag,0,40.8087229,block,-73.9432529,0.0,yes,271807779,,way,10027,12.6,0.906,2086.03,3176.0
6 West 128th Street,0.988,1053641,37289,,0.9,East Harlem,65.0,5,tag,0,40.8084049,block,-73.9414966,0.0,yes,271807809,,way,10027,13.4,0.937,2234.08,3140.84
60 West 127th Street,0.988,1053585,37290,,0.9,East Harlem,78.1,4,tag,0,40.8084911,block,-73.9435887,0.0,yes,271807815,,way,10027,13.0,0.933,2057.73,3150.38
61 West 127th Street,0.989,1053617,37292,,0.9,East Harlem,90.2,4,tag,0,40.8087703,block,-73.9433646,0.0,yes,271807824,,way,10027,12.6,0.94,2076.62,3181.24
72 West 127th Street,0.989,1053589,37307,,0.9,East Harlem,79.1,4,tag,0,40.8086421,block,-73.9439452,0.0,yes,271807892,,way,10027,13.1,0.933,2027.68,3167.07
74 West 127th Street,0.929,1053589,37308,,5.2,East Harlem,77.7,5,tag,0,40.8086564,block,-73.9440076,0.0,yes,271807897,,way,10027,12.9,0.906,2022.41,3168.65
8 West 128th Street,0.988,1053672,37314,,0.9,East Harlem,64.0,5,tag,0,40.8084219,block,-73.9415367,0.0,yes,271807931,,way,10027,13.7,0.951,2230.7,3142.72
,0.689,1089822,37320,,1.0,East Harlem,211.4,10,tag,0,40.8097625,block,-73.9447262,0.0,yes,271807964,,way,,16.6,0.664,1961.84,3290.96
,0.728,1057871,37322,,6.7,East Harlem,162.7,20,tag,0,40.8093186,block,-73.9456511,0.0,yes,271807973,,way,,18.5,0.672,1883.88,3241.87
,0.541,1053602,37326,,13.6,East Harlem,28.6,4,zone_model,0,40.8076007,block,-73.9421601,0.0,yes,271807994,,way,,7.77,0.513,2178.15,3051.93
,0.723,1057923,37331,,19.6,East Harlem,71.3,4,tag,0,40.8095632,block,-73.9448196,0.0,yes,271808015,,way,,4.7,0.717,1953.97,3268.93
2112 5th Avenue,0.988,1053736,37365,,0.9,East Harlem,93.0,6,tag,0,40.8094779,block,-73.940359,0.0,yes,271809671,,way,10027,16.6,0.932,2329.97,3259.49
2114 5th Avenue,0.989,1053737,37366,,0.9,East Harlem,92.3,6,tag,0,40.809515,block,-73.9403307,0.0,yes,271809672,,way,10027,16.6,0.947,2332.36,3263.59
2116 5th Avenue,0.989,1087896,37367,,0.9,East Harlem,91.9,6,tag,0,40.8095559,block,-73.9403002,0.0,yes,271809673,,way,10027,16.6,0.943,2334.93,3268.11
28 West 130th Street,0.891,1053748,37377,,7.0,East Harlem,122.5,8,tag,0,40.8099674,block,-73.9414245,0.0,yes,271809683,,way,10027,12.3,0.875,2240.15,3313.62
31 West 128th Street,0.988,1053690,37381,,0.9,East Harlem,62.1,4,tag,0,40.8090274,block,-73.9420257,0.0,yes,271809687,,way,10027,13.3,0.935,2189.48,3209.68
33 West 128th Street,0.989,1053715,37385,,0.9,East Harlem,63.9,4,tag,0,40.8090432,block,-73.9420642,0.0,yes,271809691,,way,10027,13.2,0.948,2186.24,3211.42
35 West 128th Street,0.989,1053689,37388,,0.9,East Harlem,62.0,4,tag,0,40.809059,block,-73.9421026,0.0,yes,271809694,,way,10027,13.8,0.948,2183.0,3213.17
39 West 128th Street,0.389,1053687,37397,,25.6,East Harlem,498.3,6,tag,0,40.8091444,block,-73.9422993,0.0,yes,271809704,,way,10027,11.3,0.379,2166.42,3222.61
4 West 130th Street,0.989,1053738,37399,,0.9,East Harlem,88.3,6,tag,0,40.8096158,block,-73.9404856,0.0,yes,271809708,,way,10027,13.7,0.931,2319.3,3274.73
5 West 129th Street,0.989,1053734,37410,,0.9,East Harlem,79.9,4,tag,0,40.8093727,block,-73.9409692,0.0,yes,271809719,,way,10027,15.7,0.931,2278.54,3247.86
6 West 130th Street,0.989,1053768,37421,,0.9,East Harlem,89.3,6,tag,0,40.809637,block,-73.9405334,0.0,yes,271809730,,way,10027,14.0,0.944,2315.28,3277.08
75 West 128th Street,0.827,1053713,37430,,10.6,East Harlem,129.9,10,tag,0,40.8095351,block,-73.9432099,0.0,yes,271809739,,way,10027,19.1,0.784,2089.66,3265.82
16 West 131st Street,0.989,1053822,37449,,0.9,East Harlem,77.1,4,tag,0,40.8104627,block,-73.9405793,0.0,yes,271810370,,way,10037,13.6,0.938,2311.41,3368.39
17 West 131st Street,0.988,1053845,37450,,0.9,East Harlem,70.0,5,tag,0,40.8107195,block,-73.9402619,0.0,yes,271810373,,way,10037,12.1,0.932,2338.16,3396.78
20 West 131st Street,0.989,1087862,37455,,0.9,East Harlem,70.5,4,tag,0,40.8104961,block,-73.9406768,0.0,yes,271810379,,way,10037,16.0,0.934,2303.18,3372.08
2150 5th Avenue,0.988,1053852,37462,,0.9,East Harlem,87.5,4,tag,0,40.8106645,block,-73.9394685,0.0,yes,271810391,,way,10037,17.2,0.937,2405.04,3390.7
29 West 131st Street,0.989,1053879,37478,,0.9,East Harlem,67.1,4,tag,0,40.8108878,block,-73.9406902,0.0,yes,271810407,,way,10037,11.8,0.937,2302.05,3415.38
41 West 131st Street,0.989,1053836,37498,,0.9,East Harlem,71.4,4,tag,0,40.8111004,block,-73.9411285,0.0,yes,271810445,,way,10037,13.7,0.936,2265.11,3438.89
416 Malcolm X Boulevard,0.909,1091650,37501,,2.3,East Harlem,180.2,4,tag,0,40.8112487,block,-73.9424707,0.0,yes,271810448,,way,10037,5.1,0.882,2151.96,3455.29
422 Malcolm X Boulevard,0.764,1053824,37502,,6.3,East Harlem,78.7,4,tag,0,40.8115621,block,-73.9423035,0.0,yes,271810449,,way,10037,12.8,0.747,2166.06,3489.95
424 Malcolm X Boulevard,0.747,1053825,37503,,1.9,East Harlem,75.6,4,tag,0,40.8116025,block,-73.9422741,0.0,yes,271810450,,way,10037,12.9,0.742,2168.54,3494.41
426 Malcolm X Boulevard,0.737,1053826,37504,,3.3,East Harlem,76.6,4,tag,0,40.8116424,block,-73.942245,0.0,yes,271810451,,way,10037,12.9,0.732,2170.99,3498.82
428 Malcolm X Boulevard,0.762,1053827,37505,,6.6,East Harlem,75.4,4,tag,0,40.8116821,block,-73.942216,0.0,yes,271810452,,way,10037,12.9,0.75,2173.44,3503.22
43 West 131st Street,0.989,1053835,37507,,0.9,East Harlem,71.4,4,tag,0,40.8111027,block,-73.9411875,0.0,yes,271810454,,way,10037,13.6,0.94,2260.13,3439.16
432 Malcolm X Boulevard,0.988,1053884,37509,,0.9,East Harlem,118.4,4,tag,0,40.8117465,block,-73.942118,0.0,yes,271810456,,way,10037,12.9,0.936,2181.7,3510.34
45 West 131st Street,0.989,1053876,37514,,0.9,East Harlem,72.6,4,tag,0,40.8111251,block,-73.9412407,0.0,yes,271810461,,way,10037,14.0,0.936,2255.65,3441.63
47 West 131st Street,0.989,1053834,37516,,0.9,East Harlem,71.5,5,tag,0,40.8111475,block,-73.9412939,0.0,yes,271810463,,way,10037,13.7,0.936,2251.17,3444.1
57 West 130th Street,0.989,1053778,37525,,0.9,East Harlem,85.6,4,tag,0,40.810661,block,-73.9420532,0.0,yes,271810472,,way,10037,16.4,0.93,2187.16,3390.3
6 West 131st Street,0.988,1081378,37527,,0.9,East Harlem,94.5,6,tag,0,40.8103434,block,-73.9403111,0.0,yes,271810474,,way,10037,13.7,0.938,2334.01,3355.19
73 West 131st Street,0.988,1053875,37542,,0.9,East Harlem,77.3,4,tag,0,40.8114624,block,-73.9420282,0.0,yes,271810495,,way,10037,13.9,0.929,2189.27,3478.92
75 West 131st Street,0.988,1053828,37545,,0.9,East Harlem,77.4,4,tag,0,40.8114846,block,-73.9420811,0.0,yes,271810500,,way,10037,13.4,0.942,2184.81,3481.38
104 West 129th Street,0.872,1057970,37563,,6.9,East Harlem,79.9,4,tag,0,40.810339,block,-73.9441079,0.0,yes,271811522,,way,10027,11.8,0.857,2013.96,3354.71
104 West 130th Street,0.989,1057987,37564,,0.9,East Harlem,85.5,5,tag,0,40.8109957,block,-73.943833,0.0,yes,271811524,,way,10027,13.8,0.931,2037.13,3427.32
106 West 130th Street,0.989,1057988,37567,,0.9,East Harlem,85.2,4,tag,0,40.8110279,block,-73.9438693,0.0,yes,271811534,,way,10027,13.7,0.95,2034.08,3430.88
108 West 129th Street,0.898,1057970,37569,,5.9,East Harlem,82.6,4,tag,0,40.8103948,block,-73.9442405,0.0,yes,271811541,,way,10027,12.4,0.877,2002.79,3360.87
108 West 130th Street,0.989,1058017,37570,,0.9,East Harlem,82.5,4,tag,0,40.8110484,block,-73.9439179,0.0,yes,271811545,,way,10027,13.7,0.934,2029.97,3433.15
126 West 130th Street,0.988,1058019,37595,,0.9,East Harlem,78.2,4,tag,0,40.8112588,block,-73.9443853,0.0,yes,271811609,,way,10027,13.5,0.94,1990.58,3456.41
136 West 130th Street,0.989,1057995,37612,,0.9,East Harlem,102.0,6,tag,0,40.8113729,block,-73.9446736,0.0,yes,271811653,,way,10027,13.4,0.932,1966.27,3469.02
140 West 130th Street,0.911,1058021,37618,,5.6,East Harlem,75.0,4,tag,0,40.8114034,block,-73.9447289,0.0,yes,271811666,,way,10027,16.3,0.901,1961.62,3472.4
141 West 129th Street,0.989,1086246,37620,,0.9,East Harlem,67.5,4,tag,0,40.8111009,block,-73.9450169,0.0,yes,271811672,,way,10027,12.1,0.941,1937.34,3438.95
144 West 130th Street,0.989,1057997,37625,,0.9,East Harlem,77.1,4,tag,0,40.8114477,block,-73.9448342,0.0,yes,271811687,,way,10027,16.6,0.935,1952.74,3477.3
145 West 129th Street,0.989,1057978,37627,,0.9,East Harlem,85.6,5,tag,0,40.8111495,block,-73.9451211,0.0,yes,271811692,,way,10027,13.2,0.93,1928.56,3444.32
146 West 129th Street,0.522,1057963,37628,,10.1,East Harlem,63.7,4,tag,0,40.8109251,block,-73.9455341,0.0,yes,271811697,,way,10027,13.7,0.511,1893.74,3419.51
149 West 129th Street,0.989,1057977,37634,,0.9,East Harlem,77.0,5,tag,0,40.8111854,block,-73.9452308,0.0,yes,271811711,,way,10027,13.8,0.929,1919.31,3448.3
157 West 129th Street,0.989,1058012,37643,,0.9,East Harlem,88.2,6,tag,0,40.8113051,block,-73.9454909,0.0,yes,271811733,,way,10027,13.5,0.94,1897.38,3461.53
159 West 129th Street,0.989,1057975,37646,,0.9,East Harlem,85.0,6,tag,0,40.8113276,block,-73.9455415,0.0,yes,271811740,,way,10027,13.5,0.929,1893.12,3464.02
163 West 129th Street,0.989,1086540,37652,,0.9,East Harlem,81.4,4,tag,0,40.8114016,block,-73.9457282,0.0,yes,271811751,,way,10027,16.6,0.934,1877.38,3472.19
165 West 129th Street,0.989,1075458,37654,,0.9,East Harlem,81.4,4,tag,0,40.8114272,block,-73.9457891,0.0,yes,271811755,,way,10027,16.3,0.934,1872.24,3475.03
170 West 130th Street,0.988,1058007,37657,,0.9,East Harlem,91.2,4,tag,0,40.811779,block,-73.9456145,0.0,yes,271811760,,way,10027,13.7,0.929,1886.97,3513.93
2185 Adam Clayton Powell Jr. Boulevard,0.657,1057972,37658,,13.9,East Harlem,354.4,4,tag,0,40.8115914,block,-73.9459919,0.0,yes,271811762,,way,10027,22.9,0.645,1855.15,3493.19
2395 Frederick Douglass Boulevard,0.618,1059399,37716,,10.8,East Harlem,365.7,5,tag,0,40.8124623,block,-73.9498694,0.0,yes,271813310,,way,10027,7.2,0.596,1528.3,3589.49
368 Saint Nicholas Avenue,0.988,1059395,37722,,0.9,East Harlem,112.9,7,tag,0,40.8127343,block,-73.9504027,0.0,yes,271813326,,way,10027,18.7,0.929,1483.35,3619.57
204 West 132nd Street,0.989,1058749,37783,,0.9,East Harlem,69.2,4,tag,0,40.8134785,block,-73.9457581,0.0,yes,271814599,,way,10027,12.6,0.929,1874.86,3701.85
206 West 132nd Street,0.989,1058715,37786,,0.9,East Harlem,67.2,4,tag,0,40.8135009,block,-73.945811,0.0,yes,271814606,,way,10027,12.6,0.93,1870.4,3704.33
207 West 131st Street,0.989,1058748,37788,,0.9,East Harlem,76.7,4,tag,0,40.8132111,block,-73.9461648,0.0,yes,271814613,,way,10027,12.5,0.933,1840.57,3672.29
209 West 131st Street,0.988,1058708,37790,,0.9,East Harlem,74.5,4,tag,0,40.8132337,block,-73.9462181,0.0,yes,271814622,,way,10027,12.5,0.931,1836.08,3674.78
213 West 131st Street,0.989,1058747,37796,,0.9,East Harlem,72.0,4,tag,0,40.8132764,block,-73.9463196,0.0,yes,271814628,,way,10027,12.5,0.938,1827.53,3679.5
215 West 131st Street,0.989,1058706,37799,,0.9,East Harlem,72.3,4,tag,0,40.8132979,block,-73.9463704,0.0,yes,271814631,,way,10027,12.5,0.945,1823.25,3681.88
218 West 132nd Street,0.988,1058718,37803,,0.9,East Harlem,73.5,4,tag,0,40.8135834,block,-73.9460283,0.0,yes,271814635,,way,10027,12.0,0.936,1852.08,3713.45
219 West 131st Street,0.989,1058746,37805,,0.9,East Harlem,73.0,4,tag,0,40.8133419,block,-73.9464745,0.0,yes,271814637,,way,10027,11.9,0.932,1814.47,3686.74
2236 Adam Clayton Powell Jr. Boulevard,0.989,1081610,37814,,0.9,East Harlem,103.1,6,tag,0,40.8133267,block,-73.945583,0.0,yes,271814646,,way,10027,17.5,0.929,1889.62,3685.07
225 West 131st Street,0.989,1058745,37819,,0.9,East Harlem,71.0,4,tag,0,40.8134083,block,-73.9466322,0.0,yes,271814651,,way,10027,13.2,0.94,1801.18,3694.09
2250 Adam Clayton Powell Jr. Boulevard,0.773,1058780,37820,,8.5,East Harlem,121.1,4,tag,0,40.813803,block,-73.9452151,0.0,yes,271814652,,way,10027,11.6,0.768,1920.63,3737.73
227 West 131st Street,0.989,1058702,37825,,0.9,East Harlem,72.8,4,tag,0,40.8134297,block,-73.9466829,0.0,yes,271814660,,way,10027,12.9,0.935,1796.9,3696.46
228 West 132nd Street,0.939,1058752,37826,,4.7,East Harlem,79.0,4,tag,0,40.8136934,block,-73.9462892,0.0,yes,271814661,,way,10027,12.6,0.893,1830.09,3725.61
230 West 132nd Street,0.989,1058722,37827,,0.9,East Harlem,70.5,4,tag,0,40.813715,block,-73.9463405,0.0,yes,271814662,,way,10027,13.4,0.929,1825.77,3728.0
232 West 132nd Street,0.988,1058753,37829,,0.9,East Harlem,69.4,4,tag,0,40.8137353,block,-73.9463884,0.0,yes,271814664,,way,10027,13.4,0.942,1821.73,3730.24
234 West 132nd Street,0.989,1058723,37831,,0.9,East Harlem,68.1,4,tag,0,40.8137551,block,-73.9464355,0.0,yes,271814666,,way,10027,13.4,0.942,1817.76,3732.44
235 West 131st Street,0.988,1058743,37832,,0.9,East Harlem,71.8,4,tag,0,40.8135103,block,-73.9468836,0.0,yes,271814667,,way,10027,13.3,0.93,1779.99,3705.37
236 West 132nd Street,0.988,1058754,37834,,0.9,East Harlem,69.6,4,tag,0,40.8137751,block,-73.9464827,0.0,yes,271814669,,way,10027,13.5,0.94,1813.78,3734.64
237 West 131st Street,0.989,1058699,37835,,0.9,East Harlem,70.4,4,tag,0,40.8135307,block,-73.9469317,0.0,yes,271814670,,way,10027,13.2,0.939,1775.93,3707.62
238 West 132nd Street,0.988,1058724,37837,,0.9,East Harlem,67.1,4,tag,0,40.8137948,block,-73.9465296,0.0,yes,271814672,,way,10027,13.5,0.934,1809.83,3736.83
239 West 131st Street,0.923,1058742,37838,,6.0,East Harlem,83.5,4,tag,0,40.8135526,block,-73.9469837,0.0,yes,271814673,,way,10027,12.8,0.879,1771.55,3710.05
242 West 132nd Street,0.988,1058755,37843,,0.9,East Harlem,75.0,4,tag,0,40.8138377,block,-73.9466311,0.0,yes,271814681,,way,10027,13.2,0.933,1801.27,3741.56
243 West 131st Street,0.989,1058697,37844,,0.9,East Harlem,83.0,4,tag,0,40.8136,block,-73.947096,0.0,yes,271814684,,way,10027,12.3,0.939,1762.08,3715.28
243 West 132nd Street,0.988,1058801,37845,,0.9,East Harlem,68.3,4,tag,0,40.8141245,block,-73.9464296,0.0,yes,271814687,,way,10027,13.0,0.931,1818.25,3773.28
245 West 131st Street,0.988,1058696,37847,,0.9,East Harlem,83.1,4,tag,0,40.8136237,block,-73.9471522,0.0,yes,271814691,,way,10027,12.3,0.939,1757.35,3717.9
245 West 132nd Street,0.989,1058772,37848,,0.9,East Harlem,67.9,4,tag,0,40.8141456,block,-73.94648,0.0,yes,271814693,,way,10027,13.0,0.945,1814.01,3775.62
248 West 132nd Street,0.989,1058756,37852,,0.9,East Harlem,82.2,4,tag,0,40.8139075,block,-73.9467967,0.0,yes,271814704,,way,10027,13.4,0.935,1787.31,3749.29
250 West 132nd Street,0.988,1058728,37857,,0.9,East Harlem,81.7,4,tag,0,40.8139312,block,-73.9468529,0.0,yes,271814710,,way,10027,13.4,0.937,1782.58,3751.91
251 West 131st Street,0.989,1058694,37858,,0.9,East Harlem,80.0,4,tag,0,40.8136941,block,-73.947319,0.0,yes,271814711,,way,10027,12.9,0.939,1743.28,3725.69
253 West 131st Street,0.989,1058740,37860,,0.9,East Harlem,80.1,4,tag,0,40.8137169,block,-73.9473732,0.0,yes,271814713,,way,10027,12.9,0.941,1738.72,3728.21
255 West 131st Street,0.989,1058693,37863,,0.9,East Harlem,81.7,4,tag,0,40.81374,block,-73.9474279,0.0,yes,271814716,,way,10027,12.9,0.933,1734.1,3730.76
259 West 132nd Street,0.989,1058768,37870,,0.9,East Harlem,75.5,4,tag,0,40.8142942,block,-73.9468103,0.0,yes,271814725,,way,10027,13.2,0.933,1786.16,3792.04
260 West 132nd Street,0.988,1058758,37871,,0.9,East Harlem,77.6,4,tag,0,40.8140486,block,-73.9471311,0.0,yes,271814726,,way,10027,13.4,0.93,1759.12,3764.89
261 West 132nd Street,0.989,1058799,37873,,0.9,East Harlem,75.7,4,tag,0,40.8143149,block,-73.9468596,0.0,yes,271814728,,way,10027,13.2,0.947,1782.01,3794.33
262 West 132nd Street,0.989,1058732,37874,,0.9,East Harlem,77.1,4,tag,0,40.8140709,block,-73.9471841,0.0,yes,271814729,,way,10027,13.1,0.941,1754.65,3767.36
265 West 132nd Street,0.989,1058766,37879,,0.9,East Harlem,66.3,4,tag,0,40.8143535,block,-73.9469516,0.0,yes,271814734,,way,10027,13.2,0.93,1774.26,3798.6
267 West 131st Street,0.989,1058738,37881,,0.9,East Harlem,78.4,4,tag,0,40.8138732,block,-73.9477438,0.0,yes,271814736,,way,10027,12.9,0.939,1707.48,3745.5
268 West 132nd Street,0.988,1058759,37883,,0.9,East Harlem,76.0,4,tag,0,40.814139,block,-73.9473455,0.0,yes,271814738,,way,10027,13.3,0.938,1741.06,3774.89
269 West 131st Street,0.989,1058688,37884,,0.9,East Harlem,76.2,6,tag,0,40.8138922,block,-73.9477975,0.0,yes,271814739,,way,10027,12.6,0.932,1702.95,3747.59
270 West 132nd Street,0.988,1058735,37886,,0.9,East Harlem,76.1,4,tag,0,40.814161,block,-73.9473976,0.0,yes,271814741,,way,10027,13.3,0.944,1736.66,3777.32
271 West 132nd Street,0.988,1058764,37887,,0.9,East Harlem,73.9,4,tag,0,40.8144125,block,-73.9470921,0.0,yes,271814742,,way,10027,13.3,0.931,1762.42,3805.13
272 West 132nd Street,0.988,1058736,37888,,0.9,East Harlem,76.6,4,tag,0,40.8141831,block,-73.9474499,0.0,yes,271814743,,way,10027,13.3,0.942,1732.25,3779.76
273 West 132nd Street,0.988,1058797,37889,,0.9,East Harlem,72.3,4,tag,0,40.8144325,block,-73.9471397,0.0,yes,271814744,,way,10027,13.0,0.94,1758.4,3807.34
274 West 132nd Street,0.988,1058760,37890,,0.9,East Harlem,77.5,4,tag,0,40.8142053,block,-73.9475028,0.0,yes,271814745,,way,10027,13.3,0.938,1727.8,3782.22
275 West 132nd Street,0.989,1058763,37891,,0.9,East Harlem,72.2,4,tag,0,40.8144523,block,-73.9471868,0.0,yes,271814746,,way,10027,13.0,0.95,1754.43,3809.53
276 West 132nd Street,0.988,1058737,37892,,0.9,East Harlem,79.1,6,tag,0,40.8142323,block,-73.9475517,0.0,yes,271814747,,way,10027,12.9,0.935,1723.67,3785.2
281 West 132nd Street,0.989,1058761,37895,,0.9,East Harlem,82.2,4,tag,0,40.8145179,block,-73.9473429,0.0,yes,271814750,,way,10027,13.0,0.93,1741.27,3816.78
104 West 131st Street,0.988,1058050,37913,,0.9,East Harlem,98.0,6,tag,0,40.8116576,block,-73.943432,0.0,yes,271815479,,way,10027,13.2,0.942,2070.94,3500.51
109 West 130th Street,0.922,1058076,37923,,2.0,East Harlem,89.9,4,tag,0,40.8113998,block,-73.9438076,0.0,yes,271815491,,way,10027,13.5,0.92,2039.28,3472.0
117 West 132nd Street,0.988,1058194,37945,,0.9,East Harlem,79.0,4,tag,0,40.8127112,block,-73.9430186,0.0,yes,271815521,,way,10027,12.9,0.938,2105.78,3617.01
118 West 132nd Street,0.989,1058130,37947,,0.9,East Harlem,71.2,4,tag,0,40.8124437,block,-73.9433234,0.0,yes,271815524,,way,10027,12.6,0.929,2080.09,3587.43
119 West 132nd Street,0.989,1058156,37951,,0.9,East Harlem,78.0,4,tag,0,40.8127336,block,-73.9430725,0.0,yes,271815529,,way,10027,12.9,0.937,2101.24,3619.48
120 West 132nd Street,0.989,1058109,37953,,0.9,East Harlem,72.3,4,tag,0,40.812464,block,-73.9433711,0.0,yes,271815532,,way,10027,12.9,0.943,2076.07,3589.68
121 West 131st Street,0.929,1088828,37956,,1.8,East Harlem,94.3,6,tag,0,40.8121475,block,-73.943624,0.0,yes,271815536,,way,10027,13.2,0.923,2054.75,3554.68
121 West 132nd Street,0.943,1058156,37957,,4.7,East Harlem,77.9,4,tag,0,40.8127559,block,-73.943126,0.0,yes,271815538,,way,10027,12.9,0.912,2096.73,3621.95
122 West 131st Street,0.989,1058079,37958,,0.9,East Harlem,91.7,4,tag,0,40.8118811,block,-73.943919,0.0,yes,271815541,,way,10027,13.6,0.935,2029.89,3525.22
124 West 132nd Street,0.989,1058131,37964,,0.9,East Harlem,77.1,4,tag,0,40.8125076,block,-73.9434731,0.0,yes,271815552,,way,10027,12.3,0.934,2067.47,3594.49
124 West 133rd Street,0.989,1058175,37965,,0.9,East Harlem,63.1,4,tag,0,40.813122,block,-73.9429992,0.0,yes,271815553,,way,10027,13.0,0.939,2107.42,3662.43
128 West 132nd Street,0.988,1087404,37973,,0.9,East Harlem,58.7,4,tag,0,40.8125469,block,-73.9435819,0.0,yes,271815563,,way,10027,12.7,0.93,2058.3,3598.84
129 West 131st Street,0.989,1058094,37975,,0.9,East Harlem,85.3,4,tag,0,40.8122357,block,-73.9438453,0.0,yes,271815565,,way,10027,13.9,0.93,2036.1,3564.43
130 West 132nd Street,0.988,1087407,37978,,0.9,East Harlem,59.8,4,tag,0,40.8125668,block,-73.9436286,0.0,yes,271815569,,way,10027,12.7,0.943,2054.36,3601.04
131 West 130th Street,0.988,1058074,37979,,0.9,East Harlem,80.4,4,tag,0,40.8116853,block,-73.9444863,0.0,yes,271815570,,way,10027,13.3,0.932,1982.07,3503.58
131 West 131st Street,0.989,1058093,37980,,0.9,East Harlem,84.1,4,tag,0,40.8122577,block,-73.9438986,0.0,yes,271815571,,way,10027,13.9,0.937,2031.6,3566.87
132 West 132nd Street,0.988,1058111,37983,,0.9,East Harlem,69.4,5,tag,0,40.8125921,block,-73.9436712,0.0,yes,271815574,,way,10027,12.9,0.938,2050.77,3603.83
133 West 131st Street,0.989,1058125,37986,,0.9,East Harlem,81.7,4,tag,0,40.8122793,block,-73.9439508,0.0,yes,271815578,,way,10027,13.9,0.932,2027.2,3569.25
134 West 131st Street,0.9,1058061,37988,,2.3,East Harlem,112.0,5,tag,0,40.8120268,block,-73.9443019,0.0,yes,271815580,,way,10027,13.6,0.866,1997.61,3541.33
134 West 132nd Street,0.988,1058133,37989,,0.9,East Harlem,69.5,4,tag,0,40.8126118,block,-73.9437174,0.0,yes,271815581,,way,10027,12.9,0.951,2046.88,3606.01
135 West 131st Street,0.989,1058092,37992,,0.9,East Harlem,82.3,4,tag,0,40.8123006,block,-73.9440024,0.0,yes,271815585,,way,10027,13.3,0.942,2022.85,3571.61
140 West 132nd Street,0.933,1087405,38004,,4.6,East Harlem,65.6,4,tag,0,40.8126617,block,-73.9438781,0.0,yes,271815600,,way,10027,12.8,0.926,2033.33,3611.53
144 West 132nd Street,0.988,1058113,38013,,0.9,East Harlem,68.5,4,tag,0,40.8127177,block,-73.9439718,0.0,yes,271815612,,way,10027,12.6,0.937,2025.44,3617.72
146 West 132nd Street,0.988,1058134,38017,,0.9,East Harlem,68.4,4,tag,0,40.8127375,block,-73.9440182,0.0,yes,271815619,,way,10027,12.9,0.951,2021.52,3619.92
148 West 132nd Street,0.989,1058114,38023,,0.9,East Harlem,66.0,4,tag,0,40.8127571,block,-73.9440638,0.0,yes,271815627,,way,10027,13.2,0.936,2017.68,3622.08
148 West 133rd Street,0.989,1058202,38024,,0.9,East Harlem,62.1,4,tag,0,40.8133968,block,-73.9436239,0.0,yes,271815629,,way,10027,12.9,0.929,2054.76,3692.81
150 West 132nd Street,0.989,1058135,38028,,0.9,East Harlem,68.6,4,tag,0,40.8127766,block,-73.9441095,0.0,yes,271815634,,way,10027,12.9,0.935,2013.83,3624.24
150 West 133rd Street,0.989,1058182,38029,,0.9,East Harlem,64.5,4,tag,0,40.8134136,block,-73.9436638,0.0,yes,271815637,,way,10027,12.9,0.942,2051.39,3694.68
152 West 132nd Street,0.988,1058115,38033,,0.9,East Harlem,68.9,4,tag,0,40.8127966,block,-73.9441561,0.0,yes,271815644,,way,10027,12.9,0.948,2009.9,3626.45
156 West 133rd Street,0.988,1058203,38042,,0.9,East Harlem,72.8,4,tag,0,40.8134678,block,-73.9438048,0.0,yes,271815664,,way,10027,12.7,0.93,2039.51,3700.67
158 West 133rd Street,0.989,1058184,38046,,0.9,East Harlem,73.3,4,tag,0,40.813489,block,-73.9438566,0.0,yes,271815669,,way,10027,12.7,0.943,2035.14,3703.01
162 West 133rd Street,0.989,1058204,38054,,0.9,East Harlem,78.9,4,tag,0,40.8135339,block,-73.9439672,0.0,yes,271815678,,way,10027,12.7,0.935,2025.82,3707.98
163 West 131st Street,0.988,1058083,38055,,0.9,East Harlem,72.0,4,tag,0,40.8126308,block,-73.9447956,0.0,yes,271815679,,way,10027,13.3,0.929,1955.99,3608.11
164 West 133rd Street,0.989,1058186,38057,,0.9,East Harlem,70.9,4,tag,0,40.8135556,block,-73.9440203,0.0,yes,271815681,,way,10027,12.7,0.931,2021.35,3710.38
166 West 133rd Street,0.989,1058187,38059,,0.9,East Harlem,71.3,4,tag,0,40.8135761,block,-73.9440708,0.0,yes,271815684,,way,10027,12.7,0.944,2017.09,3712.65
2255 Adam C Powell Boulevard,0.831,1075465,38068,,8.1,East Harlem,215.8,5,tag,0,40.8136256,block,-73.9444112,0.0,yes,271815694,,way,10027,21.1,0.801,1988.4,3718.12
449 Malcolm X Boulevard,0.988,1058197,38077,,0.9,East Harlem,79.1,4,tag,0,40.8125728,block,-73.9423922,0.0,yes,271815705,,way,10027,13.6,0.937,2158.58,3601.7
451 Malcolm X Boulevard,0.988,1058165,38078,,0.9,East Harlem,76.3,5,tag,0,40.8126131,block,-73.9423633,0.0,yes,271815706,,way,10027,13.6,0.93,2161.03,3606.16
453 Malcolm X Boulevard,0.988,1058166,38079,,0.9,East Harlem,74.2,4,tag,0,40.812651,block,-73.9423261,0.0,yes,271815708,,way,10027,12.2,0.931,2164.16,3610.36
457 Malcolm X Boulevard,0.988,1058167,38081,,0.9,East Harlem,66.3,4,tag,0,40.8127308,block,-73.9422687,0.0,yes,271815710,,way,10027,11.9,0.934,2168.99,3619.18
104 West 134th Street,0.719,1058230,38113,,4.7,East Harlem,200.9,11,tag,0,40.8135799,block,-73.9422352,0.0,yes,271823292,,way,10030,18.0,0.719,2171.82,3713.07
108 West 134th Street,0.771,1058232,38114,,17.9,East Harlem,197.7,11,tag,0,40.8136156,block,-73.9423217,0.0,yes,271823293,,way,10030,18.1,0.728,2164.53,3717.01
125 West 133rd Street,0.804,1058223,38122,,16.0,East Harlem,188.6,16,tag,0,40.8134691,block,-73.9428202,0.0,yes,271823308,,way,10030,17.9,0.79,2122.51,3700.82
169 West 133rd Street,0.874,1058211,38133,,7.1,East Harlem,182.3,5,tag,0,40.8139279,block,-73.9439357,0.0,yes,271823332,,way,10030,8.8,0.866,2028.48,3751.54
190 West 134th Street,0.988,1086208,38139,,0.9,East Harlem,75.1,4,tag,0,40.8141975,block,-73.9436303,0.0,yes,271823338,,way,10030,12.6,0.934,2054.22,3781.35
192 West 134th Street,0.989,1086542,38140,,0.9,East Harlem,76.4,4,tag,0,40.8142221,block,-73.9436884,0.0,yes,271823339,,way,10030,12.6,0.93,2049.33,3784.08
196 West 134th Street,0.989,1086206,38142,,0.9,East Harlem,72.5,4,tag,0,40.8142699,block,-73.9438007,0.0,yes,271823342,,way,10030,12.8,0.938,2039.85,3789.36
2295 Adam C Powell Boulevard,0.989,1058257,38153,,0.9,East Harlem,70.8,4,tag,0,40.8149351,block,-73.9435685,0.0,yes,271823353,,way,10030,13.4,0.936,2059.43,3862.91
,0.988,1086209,38164,,0.9,East Harlem,74.3,4,tag,0,40.8141731,block,-73.9435731,0.0,yes,271823364,,way,,12.9,0.929,2059.05,3778.66
211 West 134th Street,0.817,1058839,38172,,9.6,East Harlem,75.1,4,tag,0,40.815066,block,-73.9447738,0.0,yes,271824432,,way,10030,11.7,0.816,1957.84,3877.39
221 West 134th Street,0.989,1058859,38179,,0.9,East Harlem,80.0,4,tag,0,40.8151771,block,-73.9450365,0.0,yes,271824439,,way,10030,13.3,0.93,1935.69,3889.67
223 West 134th Street,0.989,1058835,38181,,0.9,East Harlem,79.7,4,tag,0,40.8151991,block,-73.9450887,0.0,yes,271824441,,way,10030,13.2,0.943,1931.28,3892.11
225 West 134th Street,0.989,1058858,38183,,0.9,East Harlem,81.2,4,tag,0,40.8152215,block,-73.9451414,0.0,yes,271824443,,way,10030,13.2,0.935,1926.85,3894.58
2266 Adam C Powell Boulevard,0.989,1058812,38187,,0.9,East Harlem,116.9,4,tag,0,40.8143931,block,-73.9448122,0.0,yes,271824447,,way,10030,18.4,0.933,1954.59,3802.98
2268 Adam Clayton Powell Jr. Boulevard,0.989,1058813,38188,,0.9,East Harlem,117.0,4,tag,0,40.8144407,block,-73.9447773,0.0,yes,271824448,,way,10030,17.8,0.935,1957.54,3808.25
227 West 134th Street,0.988,1058834,38189,,0.9,East Harlem,80.1,4,tag,0,40.8152437,block,-73.9451941,0.0,yes,271824449,,way,10030,13.2,0.937,1922.4,3897.04
2276 Adam C Powell Boulevard,0.988,1058816,38193,,0.9,East Harlem,116.2,4,tag,0,40.8146325,block,-73.9446364,0.0,yes,271824453,,way,10030,18.2,0.931,1969.41,3829.46
229 West 134th Street,0.989,1058833,38198,,0.9,East Harlem,81.1,4,tag,0,40.815266,block,-73.9452468,0.0,yes,271824467,,way,10030,13.2,0.938,1917.96,3899.5
241 West 134th Street,0.989,1058857,38205,,0.9,East Harlem,65.2,5,tag,0,40.8154125,block,-73.9456172,0.0,yes,271824486,,way,10030,12.1,0.93,1886.74,3915.71
243 West 134th Street,0.989,1058829,38206,,0.9,East Harlem,66.1,4,tag,0,40.8154327,block,-73.9456649,0.0,yes,271824488,,way,10030,12.1,0.944,1882.72,3917.94
245 West 134th Street,0.988,1058856,38207,,0.9,East Harlem,64.7,4,tag,0,40.8154528,block,-73.9457125,0.0,yes,271824491,,way,10030,8.9,0.94,1878.71,3920.16
257 West 134th Street,0.885,1058826,38221,,5.1,East Harlem,65.2,5,tag,0,40.8155735,block,-73.9459979,0.0,yes,271824523,,way,10030,12.3,0.867,1854.65,3933.5
258 West 135th Street,0.96,1058852,38222,,0.7,East Harlem,97.0,6,tag,0,40.8158992,block,-73.945707,0.0,yes,271824525,,way,10030,12.1,0.939,1879.17,3969.52
105 West 136th Street,0.989,1058328,38265,,0.9,East Harlem,90.3,6,tag,0,40.8151972,block,-73.9408579,0.0,yes,271825701,,way,10030,12.5,0.938,2287.92,3891.9
107 West 136th Street,0.989,1058361,38268,,0.9,East Harlem,88.7,6,tag,0,40.8152163,block,-73.9409087,0.0,yes,271825705,,way,10030,12.6,0.939,2283.64,3894.01
111 West 136th Street,0.989,1058326,38273,,0.9,East Harlem,96.3,4,tag,0,40.8152693,block,-73.9410101,0.0,yes,271825711,,way,10030,12.9,0.934,2275.09,3899.87
116 West 136th Street,0.989,1058301,38279,,0.9,East Harlem,79.7,4,tag,0,40.8150002,block,-73.9413486,0.0,yes,271825718,,way,10030,13.6,0.934,2246.55,3870.11
120 West 136th Street,0.989,1058280,38284,,0.9,East Harlem,71.0,4,tag,0,40.815042,block,-73.9414502,0.0,yes,271825723,,way,10030,14.5,0.929,2237.99,3874.73
123 West 136th Street,0.988,1058322,38289,,0.9,East Harlem,101.2,8,tag,0,40.8153938,block,-73.9413232,0.0,yes,271825728,,way,10030,15.1,0.933,2248.69,3913.63
125 West 136th Street,0.989,1058359,38292,,0.9,East Harlem,99.9,8,tag,0,40.8154112,block,-73.941371,0.0,yes,271825731,,way,10030,15.1,0.945,2244.66,3915.56
127 West 136th Street,0.988,1058321,38295,,0.9,East Harlem,100.1,8,tag,0,40.8154352,block,-73.9414223,0.0,yes,271825734,,way,10030,14.9,0.943,2240.34,3918.21
128 West 137th Street,0.723,1058344,38297,,22.3,East Harlem,165.4,24,tag,0,40.8158182,block,-73.9414171,0.0,yes,271825736,,way,10030,17.5,0.701,2240.78,3960.56
129 West 136th Street,0.989,1058320,38298,,0.9,East Harlem,98.7,8,tag,0,40.8154527,block,-73.9414691,0.0,yes,271825737,,way,10030,14.8,0.946,2236.39,3920.15
131 West 136th Street,0.989,1058358,38301,,0.9,East Harlem,100.0,8,tag,0,40.8154753,block,-73.9415208,0.0,yes,271825740,,way,10030,14.8,0.939,2232.04,3922.65
133 West 136th Street,0.989,1058319,38303,,0.9,East Harlem,102.9,7,tag,0,40.8154924,block,-73.9415697,0.0,yes,271825742,,way,10030,14.6,0.937,2227.92,3924.53
135 West 136th Street,0.989,1058357,38306,,0.9,East Harlem,100.7,7,tag,0,40.8155167,block,-73.9416237,0.0,yes,271825745,,way,10030,15.0,0.932,2223.36,3927.22
136 West 136th Street,0.989,1058303,38307,,0.9,East Harlem,86.7,4,tag,0,40.8152013,block,-73.9418496,0.0,yes,271825746,,way,10030,12.7,0.936,2204.32,3892.35
137 West 136th Street,0.988,1058318,38308,,0.9,East Harlem,96.1,8,tag,0,40.8155342,block,-73.9416704,0.0,yes,271825747,,way,10030,14.4,0.932,2219.43,3929.16
138 West 136th Street,0.989,1058285,38309,,0.9,East Harlem,87.3,4,tag,0,40.8152239,block,-73.9419036,0.0,yes,271825748,,way,10030,13.3,0.94,2199.78,3894.85
140 West 136th Street,0.988,1058286,38313,,0.9,East Harlem,84.8,4,tag,0,40.8152462,block,-73.9419569,0.0,yes,271825752,,way,10030,13.3,0.931,2195.28,3897.32
142 West 136th Street,0.988,1058287,38316,,0.9,East Harlem,81.8,4,tag,0,40.8152678,block,-73.9420086,0.0,yes,271825755,,way,10030,13.5,0.929,2190.92,3899.71
148 West 136th Street,0.989,1058289,38323,,0.9,East Harlem,82.1,4,tag,0,40.815335,block,-73.942169,0.0,yes,271825762,,way,10030,13.8,0.93,2177.4,3907.13
150 West 136th Street,0.988,1058305,38326,,0.9,East Harlem,81.6,4,tag,0,40.8153562,block,-73.9422198,0.0,yes,271825767,,way,10030,13.5,0.944,2173.12,3909.48
157 West 136th Street,0.988,1083603,38331,,0.9,East Harlem,115.7,4,tag,0,40.8157948,block,-73.9421818,0.0,yes,271825773,,way,10030,11.9,0.932,2176.32,3957.98
162 West 136th Street,0.989,1058307,38336,,0.9,East Harlem,71.7,4,tag,0,40.815503,block,-73.9425266,0.0,yes,271825779,,way,10030,13.4,0.94,2147.25,3925.71
176 West 137th Street,0.719,1058352,38345,,4.4,Harlem,173.8,17,tag,0,40.8161173,block,-73.9421295,0.0,yes,271825792,,way,10030,18.2,0.674,2180.73,3993.64
2313 Adam C Powell Boulevard,0.989,1058298,38357,,0.9,East Harlem,82.6,4,tag,0,40.8155846,block,-73.9430873,0.0,yes,271825805,,way,10030,12.8,0.931,2099.99,3934.73
208 West 137th Street,0.989,1058963,38488,,0.9,Harlem,99.3,6,tag,0,40.8167519,block,-73.9436281,0.0,yes,271828002,,way,10030,13.5,0.94,2054.41,4063.8
210 West 137th Street,0.988,1058994,38492,,0.9,Harlem,99.7,6,tag,0,40.8167777,block,-73.9436884,0.0,yes,271828006,,way,10030,13.8,0.933,2049.32,4066.65
213 West 136th Street,0.989,1058951,38498,,0.9,Harlem,80.9,4,tag,0,40.8164832,block,-73.943952,0.0,yes,271828013,,way,10030,12.9,0.936,2027.1,4034.09
214 West 136th Street,0.989,1058901,38499,,0.9,Harlem,77.4,4,tag,0,40.8162129,block,-73.9442166,0.0,yes,271828014,,way,10030,13.8,0.938,2004.8,4004.21
214 West 137th Street,0.989,1058965,38500,,0.9,Harlem,95.4,6,tag,0,40.8168242,block,-73.9437995,0.0,yes,271828015,,way,10030,13.8,0.936,2039.96,4071.79
215 West 136th Street,0.989,1058950,38502,,0.9,Harlem,78.6,4,tag,0,40.8165058,block,-73.9440054,0.0,yes,271828017,,way,10030,12.7,0.931,2022.61,4036.59
216 West 136th Street,0.989,1058926,38503,,0.9,Harlem,79.1,4,tag,0,40.8162352,block,-73.9442694,0.0,yes,271828018,,way,10030,13.8,0.934,2000.35,4006.67
216 West 137th Street,0.988,1058995,38504,,0.9,Harlem,96.9,6,tag,0,40.8168455,block,-73.9438508,0.0,yes,271828019,,way,10030,13.8,0.939,2035.63,4074.15
218 West 136th Street,0.989,1058902,38507,,0.9,Harlem,77.1,4,tag,0,40.8162573,block,-73.944322,0.0,yes,271828022,,way,10030,13.8,0.933,1995.91,4009.11
220 West 137th Street,0.989,1058967,38512,,0.9,Harlem,91.2,6,tag,0,40.8168899,block,-73.9439538,0.0,yes,271828028,,way,10030,13.7,0.938,2026.95,4079.06
222 West 136th Street,0.988,1058927,38514,,0.9,Harlem,81.9,4,tag,0,40.8163026,block,-73.9444297,0.0,yes,271828030,,way,10030,13.6,0.931,1986.84,4014.13
222 West 137th Street,0.988,1058996,38515,,0.9,Harlem,91.6,7,tag,0,40.8169117,block,-73.944006,0.0,yes,271828031,,way,10030,13.7,0.943,2022.55,4081.48
224 West 137th Street,0.989,1058968,38518,,0.9,Harlem,92.8,7,tag,0,40.8169361,block,-73.9440615,0.0,yes,271828034,,way,10030,13.6,0.935,2017.87,4084.17
226 West 137th Street,0.989,1058969,38521,,0.9,Harlem,93.6,6,tag,0,40.8169571,block,-73.9441116,0.0,yes,271828037,,way,10030,13.6,0.943,2013.65,4086.5
227 West 136th Street,0.989,1058947,38522,,0.9,Harlem,78.8,4,tag,0,40.8166371,block,-73.944323,0.0,yes,271828038,,way,10030,13.0,0.936,1995.83,4051.11
230 West 137th Street,0.989,1058970,38528,,0.9,Harlem,99.3,6,tag,0,40.8170045,block,-73.9442225,0.0,yes,271828044,,way,10030,13.9,0.935,2004.31,4091.74
231 West 136th Street,0.989,1058946,38534,,0.9,Harlem,75.8,4,tag,0,40.8166821,block,-73.9444291,0.0,yes,271828050,,way,10030,12.7,0.938,1986.89,4056.09
232 West 136th Street,0.989,1058907,38536,,0.9,Harlem,77.9,4,tag,0,40.8164151,block,-73.9446969,0.0,yes,271828053,,way,10030,13.7,0.929,1964.32,4026.56
233 West 136th Street,0.989,1058945,38543,,0.9,Harlem,73.3,4,tag,0,40.8167042,block,-73.9444811,0.0,yes,271828060,,way,10030,12.8,0.93,1982.51,4058.53
234 West 136th Street,0.988,1058929,38545,,0.9,Harlem,78.3,4,tag,0,40.8164372,block,-73.9447496,0.0,yes,271828062,,way,10030,13.7,0.942,1959.87,4029.01
234 West 137th Street,0.989,1058972,38546,,0.9,Harlem,104.9,6,tag,0,40.817056,block,-73.9443407,0.0,yes,271828063,,way,10030,13.9,0.935,1994.34,4097.43
235 West 136th Street,0.989,1058988,38548,,0.9,Harlem,72.9,4,tag,0,40.8167258,block,-73.9445321,0.0,yes,271828065,,way,10030,12.8,0.943,1978.2,4060.92
237 West 136th Street,0.989,1058944,38552,,0.9,Harlem,73.4,4,tag,0,40.8167475,block,-73.9445831,0.0,yes,271828069,,way,10030,12.8,0.943,1973.9,4063.32
238 West 137th Street,0.988,1058973,38554,,0.9,Harlem,99.8,6,tag,0,40.8171041,block,-73.9444568,0.0,yes,271828071,,way,10030,13.8,0.938,1984.55,4102.75
241 West 136th Street,0.989,1058987,38560,,0.9,Harlem,74.5,4,tag,0,40.816792,block,-73.9446883,0.0,yes,271828077,,way,10030,13.1,0.93,1965.03,4068.24
242 West 137th Street,0.988,1058975,38562,,0.9,Harlem,99.7,6,tag,0,40.8171518,block,-73.9445694,0.0,yes,271828079,,way,10030,14.1,0.929,1975.06,4108.02
243 West 136th Street,0.989,1058942,38564,,0.9,Harlem,76.9,4,tag,0,40.8168145,block,-73.9447411,0.0,yes,271828081,,way,10030,13.1,0.93,1960.59,4070.73
244 West 137th Street,0.988,1058999,38566,,0.9,Harlem,99.8,6,tag,0,40.8171771,block,-73.9446306,0.0,yes,271828083,,way,10030,14.1,0.934,1969.9,4110.83
245 West 136th Street,0.989,1058941,38568,,0.9,Harlem,78.2,4,tag,0,40.8168374,block,-73.9447953,0.0,yes,271828085,,way,10030,13.0,0.935,1956.02,4073.26
246 West 136th Street,0.989,1058912,38569,,0.9,Harlem,79.1,4,tag,0,40.8165737,block,-73.9450737,0.0,yes,271828086,,way,10030,13.4,0.929,1932.56,4044.1
246 West 137th Street,0.988,1058976,38570,,0.9,Harlem,96.8,6,tag,0,40.8172006,block,-73.9446828,0.0,yes,271828087,,way,10030,14.1,0.93,1965.5,4113.41
247 West 136th Street,0.989,1058986,38572,,0.9,Harlem,79.3,4,tag,0,40.8168607,block,-73.9448502,0.0,yes,271828089,,way,10030,12.9,0.935,1951.39,4075.84
248 West 136th Street,0.989,1058931,38573,,0.9,Harlem,78.5,4,tag,0,40.8165961,block,-73.9451268,0.0,yes,271828090,,way,10030,13.4,0.94,1928.07,4046.57
250 West 136th Street,0.989,1058913,38577,,0.9,Harlem,79.1,4,tag,0,40.8166184,block,-73.9451801,0.0,yes,271828094,,way,10030,13.5,0.94,1923.59,4049.05
250 West 137th Street,0.988,1058978,38578,,0.9,Harlem,98.6,6,tag,0,40.8172485,block,-73.944798,0.0,yes,271828095,,way,10030,14.1,0.931,1955.79,4118.72
251 West 136th Street,0.989,1058939,38579,,0.9,Harlem,77.4,4,tag,0,40.8169061,block,-73.9449573,0.0,yes,271828096,,way,10030,12.8,0.929,1942.36,4080.86
252 West 136th Street,0.988,1058914,38580,,0.9,Harlem,80.5,4,tag,0,40.8166412,block,-73.9452339,0.0,yes,271828097,,way,10030,13.5,0.935,1919.05,4051.56
253 West 136th Street,0.988,1058985,38584,,0.9,Harlem,71.7,4,tag,0,40.8169282,block,-73.9450093,0.0,yes,271828101,,way,10030,12.8,0.93,1937.98,4083.3
255 West 136th Street,0.989,1058938,38594,,0.9,Harlem,72.2,4,tag,0,40.8169495,block,-73.9450595,0.0,yes,271828120,,way,10030,12.7,0.944,1933.74,4085.65
258 West 136th Street,0.988,1058933,38597,,0.9,Harlem,77.2,4,tag,0,40.8167078,block,-73.9453923,0.0,yes,271828124,,way,10030,13.6,0.93,1905.7,4058.93
259 West 136th Street,0.989,1058984,38598,,0.9,Harlem,77.1,4,tag,0,40.8169948,block,-73.9451665,0.0,yes,271828125,,way,10030,12.9,0.933,1924.73,4090.66
260 West 136th Street,0.988,1058916,38599,,0.9,Harlem,79.4,4,tag,0,40.81673,block,-73.9454451,0.0,yes,271828126,,way,10030,13.6,0.931,1901.25,4061.39
263 West 136th Street,0.989,1058935,38602,,0.9,Harlem,73.2,4,tag,0,40.817038,block,-73.9452683,0.0,yes,271828129,,way,10030,12.8,0.932,1916.15,4095.44
264 West 136th Street,0.988,1058918,38603,,0.9,Harlem,83.3,4,tag,0,40.8167764,block,-73.9455552,0.0,yes,271828130,,way,10030,13.6,0.933,1891.97,4066.51
265 West 136th Street,0.989,1058983,38604,,0.9,Harlem,74.6,5,tag,0,40.8170599,block,-73.9453198,0.0,yes,271828131,,way,10030,12.5,0.937,1911.8,4097.86
28 Edgecombe Avenue,0.989,1059466,38608,,0.9,Harlem,158.3,5,tag,0,40.8177956,block,-73.9470792,0.0,yes,271828136,,way,10030,16.0,0.931,1763.5,4179.21
284 West 137th Street,0.989,1059001,38610,,0.9,Harlem,95.8,8,tag,0,40.8173071,block,-73.9449743,0.0,yes,271828139,,way,10030,14.2,0.932,1940.93,4125.2
286 West 137th Street,0.989,1058980,38611,,0.9,Harlem,97.4,8,tag,0,40.8173274,block,-73.9450182,0.0,yes,271828140,,way,10030,14.3,0.946,1937.23,4127.44
288 West 137th Street,0.988,1058981,38612,,0.9,Harlem,96.5,8,tag,0,40.8173501,block,-73.9450717,0.0,yes,271828141,,way,10030,14.4,0.939,1932.72,4129.95
290 West 137th Street,0.988,1059002,38613,,0.9,Harlem,95.7,8,tag,0,40.8173686,block,-73.9451167,0.0,yes,271828143,,way,10030,14.3,0.949,1928.92,4132.0
292 West 137th Street,0.989,1058982,38614,,0.9,Harlem,97.3,8,tag,0,40.8173907,block,-73.9451697,0.0,yes,271828145,,way,10030,14.5,0.936,1924.46,4134.44
304 West 137th Street,0.989,1059479,38617,,0.9,Harlem,82.3,4,tag,0,40.8178613,block,-73.9462106,0.0,yes,271828148,,way,10030,13.5,0.932,1836.72,4186.48
306 West 137th Street,0.988,1059480,38619,,0.9,Harlem,81.5,5,tag,0,40.8178806,block,-73.9462596,0.0,yes,271828151,,way,10030,13.7,0.944,1832.59,4188.61
308 West 137th Street,0.988,1059495,38621,,0.9,Harlem,79.8,4,tag,0,40.8179077,block,-73.9463045,0.0,yes,271828155,,way,10030,13.6,0.939,1828.8,4191.6
310 West 137th Street,0.989,1059481,38623,,0.9,Harlem,77.6,4,tag,0,40.8179289,block,-73.9463551,0.0,yes,271828157,,way,10030,13.7,0.934,1824.54,4193.95
314 West 137th Street,0.988,1059483,38627,,0.9,Harlem,77.8,4,tag,0,40.8179722,block,-73.946458,0.0,yes,271828161,,way,10030,13.5,0.932,1815.86,4198.73
315 West 136th Street,0.989,1059472,38628,,0.9,Harlem,75.2,4,tag,0,40.8176443,block,-73.9467197,0.0,yes,271828163,,way,10030,12.8,0.94,1793.8,4162.48
316 West 137th Street,0.989,1059484,38629,,0.9,Harlem,78.2,4,tag,0,40.8179932,block,-73.9465082,0.0,yes,271828165,,way,10030,13.4,0.945,1811.63,4201.06
317 West 136th Street,0.989,1059471,38630,,0.9,Harlem,73.8,4,tag,0,40.8176659,block,-73.9467713,0.0,yes,271828166,,way,10030,13.0,0.937,1789.46,4164.87
318 West 137th Street,0.988,1059485,38631,,0.9,Harlem,80.3,4,tag,0,40.8180146,block,-73.9465591,0.0,yes,271828168,,way,10030,13.7,0.934,1807.34,4203.42
319 West 136th Street,0.989,1059470,38632,,0.9,Harlem,76.3,5,tag,0,40.8176878,block,-73.9468232,0.0,yes,271828170,,way,10030,13.1,0.93,1785.08,4167.29
320 West 137th Street,0.988,1059486,38634,,0.9,Harlem,76.5,4,tag,0,40.8180358,block,-73.9466095,0.0,yes,271828174,,way,10030,13.6,0.929,1803.1,4205.77
321 West 136th Street,0.804,1059470,38635,,4.2,Harlem,51.8,4,tag,0,40.8177017,block,-73.9468737,0.0,yes,271828175,,way,10030,9.2,0.755,1780.82,4168.83
322 West 137th Street,0.989,1059487,38636,,0.9,Harlem,77.5,4,tag,0,40.8180566,block,-73.9466589,0.0,yes,271828178,,way,10030,13.1,0.943,1798.92,4208.06
38 Edgecombe Avenue,0.988,1059492,38639,,0.9,Harlem,90.7,4,tag,0,40.8180295,block,-73.9469711,0.0,yes,271828187,,way,10030,15.8,0.94,1772.61,4205.07
40 Edgecombe Avenue,0.989,1059491,38640,,0.9,Harlem,90.3,4,tag,0,40.8180716,block,-73.9469405,0.0,yes,271828190,,way,10030,15.8,0.941,1775.19,4209.73
42 Edgecombe Avenue,0.989,1059490,38641,,0.9,Harlem,90.6,4,tag,0,40.8181137,block,-73.9469099,0.0,yes,271828191,,way,10030,15.5,0.942,1777.77,4214.38
44 Edgecombe Avenue,0.989,1059489,38642,,0.9,Harlem,89.5,4,tag,0,40.8181555,block,-73.9468794,0.0,yes,271828193,,way,10030,15.5,0.938,1780.34,4219.01
,0.798,1081621,38647,,4.0,Harlem,103.7,8,tag,0,40.8177691,block,-73.9471649,0.0,yes,271828201,,way,,16.8,0.793,1756.28,4176.29
,0.745,1059470,38662,,16.7,Harlem,67.8,5,tag,0,40.8178456,block,-73.9467945,0.0,yes,271828235,,way,,6.3,0.731,1787.5,4184.74
204 West 139th Street,0.989,1060336,38676,,0.9,Harlem,89.9,6,tag,0,40.817926,block,-73.942527,0.0,yes,271829933,,way,10030,13.0,0.933,2147.22,4193.63
205 West 138th Street,0.988,1060332,38678,,0.9,Harlem,89.2,6,tag,0,40.8176234,block,-73.9427493,0.0,yes,271829939,,way,10030,12.7,0.938,2128.48,4160.17
207 West 137th Street,0.988,1060218,38681,,0.9,Harlem,99.3,7,tag,0,40.8170567,block,-73.9433408,0.0,yes,271829945,,way,10030,13.9,0.929,2078.62,4097.51
207 West 138th Street,0.989,1060288,38682,,0.9,Harlem,90.8,6,tag,0,40.8176483,block,-73.942805,0.0,yes,271829947,,way,10030,13.0,0.932,2123.79,4162.92
209 West 138th Street,0.988,1060287,38686,,0.9,Harlem,89.7,6,tag,0,40.8176679,block,-73.9428562,0.0,yes,271829955,,way,10030,13.0,0.941,2119.48,4165.09
211 West 137th Street,0.988,1060252,38689,,0.9,Harlem,93.8,7,tag,0,40.8171057,block,-73.9434564,0.0,yes,271829961,,way,10030,13.8,0.937,2068.88,4102.93
212 West 139th Street,0.988,1060300,38692,,0.9,Harlem,89.9,6,tag,0,40.818015,block,-73.9427431,0.0,yes,271829967,,way,10030,13.0,0.939,2129.01,4203.47
213 West 138th Street,0.989,1060286,38694,,0.9,Harlem,90.7,6,tag,0,40.8177135,block,-73.942964,0.0,yes,271829971,,way,10030,13.0,0.932,2110.39,4170.13
214 West 139th Street,0.988,1060301,38696,,0.9,Harlem,90.2,6,tag,0,40.81804,block,-73.9428003,0.0,yes,271829974,,way,10030,12.8,0.936,2124.19,4206.23
215 West 138th Street,0.989,1060285,38698,,0.9,Harlem,90.0,6,tag,0,40.8177365,block,-73.9430208,0.0,yes,271829978,,way,10030,13.0,0.936,2105.6,4172.67
216 West 139th Street,0.989,1060338,38700,,0.9,Harlem,88.1,6,tag,0,40.8180602,block,-73.9428515,0.0,yes,271829981,,way,10030,12.5,0.936,2119.87,4208.47
217 West 138th Street,0.989,1060330,38702,,0.9,Harlem,92.0,6,tag,0,40.8177572,block,-73.9430714,0.0,yes,271829989,,way,10030,13.0,0.937,2101.33,4174.97
220 West 139th Street,0.925,1060303,38708,,1.2,Harlem,103.3,7,tag,0,40.8181401,block,-73.9430523,0.0,yes,271830000,,way,10030,13.6,0.878,2102.94,4217.31
223 West 137th Street,0.988,1060212,38713,,0.9,Harlem,96.2,7,tag,0,40.817253,block,-73.9438038,0.0,yes,271830010,,way,10030,14.0,0.941,2039.6,4119.21
224 West 139th Street,0.988,1060304,38716,,0.9,Harlem,94.0,6,tag,0,40.8181945,block,-73.9431563,0.0,yes,271830015,,way,10030,14.0,0.941,2094.18,4223.32
227 West 138th Street,0.988,1060281,38722,,0.9,Harlem,88.3,6,tag,0,40.8179126,block,-73.9434367,0.0,yes,271830025,,way,10030,3.8,0.933,2070.54,4192.15
228 West 139th Street,0.989,1060306,38724,,0.9,Harlem,86.8,6,tag,0,40.8182381,block,-73.9432664,0.0,yes,271830029,,way,10030,13.6,0.934,2084.9,4228.13
229 West 138th Street,0.989,1060280,38726,,0.9,Harlem,91.4,6,tag,0,40.817934,block,-73.9434877,0.0,yes,271830033,,way,10030,13.5,0.931,2066.24,4194.51
230 West 139th Street,0.989,1060340,38728,,0.9,Harlem,85.2,6,tag,0,40.8182618,block,-73.9433223,0.0,yes,271830040,,way,10030,13.5,0.932,2080.18,4230.76
232 West 139th Street,0.989,1060307,38732,,0.9,Harlem,83.0,6,tag,0,40.8182806,block,-73.9433713,0.0,yes,271830048,,way,10030,13.8,0.938,2076.05,4232.84
2364 Adam Clayton Powell Jr. Boulevard,0.989,1060291,38745,,0.9,Harlem,84.0,6,tag,0,40.8175395,block,-73.9424986,0.0,yes,271830073,,way,10030,16.3,0.935,2149.61,4150.9
2374 Adam Clayton Powell Jr. Boulevard,0.989,1060335,38752,,0.9,Harlem,81.4,6,tag,0,40.8178094,block,-73.942303,0.0,yes,271830089,,way,10030,16.3,0.943,2166.1,4180.74
2376 Adam Clayton Powell Jr. Boulevard,0.989,1060295,38753,,0.9,Harlem,83.1,6,tag,0,40.8178457,block,-73.9422769,0.0,yes,271830091,,way,10030,16.3,0.944,2168.3,4184.75
238 West 139th Street,0.988,1060309,38755,,0.9,Harlem,91.2,6,tag,0,40.8183517,block,-73.9435394,0.0,yes,271830095,,way,10030,13.5,0.93,2061.88,4240.7
239 West 138th Street,0.988,1060277,38757,,0.9,Harlem,87.5,6,tag,0,40.8180489,block,-73.9437593,0.0,yes,271830099,,way,10030,13.4,0.94,2043.35,4207.22
240 West 139th Street,0.989,1060310,38759,,0.9,Harlem,87.8,6,tag,0,40.8183727,block,-73.9435901,0.0,yes,271830102,,way,10030,13.7,0.93,2057.61,4243.03
242 West 139th Street,0.989,1060342,38763,,0.9,Harlem,86.1,6,tag,0,40.8183969,block,-73.9436453,0.0,yes,271830109,,way,10030,13.8,0.931,2052.96,4245.7
243 West 137th Street,0.988,1060261,38764,,0.9,Harlem,95.9,6,tag,0,40.8174994,block,-73.9443861,0.0,yes,271830111,,way,10030,17.6,0.931,1990.51,4146.46
243 West 138th Street,0.989,1060326,38765,,0.9,Harlem,91.9,6,tag,0,40.8180949,block,-73.9438668,0.0,yes,271830113,,way,10030,13.4,0.936,2034.28,4212.3
247 West 138th Street,0.989,1060274,38773,,0.9,Harlem,91.0,6,tag,0,40.81814,block,-73.9439745,0.0,yes,271830130,,way,10030,13.3,0.932,2025.21,4217.29
249 West 138th Street,0.989,1060273,38777,,0.9,Harlem,91.1,6,tag,0,40.8181614,block,-73.9440259,0.0,yes,271830134,,way,10030,13.6,0.945,2020.88,4219.66
251 West 137th Street,0.989,1060258,38780,,0.9,Harlem,92.9,6,tag,0,40.8175945,block,-73.9446163,0.0,yes,271830137,,way,10030,17.9,0.932,1971.1,4156.97
256 West 139th Street,0.988,1060344,38788,,0.9,Harlem,96.3,6,tag,0,40.8185973,block,-73.9441132,0.0,yes,271830145,,way,10030,3.8,0.938,2013.52,4267.86
2578 Frederick Douglass Boulevard,0.989,1085621,38791,,0.9,Harlem,26.8,4,tag,0,40.8181467,block,-73.9450503,0.0,yes,271830148,,way,10030,11.5,0.944,1934.52,4218.04
258 West 139th Street,0.989,1060316,38793,,0.9,Harlem,87.3,6,tag,0,40.8186187,block,-73.9441728,0.0,yes,271830152,,way,10030,13.3,0.934,2008.49,4270.22
259 West 138th Street,0.988,1060270,38795,,0.9,Harlem,87.5,6,tag,0,40.8183156,block,-73.9443914,0.0,yes,271830156,,way,10030,13.5,0.933,1990.07,4236.7
260 West 139th Street,0.988,1060317,38798,,0.9,Harlem,87.3,6,tag,0,40.81864,block,-73.9442218,0.0,yes,271830166,,way,10030,13.3,0.948,2004.36,4272.58
261 West 137th Street,0.988,1060199,38799,,1.0,Harlem,97.9,9,tag,0,40.817711,block,-73.9449058,0.0,yes,271830168,,way,10030,18.3,0.933,1946.7,4169.86
261 West 138th Street,0.989,1060269,38800,,0.9,Harlem,88.5,7,tag,0,40.8183369,block,-73.9444403,0.0,yes,271830171,,way,10030,13.7,0.943,1985.94,4239.07
262 West 139th Street,0.989,1060345,38801,,0.9,Harlem,87.7,6,tag,0,40.8186613,block,-73.9442783,0.0,yes,271830173,,way,10030,3.9,0.938,1999.6,4274.93
264 West 139th Street,0.989,1060318,38803,,0.9,Harlem,89.9,6,tag,0,40.8186834,block,-73.9443269,0.0,yes,271830177,,way,10030,13.3,0.937,1995.5,4277.38
266 West 139th Street,0.989,1060319,38805,,0.9,Harlem,90.3,6,tag,0,40.8187093,block,-73.9443835,0.0,yes,271830181,,way,10030,13.6,0.936,1990.73,4280.24
268 West 139th Street,0.989,1060320,38807,,0.9,Harlem,89.0,6,tag,0,40.8187296,block,-73.9444354,0.0,yes,271830185,,way,10030,3.9,0.939,1986.35,4282.49
270 West 139th Street,0.988,1060321,38809,,0.9,Harlem,88.3,6,tag,0,40.8187524,block,-73.9444922,0.0,yes,271830189,,way,10030,13.6,0.936,1981.57,4285.01
305 West 137th Street,0.989,1060647,38821,,0.9,Harlem,70.7,4,tag,0,40.8181749,block,-73.9460367,0.0,yes,271830214,,way,10030,12.2,0.943,1851.38,4221.15
305 West 138th Street,0.988,1060666,38822,,0.9,Harlem,74.9,4,tag,0,40.8187697,block,-73.9455076,0.0,yes,271830216,,way,10030,14.0,0.937,1895.98,4286.92
306 West 138th Street,0.988,1060688,38823,,0.9,Harlem,75.0,4,tag,0,40.8185354,block,-73.9458556,0.0,yes,271830218,,way,10030,12.3,0.932,1866.64,4261.01
307 West 137th Street,0.989,1060646,38825,,0.9,Harlem,68.4,4,tag,0,40.8181951,block,-73.9460843,0.0,yes,271830224,,way,10030,12.5,0.935,1847.36,4223.38
308 West 138th Street,0.988,1060650,38827,,0.9,Harlem,77.1,4,tag,0,40.8185575,block,-73.945908,0.0,yes,271830229,,way,10030,12.3,0.932,1862.22,4263.46
309 West 137th Street,0.988,1060645,38828,,0.9,Harlem,67.3,4,tag,0,40.8182147,block,-73.9461309,0.0,yes,271830231,,way,10030,15.5,0.944,1843.44,4225.55
311 West 137th Street,0.988,1060644,38832,,0.9,Harlem,69.5,4,tag,0,40.8182345,block,-73.9461779,0.0,yes,271830242,,way,10030,12.5,0.936,1839.48,4227.74
311 West 138th Street,0.988,1060663,38833,,0.9,Harlem,84.9,4,tag,0,40.8188403,block,-73.9456687,0.0,yes,271830245,,way,10030,13.1,0.929,1882.4,4294.73
312 West 138th Street,0.989,1060651,38834,,0.9,Harlem,74.5,4,tag,0,40.8186004,block,-73.9460097,0.0,yes,271830247,,way,10030,13.1,0.93,1853.65,4268.2
313 West 137th Street,0.989,1060643,38835,,0.9,Harlem,71.6,4,tag,0,40.818255,block,-73.9462262,0.0,yes,271830249,,way,10030,12.4,0.936,1835.4,4230.01
313 West 138th Street,0.988,1060662,38836,,0.9,Harlem,84.1,4,tag,0,40.8188636,block,-73.9457245,0.0,yes,271830251,,way,10030,13.1,0.936,1877.69,4297.3
315 West 138th Street,0.988,1060661,38840,,0.9,Harlem,83.2,4,tag,0,40.8188865,block,-73.9457799,0.0,yes,271830267,,way,10030,13.1,0.936,1873.03,4299.84
316 West 138th Street,0.989,1060652,38841,,0.9,Harlem,76.8,4,tag,0,40.8186452,block,-73.9461157,0.0,yes,271830269,,way,10030,13.3,0.936,1844.72,4273.15
316 West 139th Street,0.988,1060677,38842,,1.0,Harlem,99.3,8,tag,0,40.8192235,block,-73.9455991,0.0,yes,271830272,,way,10030,14.1,0.935,1888.26,4337.09
317 West 138th Street,0.989,1060660,38844,,0.9,Harlem,85.2,4,tag,0,40.8189096,block,-73.9458355,0.0,yes,271830298,,way,10030,13.6,0.93,1868.34,4302.39
318 West 138th Street,0.988,1060691,38845,,0.9,Harlem,78.9,4,tag,0,40.8186678,block,-73.9461693,0.0,yes,271830304,,way,10030,13.1,0.931,1840.2,4275.66
318 West 139th Street,0.987,1060678,38846,,1.0,Harlem,98.7,6,tag,0,40.8192478,block,-73.9456607,0.0,yes,271830310,,way,10030,14.5,0.931,1883.07,4339.79
319 West 137th Street,0.988,1060641,38847,,0.9,Harlem,68.9,4,tag,0,40.8183155,block,-73.9463697,0.0,yes,271830315,,way,10030,12.4,0.935,1823.31,4236.7
320 West 139th Street,0.987,1060679,38850,,1.0,Harlem,97.3,8,tag,0,40.8192716,block,-73.9457136,0.0,yes,271830328,,way,10030,14.5,0.936,1878.61,4342.42
321 West 137th Street,0.988,1060640,38851,,0.9,Harlem,68.5,4,tag,0,40.8183354,block,-73.9464168,0.0,yes,271830330,,way,10030,12.3,0.948,1819.34,4238.9
325 West 137th Street,0.989,1060639,38858,,0.9,Harlem,72.6,5,tag,0,40.8183673,block,-73.9465225,0.0,yes,271830342,,way,10030,15.4,0.939,1810.43,4242.43
52 Edgecombe Avenue,0.988,1060637,38861,,0.9,Harlem,86.3,4,tag,0,40.8184779,block,-73.9466334,0.0,yes,271830348,,way,10030,14.1,0.941,1801.08,4254.66
54 Edgecombe Avenue,0.989,1060684,38862,,0.9,Harlem,85.1,4,tag,0,40.818521,block,-73.9466018,0.0,yes,271830350,,way,10030,15.2,0.936,1803.74,4259.42
56 Edgecombe Avenue,0.989,1060638,38863,,0.9,Harlem,86.9,4,tag,0,40.8185642,block,-73.9465702,0.0,yes,271830352,,way,10030,16.0,0.933,1806.4,4264.2
62 Edgecombe Avenue,0.989,1060695,38866,,0.9,Harlem,86.9,4,tag,0,40.8186883,block,-73.9464794,0.0,yes,271830357,,way,10030,16.3,0.93,1814.06,4277.93
64 Edgecombe Avenue,0.989,1060654,38867,,0.9,Harlem,85.2,4,tag,0,40.8187316,block,-73.9464478,0.0,yes,271830359,,way,10030,13.4,0.933,1816.73,4282.71
,0.988,1085609,38874,,0.9,Harlem,25.3,4,tag,0,40.817923,block,-73.9452138,0.0,yes,271830376,,way,,11.5,0.944,1920.74,4193.3
,0.989,1085611,38876,,0.9,Harlem,25.8,4,tag,0,40.8179588,block,-73.9451876,0.0,yes,271830380,,way,,11.5,0.944,1922.95,4197.26
,0.988,1085607,38878,,0.9,Harlem,25.9,4,tag,0,40.8178872,block,-73.94524,0.0,yes,271830383,,way,,11.5,0.944,1918.53,4189.34
,0.988,1085608,38879,,0.9,Harlem,27.0,4,tag,0,40.817862,block,-73.9451803,0.0,yes,271830385,,way,,11.0,0.944,1923.57,4186.55
,0.988,1085610,38882,,0.9,Harlem,26.3,4,tag,0,40.8178979,block,-73.9451541,0.0,yes,271830388,,way,,11.5,0.943,1925.77,4190.52
,0.989,1085612,38888,,0.9,Harlem,26.9,4,tag,0,40.8179336,block,-73.945128,0.0,yes,271830396,,way,,11.0,0.944,1927.98,4194.48
,0.988,1089144,38889,,0.9,Harlem,24.4,4,tag,0,40.8184539,block,-73.9464488,0.0,yes,271830398,,way,,5.7,0.936,1816.63,4252.0
,0.988,1085622,38896,,0.9,Harlem,28.0,4,tag,0,40.8181215,block,-73.9449906,0.0,yes,271830411,,way,,11.0,0.944,1939.55,4215.25
,0.864,1089543,38897,,10.5,Harlem,22.4,4,tag,0,40.8175868,block,-73.9439598,0.0,yes,271830413,,way,,4.1,0.855,2026.45,4156.12
,0.747,1086979,38898,,4.8,Harlem,16.0,4,tag,0,40.8180454,block,-73.9431388,0.0,yes,271830417,,way,,3.5,0.732,2095.66,4206.84
,0.989,1086969,38907,,0.9,Harlem,27.3,4,tag,0,40.8184432,block,-73.9443668,0.0,yes,271830437,,way,,3.6,0.942,1992.14,4250.82
,0.988,1086975,38909,,0.9,Harlem,28.7,5,tag,0,40.8185339,block,-73.9443014,0.0,yes,271830443,,way,,3.6,0.941,1997.66,4260.85
,0.988,1089571,38917,,0.9,Harlem,30.7,5,tag,0,40.8184889,block,-73.9441945,0.0,yes,271830460,,way,,3.8,0.929,2006.66,4255.87
,0.989,1089573,38922,,0.9,Harlem,28.0,5,tag,0,40.8185559,block,-73.9443534,0.0,yes,271830466,,way,,3.9,0.934,1993.27,4263.28
,0.892,1086978,38924,,5.6,Harlem,26.8,5,tag,0,40.818178,block,-73.9437356,0.0,yes,271830469,,way,,3.7,0.838,2045.34,4221.49
,0.988,1086973,38938,,0.9,Harlem,26.6,5,tag,0,40.818246,block,-73.9436183,0.0,yes,271830500,,way,,3.3,0.937,2055.23,4229.01
,0.989,1089567,38948,,0.9,Harlem,30.8,5,tag,0,40.8180649,block,-73.9434669,0.0,yes,271830518,,way,,13.7,0.933,2068.0,4208.99
154 West 141st Street,0.785,1060071,38990,,16.5,Harlem,187.6,16,tag,0,40.8183431,block,-73.9396705,0.0,yes,271833720,,way,10030,18.7,0.726,2388.01,4239.75
2802 Frederick Douglass Boulevard,0.553,1060582,39143,,36.1,Harlem,222.8,7,tag,0,40.8253171,block,-73.9395826,0.0,yes,271846428,,way,10039,17.5,0.546,2395.42,5010.89
,0.479,1060581,39147,,41.8,Harlem,240.9,14,tag,0,40.8252893,block,-73.9393304,0.0,yes,271846437,,way,,15.4,0.456,2416.68,5007.82
214 West 148th Street,0.852,1060543,39169,,10.9,Harlem,232.2,8,tag,0,40.8239014,block,-73.9390006,0.0,yes,271847658,,way,10039,20.3,0.807,2444.48,4854.35
202 West 146th Street,0.68,1060485,39232,,24.5,Harlem,245.5,10,tag,0,40.8224023,block,-73.939327,0.0,yes,271870917,,way,10039,18.7,0.645,2416.97,4688.59
205 West 145th Street,0.654,1079777,39234,,9.8,Harlem,408.4,14,tag,0,40.8222336,block,-73.9397754,0.0,yes,271870929,,way,10039,18.4,0.604,2379.16,4669.94
210 West 146th Street,0.585,1060487,39235,,6.5,Harlem,246.7,8,tag,0,40.8224571,block,-73.939451,0.0,yes,271870934,,way,10039,19.0,0.532,2406.51,4694.65
214 West 146th Street,0.544,1060480,39237,,36.1,Harlem,235.8,9,tag,0,40.8225638,block,-73.9397029,0.0,yes,271870942,,way,10039,19.2,0.507,2385.28,4706.44
,0.705,1088715,39256,,6.7,Harlem,293.2,6,tag,0,40.8228802,block,-73.9415088,0.0,yes,271871025,,way,,20.6,0.648,2233.05,4741.43
188 Edgecombe Avenue,0.904,1061084,39287,,1.8,Harlem,74.9,5,tag,0,40.8221833,block,-73.9443219,0.0,yes,271872906,,way,10030,12.8,0.875,1995.93,4664.38
196 Edgecombe Avenue,0.988,1061088,39291,,0.9,Harlem,68.0,5,tag,0,40.8223722,block,-73.9442319,0.0,yes,271872925,,way,10030,13.0,0.928,2003.51,4685.27
210 Edgecombe Avenue,0.989,1061094,39297,,0.9,Harlem,69.0,5,tag,0,40.8227417,block,-73.9440727,0.0,yes,271872954,,way,10030,12.4,0.933,2016.93,4726.12
220 Edgecombe Avenue,0.989,1061099,39302,,0.9,Harlem,64.7,5,tag,0,40.8229635,block,-73.9439676,0.0,yes,271872979,,way,10030,11.5,0.934,2025.79,4750.65
31 Bradhurst Avenue,0.988,1061120,39326,,0.9,Harlem,61.1,5,tag,0,40.8225793,block,-73.943834,0.0,yes,271873016,,way,10030,12.3,0.941,2037.05,4708.17
33 Bradhurst Avenue,0.988,1061119,39329,,1.0,Harlem,61.5,4,tag,0,40.8226184,block,-73.9437945,0.0,yes,271873022,,way,10030,12.4,0.938,2040.38,4712.49
35 Bradhurst Avenue,0.988,1061118,39330,,0.9,Harlem,62.6,5,tag,0,40.8226604,block,-73.9437587,0.0,yes,271873025,,way,10030,12.5,0.932,2043.39,4717.13
37 Bradhurst Avenue,0.988,1061117,39331,,0.9,Harlem,61.7,5,tag,0,40.8227021,block,-73.9437221,0.0,yes,271873026,,way,10030,11.5,0.934,2046.48,4721.74
43 Bradhurst Avenue,0.989,1061114,39334,,0.9,Harlem,60.2,5,tag,0,40.8228239,block,-73.9436065,0.0,yes,271873029,,way,10030,12.5,0.931,2056.23,4735.21
47 Bradhurst Avenue,0.988,1061112,39336,,0.9,Harlem,61.8,5,tag,0,40.8229041,block,-73.94353,0.0,yes,271873031,,way,10030,12.5,0.933,2062.68,4744.08
51 Bradhurst Avenue,0.987,1061110,39338,,0.9,Harlem,63.8,5,tag,0,40.822986,block,-73.9434537,0.0,yes,271873033,,way,10030,11.7,0.932,2069.1,4753.14
,0.989,1087006,39348,,0.9,Harlem,36.4,5,tag,0,40.8222139,block,-73.9441265,0.0,yes,271873048,,way,,3.0,0.936,2012.4,4667.75
,0.635,1060399,39412,,25.7,Harlem,190.3,16,tag,0,40.8194126,block,-73.9431008,0.0,yes,271873832,,way,,19.0,0.622,2098.86,4358.01
,0.737,1060399,39413,,17.3,Harlem,190.9,18,tag,0,40.8194486,block,-73.9431894,0.0,yes,271873833,,way,,18.5,0.684,2091.39,4361.99
104 Edgecombe Avenue,0.989,1060699,39417,,0.9,Harlem,84.1,6,tag,0,40.8197144,block,-73.9457238,0.0,yes,271873931,,way,10030,13.5,0.93,1877.75,4391.38
106 Edgecombe Avenue,0.989,1060728,39418,,0.9,Harlem,82.6,6,tag,0,40.819751,block,-73.945697,0.0,yes,271873932,,way,10030,13.5,0.944,1880.01,4395.42
108 Edgecombe Avenue,0.989,1060700,39419,,0.9,Harlem,85.6,6,tag,0,40.819792,block,-73.9456665,0.0,yes,271873933,,way,10030,13.5,0.929,1882.59,4399.96
110 Edgecombe Avenue,0.988,1060735,39420,,0.9,Harlem,84.2,6,tag,0,40.8198293,block,-73.9456397,0.0,yes,271873934,,way,10030,13.2,0.944,1884.84,4404.08
114 Edgecombe Avenue,0.843,1060735,39422,,9.3,Harlem,93.2,7,tag,0,40.8199093,block,-73.9455826,0.0,yes,271873936,,way,10030,14.6,0.791,1889.66,4412.93
202 West 140th Street,0.694,1060374,39423,,6.2,Harlem,233.4,12,tag,0,40.8185685,block,-73.9421255,0.0,yes,271873937,,way,10030,20.0,0.683,2181.07,4264.67
229 West 139th Street,0.989,1060361,39450,,0.9,Harlem,86.8,4,tag,0,40.818583,block,-73.9431094,0.0,yes,271873964,,way,10030,13.4,0.93,2098.13,4266.28
231 West 139th Street,0.989,1060391,39452,,0.9,Harlem,86.0,4,tag,0,40.8186071,block,-73.9431667,0.0,yes,271873966,,way,10030,13.8,0.934,2093.3,4268.94
239 West 139th Street,0.988,1075490,39456,,0.9,Harlem,86.3,4,tag,0,40.8187049,block,-73.943399,0.0,yes,271873971,,way,10030,13.5,0.932,2073.72,4279.75
241 West 139th Street,0.989,1060357,39457,,0.9,Harlem,87.1,4,tag,0,40.818729,block,-73.9434565,0.0,yes,271873972,,way,10030,13.4,0.934,2068.87,4282.42
261 West 139th Street,0.988,1060349,39467,,0.9,Harlem,91.3,4,tag,0,40.8190149,block,-73.9441346,0.0,yes,271873982,,way,10030,13.3,0.93,2011.72,4314.03
302 West 140th Street,0.988,1060715,39475,,0.9,Harlem,73.7,6,tag,0,40.8197382,block,-73.9448345,0.0,yes,271873990,,way,10030,11.9,0.932,1952.72,4394.01
304 West 140th Street,0.989,1060716,39477,,0.9,Harlem,73.1,4,tag,0,40.8197555,block,-73.9448857,0.0,yes,271873992,,way,10030,12.0,0.944,1948.4,4395.93
308 West 140th Street,0.989,1060717,39481,,0.9,Harlem,69.9,4,tag,0,40.819795,block,-73.9449795,0.0,yes,271873996,,way,10030,12.6,0.936,1940.5,4400.3
310 West 140th Street,0.989,1060718,39483,,0.9,Harlem,71.9,4,tag,0,40.8198152,block,-73.9450272,0.0,yes,271873998,,way,10030,12.0,0.937,1936.47,4402.53
312 West 140th Street,0.989,1060733,39485,,0.9,Harlem,68.9,4,tag,0,40.8198352,block,-73.9450747,0.0,yes,271874000,,way,10030,12.0,0.931,1932.47,4404.74
314 West 140th Street,0.988,1060719,39487,,0.9,Harlem,70.2,4,tag,0,40.8198549,block,-73.9451217,0.0,yes,271874002,,way,10030,12.0,0.942,1928.51,4406.92
316 West 140th Street,0.989,1060720,39489,,0.9,Harlem,70.2,4,tag,0,40.8198749,block,-73.945169,0.0,yes,271874004,,way,10030,12.0,0.95,1924.51,4409.13
318 West 140th Street,0.989,1060734,39491,,0.9,Harlem,68.8,4,tag,0,40.8198947,block,-73.9452159,0.0,yes,271874006,,way,10030,12.0,0.942,1920.56,4411.32
320 West 140th Street,0.989,1060721,39493,,0.9,Harlem,70.1,4,tag,0,40.8199144,block,-73.9452628,0.0,yes,271874008,,way,10030,12.0,0.943,1916.61,4413.49
322 West 140th Street,0.987,1060722,39495,,0.9,Harlem,72.6,5,tag,0,40.8199347,block,-73.945311,0.0,yes,271874010,,way,10030,12.0,0.933,1912.55,4415.74
,0.989,1089136,39512,,0.9,Harlem,26.7,4,tag,0,40.8187079,block,-73.9430882,0.0,yes,271874027,,way,,3.6,0.933,2099.92,4280.09
2860 Frederick Douglass Boulevard,0.452,1083117,39541,,11.9,Harlem,105.4,4,tag,0,40.8274859,block,-73.9381891,0.0,yes,271874436,,way,10039,22.0,0.406,2512.88,5250.7
,0.595,1083117,39564,,13.9,Harlem,469.5,5,tag,0,40.8272606,block,-73.9382677,0.0,yes,271874488,,way,,26.6,0.579,2506.26,5225.79
,0.515,1060884,39600,,28.0,Harlem,289.3,9,tag,0,40.8278861,block,-73.9386257,0.0,yes,271875910,,way,,21.1,0.472,2476.08,5294.96
,0.617,1060874,39602,,24.4,Harlem,248.0,12,tag,0,40.8276817,block,-73.9387522,0.0,yes,271875916,,way,,19.7,0.559,2465.42,5272.36
722 Saint Nicholas Avenue,0.989,1061143,39663,,0.9,Harlem,83.8,4,tag,0,40.8247471,block,-73.9439178,0.0,yes,271877814,,way,10031,14.1,0.935,2029.98,4947.87
724 Saint Nicholas Avenue,0.989,1061142,39664,,0.9,Harlem,83.2,4,tag,0,40.8247921,block,-73.943885,0.0,yes,271877816,,way,10031,14.1,0.936,2032.75,4952.85
191 Edgecombe Avenue,0.989,1061073,39703,,0.9,Harlem,77.8,4,tag,0,40.82248,block,-73.9446645,0.0,yes,271878881,,way,10030,12.3,0.937,1967.04,4697.19
344 West 145th Street,0.988,1061058,39719,,1.0,Harlem,67.6,4,tag,0,40.8235799,block,-73.9442176,0.0,yes,271878914,,way,10030,14.4,0.934,2004.71,4818.8
346 West 145th Street,0.988,1061057,39720,,0.9,Harlem,64.8,4,tag,0,40.8236024,block,-73.9442684,0.0,yes,271878916,,way,10030,14.4,0.934,2000.43,4821.29
348 West 145th Street,0.989,1061056,39722,,0.9,Harlem,64.9,4,tag,0,40.8236221,block,-73.9443194,0.0,yes,271878921,,way,10030,14.4,0.947,1996.14,4823.47
350 West 145th Street,0.988,1061055,39723,,0.9,Harlem,63.4,4,tag,0,40.8236429,block,-73.9443691,0.0,yes,271878923,,way,10030,15.2,0.937,1991.95,4825.77
125 Edgecombe Avenue,0.723,1060913,39740,,16.2,Harlem,150.8,14,tag,0,40.8207539,block,-73.945552,0.0,yes,271879563,,way,10030,17.0,0.686,1892.24,4506.32
604 Saint Nicholas Avenue,0.883,1060919,39742,,6.9,Harlem,103.7,6,tag,0,40.8206204,block,-73.9460679,0.0,yes,271879565,,way,10030,18.3,0.845,1848.74,4491.56
612 Saint Nicholas Avenue,0.988,1060924,39746,,0.9,Harlem,111.3,6,tag,0,40.8208039,block,-73.9459654,0.0,yes,271879569,,way,10030,18.4,0.932,1857.38,4511.85
616 Saint Nicholas Avenue,0.988,1060923,39748,,0.9,Harlem,118.3,6,tag,0,40.8208963,block,-73.9459177,0.0,yes,271879571,,way,10030,19.0,0.931,1861.41,4522.06
618 Saint Nicholas Avenue,0.989,1060915,39749,,0.9,Harlem,119.2,6,tag,0,40.8209455,block,-73.9458887,0.0,yes,271879572,,way,10030,19.0,0.933,1863.85,4527.51
51 Saint Nicholas Place,0.988,1061621,39764,,0.9,Harlem,93.6,8,tag,0,40.8289041,block,-73.9415396,0.0,yes,271879953,,way,10031,14.1,0.936,2230.45,5407.52
53 Saint Nicholas Place,0.988,1061622,39765,,0.9,Harlem,95.1,8,tag,0,40.8289473,block,-73.9415082,0.0,yes,271879954,,way,10031,14.1,0.935,2233.1,5412.3
55 Saint Nicholas Place,0.989,1061623,39766,,0.9,Harlem,92.3,8,tag,0,40.8289864,block,-73.9414801,0.0,yes,271879955,,way,10031,14.1,0.936,2235.47,5416.62
405 West 147th Street,0.989,1061449,39796,,0.9,Harlem,74.5,4,tag,0,40.8256247,block,-73.9440554,0.0,yes,271880313,,way,10031,12.8,0.934,2018.39,5044.91
406 West 149th Street,0.989,1061519,39798,,0.9,Harlem,105.4,6,tag,0,40.8267118,block,-73.9437097,0.0,yes,271880317,,way,10031,14.0,0.932,2047.53,5165.11
407 West 147th Street,0.988,1061477,39799,,0.9,Harlem,75.4,4,tag,0,40.8256464,block,-73.9441068,0.0,yes,271880319,,way,10031,12.8,0.94,2014.06,5047.31
409 West 147th Street,0.988,1061448,39803,,0.9,Harlem,76.3,6,tag,0,40.8256649,block,-73.9441603,0.0,yes,271880329,,way,10031,12.8,0.94,2009.55,5049.35
413 Convent Avenue,0.988,1061482,39811,,0.9,Harlem,110.0,6,tag,0,40.8262355,block,-73.9447788,0.0,yes,271880346,,way,10031,14.5,0.938,1957.41,5112.45
413 West 147th Street,0.989,1061447,39812,,0.9,Harlem,83.5,4,tag,0,40.8257173,block,-73.9442483,0.0,yes,271880348,,way,10031,13.2,0.938,2002.13,5055.14
417 Convent Avenue,0.989,1061481,39820,,0.9,Harlem,105.9,6,tag,0,40.8263321,block,-73.9447083,0.0,yes,271880362,,way,10031,13.8,0.93,1963.35,5123.13
417 West 147th Street,0.989,1061475,39821,,0.9,Harlem,76.6,4,tag,0,40.8257564,block,-73.9443408,0.0,yes,271880365,,way,10031,13.2,0.936,1994.33,5059.47
418 West 150th Street,0.988,1061565,39823,,0.9,Harlem,81.8,4,tag,0,40.8275027,block,-73.9436081,0.0,yes,271880369,,way,10031,13.2,0.94,2056.09,5252.56
420 West 150th Street,0.989,1061553,39826,,0.9,Harlem,78.9,4,tag,0,40.8275247,block,-73.9436608,0.0,yes,271880375,,way,10031,13.4,0.931,2051.65,5254.99
422 West 150th Street,0.989,1061566,39829,,0.9,Harlem,79.1,4,tag,0,40.8275463,block,-73.9437126,0.0,yes,271880382,,way,10031,13.1,0.944,2047.28,5257.38
425 West 147th Street,0.988,1061443,39833,,0.9,Harlem,105.9,8,tag,0,40.825851,block,-73.9445547,0.0,yes,271880393,,way,10031,14.0,0.932,1976.3,5069.93
427 Convent Avenue,0.988,1061498,39834,,0.9,Harlem,83.9,4,tag,0,40.8266939,block,-73.944442,0.0,yes,271880395,,way,10031,13.9,0.94,1985.8,5163.13
429 Convent Avenue,0.989,1061497,39836,,0.9,Harlem,82.9,4,tag,0,40.8267326,block,-73.9444126,0.0,yes,271880399,,way,10031,14.1,0.942,1988.27,5167.4
431 Convent Avenue,0.989,1061496,39838,,0.9,Harlem,80.4,5,tag,0,40.8267704,block,-73.9443839,0.0,yes,271880404,,way,10031,14.2,0.936,1990.7,5171.59
435 West 147th Street,0.975,1061472,39840,,0.5,Harlem,68.0,4,tag,0,40.8259652,block,-73.9448362,0.0,yes,271880410,,way,10031,15.3,0.937,1952.57,5082.55
437 West 147th Street,0.974,1061440,39841,,0.6,Harlem,67.9,4,tag,0,40.8259805,block,-73.9448763,0.0,yes,271880412,,way,10031,15.4,0.932,1949.19,5084.25
455 Convent Avenue,0.988,1079809,39845,,0.9,Harlem,58.0,4,tag,0,40.8275678,block,-73.9438567,0.0,yes,271880419,,way,10031,14.6,0.947,2035.14,5259.76
457 Convent Avenue,0.988,1079827,39846,,0.9,Harlem,60.0,4,tag,0,40.8276063,block,-73.9438288,0.0,yes,271880421,,way,10031,14.7,0.934,2037.49,5264.02
749 Saint Nicholas Avenue,0.988,1061452,39849,,0.9,Harlem,107.2,6,tag,0,40.8258088,block,-73.9438188,0.0,yes,271880428,,way,10031,17.6,0.936,2038.33,5065.26
753 1/2 Saint Nicholas Avenue,0.812,1061453,39851,,7.5,Harlem,80.3,4,tag,0,40.8259219,block,-73.9437386,0.0,yes,271880431,,way,10031,5.1,0.765,2045.1,5077.77
767 Saint Nicholas Avenue,0.989,1061514,39857,,0.9,Harlem,121.3,10,tag,0,40.826432,block,-73.9434577,0.0,yes,271880446,,way,10031,17.1,0.933,2068.77,5134.17
773 Saint Nicholas Avenue,0.92,1061516,39860,,5.7,Harlem,118.2,9,tag,0,40.8265968,block,-73.9433913,0.0,yes,271880453,,way,10031,16.3,0.874,2074.37,5152.4
787 Saint Nicholas Avenue,0.989,1061546,39863,,0.9,Harlem,108.3,4,tag,0,40.8270167,block,-73.9432059,0.0,yes,271880460,,way,10031,13.9,0.93,2089.99,5198.82
458 West 153rd Street,0.989,1061635,39926,,0.9,Harlem,81.8,4,tag,0,40.8297936,block,-73.9432445,0.0,yes,271882075,,way,10031,12.6,0.938,2086.74,5505.88
460 West 153rd Street,0.988,1061636,39930,,0.9,Harlem,79.8,4,tag,0,40.8298159,block,-73.9432981,0.0,yes,271882079,,way,10031,13.0,0.932,2082.22,5508.34
465 West 153rd Street,0.989,1061655,39938,,0.9,Harlem,109.8,8,tag,0,40.8301916,block,-73.9432499,0.0,yes,271882087,,way,10032,13.7,0.934,2086.29,5549.88
875 Saint Nicholas Avenue,0.988,1061664,39957,,0.9,Harlem,122.4,7,tag,0,40.8300876,block,-73.9420057,0.0,yes,271882106,,way,10032,14.9,0.934,2191.17,5538.39
412 Convent Avenue,0.989,1061462,39981,,0.9,Harlem,75.4,4,tag,0,40.826448,block,-73.9451934,0.0,yes,271882671,,way,10031,13.1,0.935,1922.46,5135.94
414 Convent Avenue,0.988,1061463,39982,,0.9,Harlem,76.1,4,tag,0,40.8264859,block,-73.9451667,0.0,yes,271882672,,way,10031,13.0,0.947,1924.71,5140.13
416 Convent Avenue,0.988,1061464,39983,,0.9,Harlem,79.1,4,tag,0,40.8265247,block,-73.9451392,0.0,yes,271882673,,way,10031,13.0,0.932,1927.03,5144.42
422 Convent Avenue,0.989,1061533,39984,,0.9,Harlem,75.9,4,tag,0,40.8267976,block,-73.9449405,0.0,yes,271882674,,way,10031,13.7,0.929,1943.78,5174.6
424 Convent Avenue,0.988,1061494,39985,,0.9,Harlem,76.5,4,tag,0,40.8268358,block,-73.9449124,0.0,yes,271882675,,way,10031,13.3,0.946,1946.15,5178.83
426 Convent Avenue,0.988,1061534,39986,,0.9,Harlem,79.5,4,tag,0,40.826875,block,-73.9448836,0.0,yes,271882676,,way,10031,13.3,0.93,1948.57,5183.16
453 West 148th Street,0.867,1061532,39990,,6.9,Harlem,79.4,4,tag,0,40.8268713,block,-73.9451068,0.0,yes,271882680,,way,10031,16.7,0.867,1929.76,5182.75
457 West 148th Street,0.989,1061491,39996,,0.9,Harlem,89.4,6,tag,0,40.8269323,block,-73.9452119,0.0,yes,271882686,,way,10031,13.1,0.942,1920.9,5189.49
461 West 147th Street,0.989,1087859,40002,,0.9,Harlem,73.9,4,tag,0,40.826354,block,-73.9458181,0.0,yes,271882692,,way,10031,11.6,0.933,1869.81,5125.55
350 Convent Avenue,0.989,1061315,40034,,0.9,Harlem,105.5,7,tag,0,40.8244611,block,-73.9466631,0.0,yes,271883285,,way,10031,13.6,0.934,1798.57,4916.24
354 Convent Avenue,0.989,1061333,40036,,0.9,Harlem,103.9,8,tag,0,40.824554,block,-73.9465932,0.0,yes,271883288,,way,10031,12.7,0.935,1804.47,4926.51
387 Convent Avenue,0.989,1061382,40040,,0.9,Harlem,53.0,4,tag,0,40.8254587,block,-73.9453966,0.0,yes,271883295,,way,10031,14.2,0.934,1905.33,5026.55
404 West 146th Street,0.989,1061354,40045,,0.9,Harlem,111.0,6,tag,0,40.824782,block,-73.9449591,0.0,yes,271883303,,way,10031,14.1,0.932,1942.21,4951.73
406 West 147th Street,0.988,1061401,40048,,1.0,Harlem,100.8,9,tag,0,40.8254121,block,-73.9445129,0.0,yes,271883309,,way,10031,14.6,0.93,1979.82,5021.39
408 West 146th Street,0.989,1061355,40051,,0.9,Harlem,109.7,6,tag,0,40.8248334,block,-73.9450807,0.0,yes,271883315,,way,10031,13.7,0.936,1931.96,4957.41
413 West 146th Street,0.988,1061392,40061,,0.9,Harlem,86.0,5,tag,0,40.825143,block,-73.9448505,0.0,yes,271883344,,way,10031,12.4,0.937,1951.37,4991.65
417 West 145th Street,0.988,1061345,40068,,0.9,Harlem,83.7,4,tag,0,40.8246223,block,-73.9455559,0.0,yes,271883360,,way,10031,14.0,0.931,1891.9,4934.07
417 West 146th Street,0.989,1061391,40069,,0.9,Harlem,60.3,4,tag,0,40.8251795,block,-73.9449357,0.0,yes,271883362,,way,10031,15.5,0.946,1944.19,4995.67
419 West 146th Street,0.989,1061423,40073,,0.9,Harlem,60.1,4,tag,0,40.8251955,block,-73.9449738,0.0,yes,271883369,,way,10031,15.6,0.959,1940.97,4997.45
421 West 146th Street,0.988,1061390,40077,,0.9,Harlem,63.0,4,tag,0,40.825212,block,-73.9450128,0.0,yes,271883376,,way,10031,15.6,0.939,1937.68,4999.27
423 West 146th Street,0.989,1061422,40079,,0.9,Harlem,70.8,4,tag,0,40.8252299,block,-73.9450552,0.0,yes,271883380,,way,10031,15.9,0.937,1934.11,5001.25
425 West 146th Street,0.989,1061389,40082,,0.9,Harlem,71.2,4,tag,0,40.8252489,block,-73.9451002,0.0,yes,271883385,,way,10031,16.2,0.95,1930.32,5003.35
426 West 147th Street,0.922,1061409,40083,,0.9,Harlem,95.1,4,tag,0,40.8256765,block,-73.9451069,0.0,yes,271883386,,way,10031,14.9,0.911,1929.76,5050.63
427 West 146th Street,0.988,1061421,40084,,0.9,Harlem,70.1,4,tag,0,40.8252678,block,-73.9451449,0.0,yes,271883388,,way,10031,16.0,0.946,1926.55,5005.45
429 West 146th Street,0.989,1061388,40086,,0.9,Harlem,71.2,4,tag,0,40.8252867,block,-73.9451897,0.0,yes,271883391,,way,10031,15.9,0.946,1922.77,5007.53
431 West 146th Street,0.988,1061387,40087,,0.9,Harlem,70.3,4,tag,0,40.8253056,block,-73.9452345,0.0,yes,271883393,,way,10031,16.1,0.947,1919.0,5009.62
433 West 146th Street,0.989,1061420,40088,,0.9,Harlem,72.5,4,tag,0,40.8253247,block,-73.9452797,0.0,yes,271883395,,way,10031,16.1,0.939,1915.19,5011.73
450 West 145th Street,0.988,1061334,40090,,0.9,Harlem,77.3,4,tag,0,40.8246431,block,-73.9468059,0.0,yes,271883398,,way,10031,13.2,0.934,1786.53,4936.36
452 West 145th Street,0.988,1061318,40091,,0.9,Harlem,77.2,4,tag,0,40.8246639,block,-73.9468557,0.0,yes,271883400,,way,10031,12.7,0.946,1782.34,4938.66
460 West 145th Street,0.989,1061336,40102,,0.9,Harlem,78.3,4,tag,0,40.824746,block,-73.9470519,0.0,yes,271883421,,way,10031,13.4,0.933,1765.8,4947.74
461 West 144th Street,0.988,1061307,40104,,0.9,Harlem,102.9,4,tag,0,40.8244452,block,-73.9472825,0.0,yes,271883425,,way,10031,16.3,0.929,1746.36,4914.48
462 West 145th Street,0.989,1061321,40105,,0.9,Harlem,78.3,4,tag,0,40.8247671,block,-73.9471023,0.0,yes,271883426,,way,10031,13.0,0.947,1761.55,4950.08
464 West 145th Street,0.988,1061322,40108,,0.9,Harlem,79.9,4,tag,0,40.8247884,block,-73.9471532,0.0,yes,271883432,,way,10031,13.4,0.937,1757.26,4952.43
464 West 146th Street,0.989,1061366,40109,,0.9,Harlem,118.0,8,tag,0,40.8253711,block,-73.946345,0.0,apartments,271883433,,way,10031,14.5,0.93,1825.39,5016.86
470 West 145th Street,0.988,1061324,40117,,1.0,Harlem,98.3,7,tag,0,40.8248475,block,-73.9473211,0.0,yes,271883447,,way,10031,13.0,0.935,1743.11,4958.97
472 West 145th Street,0.988,1061338,40120,,1.0,Harlem,90.8,7,tag,0,40.8248717,block,-73.9473751,0.0,yes,271883453,,way,10031,14.7,0.935,1738.56,4961.64
473 West 144th Street,0.989,1061302,40121,,0.9,Harlem,97.2,7,tag,0,40.8245843,block,-73.9476367,0.0,yes,271883454,,way,10031,14.0,0.932,1716.51,4929.86
474 West 145th Street,0.988,1061325,40123,,1.0,Harlem,90.9,7,tag,0,40.8248927,block,-73.9474225,0.0,yes,271883458,,way,10031,14.3,0.948,1734.56,4963.97
737 Saint Nicholas Avenue,0.989,1061399,40138,,0.9,Harlem,98.4,6,tag,0,40.8253043,block,-73.9441952,0.0,yes,271883484,,way,10031,12.4,0.941,2006.6,5009.47
,0.729,1088902,40154,,13.8,Harlem,66.1,5,tag,0,40.8259539,block,-73.9463744,0.0,yes,271883513,,way,,3.0,0.708,1822.91,5081.31
10 Hamilton Terrace,0.988,1060979,40158,,0.9,Harlem,102.6,6,tag,0,40.8223573,block,-73.947085,0.0,yes,271885449,,way,10031,12.4,0.941,1763.01,4683.62
11 Hamilton Terrace,0.988,1060986,40159,,0.9,Harlem,73.1,5,tag,0,40.8220335,block,-73.9468135,0.0,yes,271885451,,way,10031,10.8,0.935,1785.89,4647.81
14 Hamilton Terrace,0.988,1060978,40161,,0.9,Harlem,99.4,6,tag,0,40.8224323,block,-73.9470284,0.0,yes,271885453,,way,10031,12.5,0.931,1767.78,4691.91
16 Hamilton Terrace,0.988,1061024,40162,,0.9,Harlem,104.4,8,tag,0,40.8224688,block,-73.9470031,0.0,yes,271885454,,way,10031,12.4,0.931,1769.91,4695.94
18 Hamilton Terrace,0.988,1060977,40163,,1.0,Harlem,99.4,6,tag,0,40.822511,block,-73.946971,0.0,yes,271885455,,way,10031,12.5,0.929,1772.62,4700.61
20 Hamilton Terrace,0.988,1060976,40165,,1.0,Harlem,97.8,6,tag,0,40.8225463,block,-73.9469471,0.0,yes,271885457,,way,10031,12.3,0.948,1774.64,4704.51
22 Hamilton Terrace,0.988,1061023,40167,,0.9,Harlem,100.8,6,tag,0,40.8225871,block,-73.9469173,0.0,yes,271885459,,way,10031,12.5,0.932,1777.15,4709.03
24 Hamilton Terrace,0.988,1060975,40169,,1.0,Harlem,102.7,6,tag,0,40.8226227,block,-73.9468909,0.0,yes,271885461,,way,10031,12.2,0.945,1779.38,4712.96
26 Hamilton Terrace,0.988,1060974,40171,,0.9,Harlem,100.7,6,tag,0,40.8226648,block,-73.9468596,0.0,yes,271885463,,way,10031,12.4,0.935,1782.01,4717.62
28 Hamilton Terrace,0.988,1061022,40173,,1.0,Harlem,97.1,6,tag,0,40.8226999,block,-73.9468351,0.0,yes,271885465,,way,10031,12.5,0.939,1784.07,4721.5
29 Hamilton Terrace,0.989,1061034,40175,,0.9,Harlem,93.9,6,tag,0,40.8224156,block,-73.9464814,0.0,yes,271885467,,way,10031,14.0,0.939,1813.89,4690.07
31 Hamilton Terrace,0.988,1060991,40180,,0.9,Harlem,95.4,6,tag,0,40.8224581,block,-73.9464509,0.0,yes,271885472,,way,10031,13.7,0.936,1816.46,4694.76
325 Convent Avenue,0.989,1060937,40189,,0.9,Harlem,101.8,7,tag,0,40.8234337,block,-73.9467584,0.0,yes,271885483,,way,10031,15.9,0.932,1790.54,4802.64
333 Convent Avenue,0.989,1060941,40194,,0.9,Harlem,100.1,4,tag,0,40.8236267,block,-73.9466197,0.0,yes,271885488,,way,10031,16.2,0.929,1802.24,4823.98
349 Convent Avenue,0.989,1060947,40200,,0.9,Harlem,97.9,6,tag,0,40.8241526,block,-73.9462331,0.0,yes,271885494,,way,10031,18.5,0.93,1834.82,4882.12
36 Hamilton Terrace,0.988,1061021,40202,,0.9,Harlem,97.5,6,tag,0,40.822861,block,-73.9466909,0.0,yes,271885496,,way,10031,13.0,0.936,1796.23,4739.31
38 Hamilton Terrace,0.989,1060970,40204,,0.9,Harlem,98.6,7,tag,0,40.822909,block,-73.9466556,0.0,yes,271885500,,way,10031,13.0,0.929,1799.2,4744.62
404 West 145th Street,0.988,1060953,40211,,0.9,Harlem,95.8,8,tag,0,40.8240808,block,-73.9455144,0.0,yes,271885507,,way,10031,14.0,0.939,1895.4,4874.19
406 West 145th Street,0.988,1061008,40212,,0.9,Harlem,96.0,8,tag,0,40.8241,block,-73.9455596,0.0,yes,271885508,,way,10031,14.4,0.952,1891.6,4876.31
408 West 145th Street,0.989,1060952,40213,,0.9,Harlem,94.1,8,tag,0,40.8241218,block,-73.9456125,0.0,yes,271885509,,way,10031,14.8,0.935,1887.13,4878.72
412 West 145th Street,0.989,1060951,40217,,0.9,Harlem,83.7,6,tag,0,40.8241773,block,-73.9457021,0.0,yes,271885513,,way,10031,14.8,0.934,1879.58,4884.87
414 West 145th Street,0.989,1060950,40220,,0.9,Harlem,84.1,6,tag,0,40.824199,block,-73.9457488,0.0,yes,271885516,,way,10031,14.8,0.948,1875.65,4887.26
415 West 141st Street,0.988,1061027,40221,,0.9,Harlem,76.8,4,tag,0,40.8216996,block,-73.9466552,0.0,yes,271885517,,way,10031,12.4,0.934,1799.24,4610.89
415 West 144th Street,0.988,1061011,40222,,0.9,Harlem,100.7,6,tag,0,40.8237909,block,-73.9457803,0.0,yes,271885518,,way,10031,14.6,0.931,1872.99,4842.13
416 West 145th Street,0.989,1061005,40223,,0.9,Harlem,81.8,6,tag,0,40.8242198,block,-73.9458025,0.0,yes,271885519,,way,10031,14.5,0.931,1871.11,4889.57
417 West 141st Street,0.989,1061028,40224,,0.9,Harlem,77.6,4,tag,0,40.8217214,block,-73.9467069,0.0,yes,271885520,,way,10031,13.0,0.94,1794.88,4613.3
417 West 144th Street,0.988,1060955,40225,,0.9,Harlem,100.2,6,tag,0,40.8238122,block,-73.9458368,0.0,yes,271885521,,way,10031,14.4,0.939,1868.23,4844.49
418 West 144th Street,0.988,1060960,40226,,0.9,Harlem,87.0,6,tag,0,40.8235602,block,-73.946158,0.0,yes,271885522,,way,10031,14.4,0.931,1841.15,4816.62
419 West 141st Street,0.989,1061029,40228,,0.9,Harlem,79.1,4,tag,0,40.8217435,block,-73.9467595,0.0,yes,271885524,,way,10031,12.7,0.936,1790.45,4615.75
42 Hamilton Terrace,0.988,1061020,40230,,0.9,Harlem,87.3,6,tag,0,40.8229921,block,-73.9465978,0.0,yes,271885526,,way,10031,13.5,0.933,1804.08,4753.81
420 West 144th Street,0.989,1061016,40231,,0.9,Harlem,84.5,6,tag,0,40.823581,block,-73.9462063,0.0,yes,271885527,,way,10031,14.3,0.937,1837.08,4818.92
421 West 141st Street,0.988,1061030,40232,,0.9,Harlem,80.8,4,tag,0,40.8217641,block,-73.9468145,0.0,yes,271885528,,way,10031,12.0,0.933,1785.81,4618.03
422 West 144th Street,0.988,1060959,40234,,0.9,Harlem,82.6,6,tag,0,40.8236032,block,-73.9462594,0.0,yes,271885530,,way,10031,14.3,0.936,1832.61,4821.39
424 West 144th Street,0.989,1061015,40237,,0.9,Harlem,82.9,6,tag,0,40.8236228,block,-73.9463064,0.0,yes,271885533,,way,10031,14.3,0.95,1828.64,4823.54
43 Hamilton Terrace,0.988,1061036,40241,,0.9,Harlem,95.6,6,tag,0,40.8227271,block,-73.9462536,0.0,yes,271885537,,way,10031,14.7,0.932,1833.09,4724.5
456 West 141st Street,0.988,1061206,40249,,1.0,Harlem,138.7,7,tag,0,40.8221777,block,-73.948771,0.0,yes,271885545,,way,10031,14.1,0.939,1620.89,4663.75
459 West 140th Street,0.989,1061200,40252,,0.9,Harlem,126.5,7,tag,0,40.8219129,block,-73.9490259,0.0,yes,271885548,,way,10031,15.5,0.939,1599.4,4634.47
460 West 141st Street,0.988,1061219,40254,,0.9,Harlem,123.5,7,tag,0,40.8222307,block,-73.9488876,0.0,yes,271885550,,way,10031,14.3,0.941,1611.06,4669.62
469 West 140th Street,0.988,1061197,40263,,1.0,Harlem,109.1,9,tag,0,40.8220262,block,-73.9493121,0.0,yes,271885559,,way,10031,12.5,0.933,1575.28,4647.01
47 Hamilton Terrace,0.988,1060997,40264,,0.9,Harlem,97.5,6,tag,0,40.822819,block,-73.9461869,0.0,yes,271885561,,way,10031,14.9,0.934,1838.72,4734.66
472 West 141st Street,0.987,1061212,40267,,1.0,Harlem,121.5,7,tag,0,40.8223771,block,-73.9492257,0.0,yes,271885565,,way,10031,13.9,0.933,1582.56,4685.81
473 West 140th Street,0.989,1061195,40268,,0.9,Harlem,108.9,10,tag,0,40.8220737,block,-73.9494286,0.0,yes,271885566,,way,10031,12.5,0.935,1565.46,4652.26
6 Hamilton Terrace,0.988,1061026,40281,,0.9,Harlem,102.8,6,tag,0,40.8222787,block,-73.9471409,0.0,yes,271885579,,way,10031,12.5,0.931,1758.3,4674.93
8 Hamilton Terrace,0.988,1060980,40291,,1.0,Harlem,102.1,6,tag,0,40.8223151,block,-73.9471154,0.0,yes,271885589,,way,10031,12.2,0.949,1760.45,4678.95
10 Convent Avenue,0.989,1059577,40392,,0.9,East Harlem,68.0,5,tag,0,40.8131177,block,-73.953327,0.0,yes,271893676,,way,10027,13.5,0.935,1236.85,3661.96
12 Convent Avenue,0.988,1059578,40393,,0.9,East Harlem,67.2,5,tag,0,40.8131734,block,-73.9533259,0.0,yes,271893677,,way,10027,13.2,0.931,1236.94,3668.11
14 Convent Avenue,0.989,1059579,40398,,0.9,East Harlem,67.8,6,tag,0,40.8132287,block,-73.9533245,0.0,yes,271893682,,way,10027,14.1,0.932,1237.06,3674.23
,0.543,1059605,40464,,11.5,East Harlem,208.1,9,tag,0,40.8150808,block,-73.9546164,0.0,yes,271893762,,way,,18.0,0.516,1128.15,3879.02
3684 Broadway,0.989,1062254,40481,,0.9,Harlem,82.0,4,tag,0,40.8308835,block,-73.9467764,0.0,yes,271896195,,way,10031,13.5,0.93,1789.02,5626.39
3686 Broadway,0.988,1062214,40482,,0.9,Harlem,80.4,4,tag,0,40.8309234,block,-73.9467474,0.0,yes,271896196,,way,10031,13.4,0.938,1791.47,5630.81
3688 Broadway,0.988,1062215,40483,,0.9,Harlem,81.4,4,tag,0,40.8309633,block,-73.9467185,0.0,yes,271896197,,way,10031,13.4,0.942,1793.9,5635.21
3690 Broadway,0.989,1062255,40484,,0.9,Harlem,83.6,5,tag,0,40.8310005,block,-73.9466847,0.0,yes,271896198,,way,10031,13.7,0.934,1796.75,5639.33
507 West 152nd Street,0.989,1062261,40490,,0.9,Harlem,75.0,4,tag,0,40.8300886,block,-73.9449916,0.0,yes,271896208,,way,10031,13.1,0.934,1939.47,5538.5
509 West 152nd Street,0.988,1062232,40492,,0.9,Harlem,75.3,4,tag,0,40.8301087,block,-73.9450396,0.0,yes,271896214,,way,10031,13.4,0.948,1935.43,5540.72
515 West 152nd Street,0.989,1062230,40497,,0.9,Harlem,81.8,5,tag,0,40.8301678,block,-73.9451865,0.0,yes,271896223,,way,10031,13.4,0.935,1923.04,5547.26
537 West 152nd Street,0.989,1062222,40515,,0.9,Harlem,87.3,7,tag,0,40.8305217,block,-73.9459803,0.0,yes,271896245,,way,10031,11.9,0.94,1856.13,5586.39
545 West 152nd Street,0.989,1062258,40519,,0.9,Harlem,83.0,4,tag,0,40.8306383,block,-73.9462733,0.0,yes,271896256,,way,10031,12.5,0.932,1831.43,5599.28
547 West 152nd Street,0.989,1062220,40520,,0.9,Harlem,82.8,4,tag,0,40.8306592,block,-73.9463232,0.0,yes,271896259,,way,10031,12.9,0.946,1827.22,5601.59
553 West 152nd Street,0.988,1062218,40523,,0.9,Harlem,77.4,5,tag,0,40.8307175,block,-73.9464663,0.0,yes,271896266,,way,10031,13.1,0.935,1815.16,5608.04
,0.948,1089157,40543,,1.0,Harlem,26.9,4,zone_model,0,40.8332614,block,-73.9490033,0.0,yes,271896303,,way,,16.49,0.939,1601.31,5889.32
590 West 152nd Street,0.944,1062206,40581,,1.6,Harlem,83.6,4,tag,0,40.8304985,block,-73.9468614,0.0,yes,271897028,,way,10031,13.1,0.929,1781.86,5583.82
596 West 152nd Street,0.989,1062211,40584,,0.9,Harlem,76.4,4,tag,0,40.8305669,block,-73.9470063,0.0,yes,271897035,,way,10031,12.8,0.939,1769.65,5591.38
505 West 150th Street,0.988,1062153,40601,,1.0,Harlem,76.9,6,tag,0,40.8288261,block,-73.9458223,0.0,yes,271897550,,way,10031,13.8,0.939,1869.45,5398.89
509 West 149th Street,0.989,1062094,40607,,0.9,Harlem,81.0,4,tag,0,40.8282144,block,-73.9463339,0.0,yes,271897574,,way,10031,14.7,0.934,1826.32,5331.25
511 West 149th Street,0.989,1062130,40611,,0.9,Harlem,80.4,4,tag,0,40.8282382,block,-73.9463901,0.0,yes,271897590,,way,10031,14.5,0.937,1821.59,5333.89
511 West 150th Street,0.988,1062151,40612,,1.0,Harlem,79.7,6,tag,0,40.8288838,block,-73.9459626,0.0,yes,271897595,,way,10031,14.3,0.938,1857.62,5405.27
515 West 150th Street,0.988,1062173,40617,,1.0,Harlem,82.7,6,tag,0,40.8289236,block,-73.9460554,0.0,yes,271897618,,way,10031,14.4,0.928,1849.8,5409.68
517 West 150th Street,0.988,1062149,40619,,1.0,Harlem,81.9,6,tag,0,40.8289449,block,-73.9461068,0.0,yes,271897628,,way,10031,14.1,0.942,1845.46,5412.04
521 West 149th Street,0.989,1062128,40626,,0.9,Harlem,103.1,6,tag,0,40.828368,block,-73.9466534,0.0,yes,271897669,,way,10031,15.2,0.936,1799.39,5348.24
523 West 150th Street,0.989,1062147,40631,,0.9,Harlem,99.3,9,tag,0,40.8290227,block,-73.9462626,0.0,yes,271897692,,way,10031,13.3,0.929,1832.34,5420.64
524 West 150th Street,0.989,1062132,40632,,0.9,Harlem,77.3,5,tag,0,40.8286622,block,-73.946374,0.0,yes,271897695,,way,10031,14.1,0.932,1822.95,5380.77
525 West 149th Street,0.989,1062089,40634,,0.9,Harlem,88.9,6,tag,0,40.8284137,block,-73.9467673,0.0,yes,271897704,,way,10031,14.6,0.939,1789.79,5353.3
526 West 150th Street,0.988,1062110,40636,,0.9,Harlem,76.4,4,tag,0,40.8286819,block,-73.9464203,0.0,yes,271897712,,way,10031,14.2,0.946,1819.04,5382.95
528 West 150th Street,0.988,1062133,40639,,0.9,Harlem,80.1,4,tag,0,40.8287019,block,-73.9464676,0.0,yes,271897718,,way,10031,14.5,0.929,1815.05,5385.16
529 West 150th Street,0.989,1062145,40642,,0.9,Harlem,98.8,8,tag,0,40.8290942,block,-73.9464315,0.0,yes,271897733,,way,10031,13.7,0.933,1818.1,5428.54
531 West 149th Street,0.989,1062126,40644,,0.9,Harlem,77.2,4,tag,0,40.8284707,block,-73.94693,0.0,yes,271897743,,way,10031,13.9,0.941,1776.08,5359.6
535 West 149th Street,0.989,1062086,40650,,0.9,Harlem,78.6,4,tag,0,40.8285154,block,-73.9470353,0.0,yes,271897773,,way,10031,13.9,0.934,1767.2,5364.54
542 West 150th Street,0.988,1062115,40657,,0.9,Harlem,82.0,4,tag,0,40.8288426,block,-73.9467991,0.0,yes,271897803,,way,10031,14.5,0.93,1787.11,5400.72
547 West 149th Street,0.969,1062084,40662,,0.8,Harlem,77.0,4,tag,0,40.8286606,block,-73.9473774,0.0,yes,271897819,,way,10031,13.8,0.938,1738.36,5380.59
549 West 149th Street,0.915,1062083,40664,,0.7,Harlem,90.2,5,tag,0,40.8286827,block,-73.9474334,0.0,yes,271897826,,way,10031,13.8,0.859,1733.64,5383.04
552 West 150th Street,0.989,1062117,40667,,0.9,Harlem,92.3,7,tag,0,40.8289512,block,-73.9470736,0.0,yes,271897835,,way,10031,13.8,0.93,1763.97,5412.73
554 West 150th Street,0.988,1062118,40668,,0.9,Harlem,93.2,4,tag,0,40.8289832,block,-73.9471237,0.0,yes,271897843,,way,10031,14.1,0.937,1759.75,5416.27
506 West 149th Street,0.989,1062067,40699,,0.9,Harlem,90.6,4,tag,0,40.8278948,block,-73.9464892,0.0,yes,271899676,,way,10031,14.2,0.931,1813.23,5295.92
508 West 149th Street,0.925,1062041,40701,,0.9,Harlem,83.5,5,tag,0,40.8279168,block,-73.9465416,0.0,yes,271899678,,way,10031,14.4,0.909,1808.81,5298.35
512 West 149th Street,0.989,1062042,40703,,0.9,Harlem,71.9,6,tag,0,40.8279643,block,-73.9466364,0.0,yes,271899680,,way,10031,13.8,0.931,1800.83,5303.6
514 West 149th Street,0.989,1062043,40704,,0.9,Harlem,70.5,6,tag,0,40.8279833,block,-73.946682,0.0,yes,271899681,,way,10031,13.7,0.944,1796.98,5305.71
516 West 149th Street,0.988,1062069,40706,,0.9,Harlem,70.7,6,tag,0,40.8280039,block,-73.9467302,0.0,yes,271899683,,way,10031,13.7,0.948,1792.92,5307.98
517 West 148th Street,0.988,1062028,40707,,0.9,Harlem,83.7,4,tag,0,40.8277075,block,-73.9470477,0.0,yes,271899684,,way,10031,14.7,0.938,1766.16,5275.21
518 West 149th Street,0.988,1062044,40708,,0.9,Harlem,71.5,6,tag,0,40.8280228,block,-73.9467758,0.0,yes,271899685,,way,10031,13.5,0.947,1789.07,5310.07
523 West 148th Street,0.988,1062026,40713,,0.9,Harlem,76.6,6,tag,0,40.8277762,block,-73.9471973,0.0,yes,271899690,,way,10031,14.7,0.938,1753.55,5282.81
525 West 148th Street,0.988,1062025,40715,,0.9,Harlem,78.8,4,tag,0,40.8277931,block,-73.9472514,0.0,yes,271899692,,way,10031,15.1,0.931,1748.98,5284.67
527 West 148th Street,0.988,1062064,40717,,0.9,Harlem,81.0,6,tag,0,40.8278205,block,-73.9473018,0.0,yes,271899694,,way,10031,14.8,0.932,1744.74,5287.71
531 West 148th Street,0.989,1062023,40721,,0.9,Harlem,83.1,6,tag,0,40.827866,block,-73.9474088,0.0,yes,271899698,,way,10031,14.5,0.93,1735.71,5292.73
532 West 149th Street,0.989,1062048,40722,,0.9,Harlem,83.9,7,tag,0,40.8281657,block,-73.9471176,0.0,yes,271899699,,way,10031,15.1,0.94,1760.26,5325.87
533 West 148th Street,0.988,1062063,40723,,0.9,Harlem,82.4,6,tag,0,40.827887,block,-73.9474595,0.0,yes,271899700,,way,10031,14.8,0.943,1731.44,5295.05
536 West 149th Street,0.989,1062050,40726,,0.9,Harlem,91.0,6,tag,0,40.8282093,block,-73.9472224,0.0,yes,271899703,,way,10031,15.1,0.941,1751.43,5330.7
548 West 149th Street,0.875,1062074,40734,,4.4,Harlem,69.5,4,tag,0,40.8283343,block,-73.9474743,0.0,yes,271899711,,way,10031,14.9,0.851,1730.19,5344.52
,0.877,1062075,40753,,5.9,Harlem,86.7,4,tag,0,40.8283564,block,-73.947527,0.0,yes,271899731,,way,,14.9,0.862,1725.75,5346.97
,0.815,1062056,40754,,9.6,Harlem,86.3,4,tag,0,40.8284679,block,-73.9477928,0.0,yes,271899732,,way,,15.2,0.798,1703.35,5359.29
,0.612,1062438,40756,,30.3,Harlem,236.4,7,tag,0,40.8290277,block,-73.9490561,0.0,yes,271899734,,way,,25.1,0.579,1596.86,5421.19
1768 Amsterdam Avenue,0.989,1061986,40760,,0.9,Harlem,111.9,13,tag,0,40.8269286,block,-73.9467126,0.0,yes,271900952,,way,10031,18.1,0.932,1794.4,5189.08
535 West 147th Street,0.989,1062008,40782,,0.9,Harlem,77.0,5,tag,0,40.8273584,block,-73.9481559,0.0,yes,271901006,,way,10031,13.2,0.939,1672.74,5236.61
536 West 148th Street,0.989,1061998,40783,,0.9,Harlem,85.6,4,tag,0,40.8276162,block,-73.9477619,0.0,yes,271901007,,way,10031,13.2,0.932,1705.95,5265.11
537 West 147th Street,0.988,1061973,40784,,0.9,Harlem,78.5,4,tag,0,40.8273808,block,-73.948209,0.0,yes,271901009,,way,10031,13.6,0.935,1668.26,5239.09
539 West 147th Street,0.989,1061972,40786,,0.9,Harlem,76.8,4,tag,0,40.8274032,block,-73.948262,0.0,yes,271901014,,way,10031,13.4,0.934,1663.8,5241.56
540 West 148th Street,0.938,1062011,40787,,4.5,Harlem,77.3,4,tag,0,40.8276654,block,-73.9478617,0.0,yes,271901017,,way,10031,13.5,0.928,1697.54,5270.56
511 West 144th Street,0.989,1061908,40855,,0.9,Harlem,79.5,4,tag,0,40.8249862,block,-73.9486481,0.0,yes,271902339,,way,10031,12.8,0.932,1631.25,4974.3
513 West 144th Street,0.989,1061925,40856,,0.9,Harlem,79.3,4,tag,0,40.8250081,block,-73.9487006,0.0,yes,271902342,,way,10031,12.5,0.944,1626.82,4976.73
515 West 144th Street,0.989,1061907,40857,,0.9,Harlem,79.9,4,tag,0,40.8250301,block,-73.9487533,0.0,yes,271902344,,way,10031,12.2,0.941,1622.38,4979.16
531 West 144th Street,0.989,1061906,40863,,0.9,Harlem,99.3,10,tag,0,40.8252201,block,-73.9491636,0.0,yes,271902358,,way,10031,16.8,0.94,1587.79,5000.17
533 West 144th Street,0.989,1061905,40865,,0.9,Harlem,101.6,10,tag,0,40.8252453,block,-73.9492204,0.0,yes,271902363,,way,10031,17.1,0.931,1583.01,5002.95
535 West 144th Street,0.989,1061923,40866,,0.9,Harlem,102.7,10,tag,0,40.825264,block,-73.9492699,0.0,yes,271902366,,way,10031,17.5,0.944,1578.84,5005.02
539 West 144th Street,0.989,1061903,40868,,0.9,Harlem,99.5,10,tag,0,40.8253082,block,-73.9493723,0.0,yes,271902371,,way,10031,18.0,0.937,1570.2,5009.91
328 Convent Avenue,0.927,1061281,40882,,5.3,Harlem,102.2,6,tag,0,40.8237566,block,-73.9472295,0.0,yes,271902801,,way,10031,17.8,0.914,1750.83,4838.35
470 West 144th Street,0.989,1061296,40903,,0.9,Harlem,94.9,6,tag,0,40.8242178,block,-73.9478355,0.0,yes,271902822,,way,10031,16.4,0.933,1699.75,4889.33
471 West 143rd Street,0.988,1061272,40904,,0.9,Harlem,107.0,6,tag,0,40.8239247,block,-73.948055,0.0,yes,271902823,,way,10031,17.7,0.932,1681.24,4856.93
473 West 143rd Street,0.989,1061271,40906,,0.9,Harlem,105.1,4,tag,0,40.8239531,block,-73.9481053,0.0,yes,271902826,,way,10031,17.5,0.935,1677.0,4860.07
475 West 143rd Street,0.989,1061270,40908,,0.9,Harlem,104.7,4,tag,0,40.8239753,block,-73.9481581,0.0,yes,271902830,,way,10031,17.3,0.942,1672.55,4862.52
103 Hamilton Place,0.988,1061804,40920,,0.9,Harlem,71.3,6,tag,0,40.8233486,block,-73.9497584,0.0,yes,271903391,,way,10031,12.4,0.931,1537.66,4793.23
105 Hamilton Place,0.988,1061803,40921,,0.9,Harlem,71.6,6,tag,0,40.823378,block,-73.9497156,0.0,yes,271903392,,way,10031,12.4,0.944,1541.27,4796.48
454 West 142nd Street,0.988,1061264,40937,,0.9,Harlem,96.9,6,tag,0,40.8227892,block,-73.9482584,0.0,yes,271903412,,way,10031,14.3,0.94,1664.1,4731.38
458 West 142nd Street,0.989,1061240,40941,,0.9,Harlem,96.7,6,tag,0,40.822837,block,-73.9483733,0.0,yes,271903416,,way,10031,13.9,0.93,1654.42,4736.66
462 West 142nd Street,0.989,1061241,40946,,0.9,Harlem,91.6,6,tag,0,40.8228839,block,-73.9484816,0.0,yes,271903421,,way,10031,13.9,0.939,1645.29,4741.84
463 West 141st Street,0.989,1061227,40947,,0.9,Harlem,125.2,7,tag,0,40.8225953,block,-73.9487051,0.0,yes,271903422,,way,10031,14.7,0.929,1626.45,4709.93
465 West 141st Street,0.988,1061226,40950,,1.0,Harlem,126.2,8,tag,0,40.8226149,block,-73.9487585,0.0,yes,271903425,,way,10031,14.7,0.941,1621.94,4712.1
468 West 142nd Street,0.989,1061243,40954,,0.9,Harlem,86.6,6,tag,0,40.8229517,block,-73.9486424,0.0,yes,271903429,,way,10031,13.4,0.938,1631.73,4749.34
469 West 141st Street,0.989,1061259,40956,,0.9,Harlem,120.9,7,tag,0,40.8226653,block,-73.9488713,0.0,yes,271903431,,way,10031,15.1,0.935,1612.43,4717.68
470 West 142nd Street,0.988,1061244,40958,,0.9,Harlem,84.4,6,tag,0,40.8229707,block,-73.9486897,0.0,yes,271903433,,way,10031,13.7,0.939,1627.74,4751.44
472 West 142nd Street,0.989,1075502,40962,,0.9,Harlem,86.4,6,tag,0,40.822994,block,-73.9487417,0.0,yes,271903437,,way,10031,18.0,0.933,1623.36,4754.02
473 West 141st Street,0.988,1061223,40964,,0.9,Harlem,121.5,8,tag,0,40.8227118,block,-73.9489847,0.0,yes,271903439,,way,10031,15.1,0.938,1602.88,4722.82
474 West 142nd Street,0.988,1083669,40966,,0.9,Harlem,89.5,6,tag,0,40.8230131,block,-73.9487907,0.0,yes,271903441,,way,10031,13.3,0.933,1619.23,4756.14
517 West 142nd Street,0.988,1061853,40993,,0.9,Harlem,85.8,4,tag,0,40.8240072,block,-73.9501909,0.0,yes,271905133,,way,10031,14.0,0.941,1501.2,4866.05
521 West 142nd Street,0.989,1084337,40996,,0.9,Harlem,85.1,4,tag,0,40.8240511,block,-73.9502948,0.0,yes,271905140,,way,10031,13.8,0.929,1492.45,4870.91
522 West 143rd Street,0.988,1061877,40997,,0.9,Harlem,76.9,4,tag,0,40.8245595,block,-73.9504753,0.0,yes,271905142,,way,10031,13.5,0.94,1477.23,4927.12
526 West 143rd Street,0.989,1061878,41001,,0.9,Harlem,72.8,6,tag,0,40.8245986,block,-73.9505807,0.0,yes,271905151,,way,10031,13.7,0.938,1468.34,4931.45
530 West 143rd Street,0.988,1061870,41005,,0.9,Harlem,77.7,4,tag,0,40.8246479,block,-73.9506842,0.0,yes,271905159,,way,10031,14.0,0.93,1459.62,4936.89
533 West 142nd Street,0.989,1061849,41008,,0.9,Harlem,78.7,4,tag,0,40.8242249,block,-73.9507207,0.0,yes,271905166,,way,10031,13.2,0.932,1456.54,4890.12
535 West 142nd Street,0.989,1061848,41009,,0.9,Harlem,77.7,4,tag,0,40.8242475,block,-73.9507744,0.0,yes,271905167,,way,10031,13.5,0.937,1452.02,4892.63
504 West 142nd Street,0.989,1061807,41027,,0.9,Harlem,88.9,9,tag,0,40.8236043,block,-73.950168,0.0,yes,271907849,,way,10031,14.0,0.932,1503.13,4821.51
506 West 142nd Street,0.989,1061808,41028,,0.9,Harlem,89.8,6,tag,0,40.8236209,block,-73.950219,0.0,yes,271907850,,way,10031,14.4,0.943,1498.84,4823.34
508 West 142nd Street,0.989,1061809,41030,,0.9,Harlem,89.6,6,tag,0,40.823644,block,-73.9502746,0.0,yes,271907854,,way,10031,14.3,0.94,1494.14,4825.89
514 West 142nd Street,0.989,1061811,41034,,0.9,Harlem,87.0,6,tag,0,40.8237031,block,-73.9504162,0.0,yes,271907864,,way,10031,14.3,0.929,1482.21,4832.42
516 West 142nd Street,0.989,1061835,41035,,0.9,Harlem,87.0,6,tag,0,40.8237255,block,-73.9504701,0.0,yes,271907866,,way,10031,14.2,0.943,1477.66,4834.9
518 West 142nd Street,0.989,1061812,41036,,0.9,Harlem,87.2,6,tag,0,40.8237453,block,-73.9505176,0.0,yes,271907867,,way,10031,14.5,0.949,1473.66,4837.09
520 West 142nd Street,0.989,1061813,41038,,0.9,Harlem,74.7,5,tag,0,40.8237725,block,-73.9505636,0.0,yes,271907869,,way,10031,13.2,0.933,1469.78,4840.1
522 West 142nd Street,0.989,1061836,41040,,0.9,Harlem,75.4,4,tag,0,40.8237922,block,-73.9506108,0.0,yes,271907871,,way,10031,14.1,0.946,1465.81,4842.28
523 West 141st Street,0.988,1061789,41041,,1.0,Harlem,87.1,6,tag,0,40.8234059,block,-73.950676,0.0,yes,271907872,,way,10031,15.0,0.938,1460.31,4799.57
524 West 142nd Street,0.989,1061814,41042,,0.9,Harlem,76.3,4,tag,0,40.8238121,block,-73.9506585,0.0,yes,271907873,,way,10031,14.2,0.945,1461.79,4844.48
525 West 141st Street,0.988,1061788,41043,,1.0,Harlem,87.0,6,tag,0,40.8234252,block,-73.9507222,0.0,yes,271907874,,way,10031,14.9,0.951,1456.42,4801.7
526 West 142nd Street,0.989,1061837,41044,,0.9,Harlem,73.1,4,tag,0,40.8238316,block,-73.9507054,0.0,yes,271907876,,way,10031,13.9,0.931,1457.83,4846.63
533 West 141st Street,0.988,1061786,41051,,0.9,Harlem,65.9,4,tag,0,40.8235109,block,-73.950906,0.0,yes,271907891,,way,10031,13.9,0.942,1440.93,4811.17
535 West 141st Street,0.988,1061830,41053,,0.9,Harlem,66.5,4,tag,0,40.8235274,block,-73.9509455,0.0,yes,271907895,,way,10031,13.9,0.955,1437.59,4813.0
537 West 141st Street,0.988,1061785,41055,,0.9,Harlem,65.5,4,tag,0,40.8235438,block,-73.9509851,0.0,yes,271907900,,way,10031,13.9,0.953,1434.26,4814.81
540 West 142nd Street,0.989,1061839,41058,,0.9,Harlem,77.9,4,tag,0,40.8240013,block,-73.9510969,0.0,yes,271907906,,way,10031,13.5,0.938,1424.83,4865.4
541 West 141st Street,0.989,1061784,41059,,0.9,Harlem,87.4,6,tag,0,40.8235782,block,-73.951104,0.0,yes,271907910,,way,10031,12.6,0.93,1424.23,4818.62
542 West 142nd Street,0.988,1061820,41060,,0.9,Harlem,78.2,4,tag,0,40.8240235,block,-73.9511502,0.0,yes,271907913,,way,10031,13.8,0.942,1420.34,4867.85
544 West 142nd Street,0.989,1061821,41062,,0.9,Harlem,79.7,4,tag,0,40.8240459,block,-73.9512039,0.0,yes,271907917,,way,10031,13.6,0.934,1415.81,4870.33
546 West 142nd Street,0.989,1061840,41064,,0.9,Harlem,79.9,4,tag,0,40.8240685,block,-73.9512583,0.0,yes,271907920,,way,10031,13.6,0.941,1411.22,4872.83
548 West 142nd Street,0.989,1061822,41066,,0.9,Harlem,77.8,4,tag,0,40.8240909,block,-73.951312,0.0,yes,271907924,,way,10031,13.5,0.931,1406.7,4875.31
550 West 142nd Street,0.989,1061823,41068,,0.9,Harlem,76.8,4,tag,0,40.8241129,block,-73.9513647,0.0,yes,271907926,,way,10031,13.7,0.938,1402.26,4877.73
554 West 142nd Street,0.989,1061824,41072,,0.9,Harlem,82.3,5,tag,0,40.8241585,block,-73.9514743,0.0,yes,271907930,,way,10031,14.3,0.935,1393.02,4882.78
50 Hamilton Place,0.989,1061754,41085,,0.9,Harlem,77.4,6,tag,0,40.8225515,block,-73.9518515,0.0,yes,271908049,,way,10031,14.8,0.933,1361.22,4705.09
518 West 140th Street,0.989,1061740,41093,,0.9,Harlem,95.0,6,tag,0,40.8223014,block,-73.9509755,0.0,yes,271908057,,way,10031,12.1,0.931,1435.06,4677.43
520 West 140th Street,0.988,1061741,41095,,0.9,Harlem,95.4,6,tag,0,40.8223212,block,-73.9510279,0.0,yes,271908059,,way,10031,11.7,0.944,1430.65,4679.62
522 West 140th Street,0.988,1061753,41096,,0.9,Harlem,97.9,6,tag,0,40.8223421,block,-73.9510696,0.0,yes,271908060,,way,10031,12.0,0.944,1427.13,4681.93
524 West 140th Street,0.989,1061742,41097,,0.9,Harlem,97.3,6,tag,0,40.8223623,block,-73.9511236,0.0,yes,271908061,,way,10031,12.2,0.941,1422.58,4684.17
548 West 140th Street,0.988,1061757,41102,,0.9,Harlem,76.0,4,tag,0,40.8227874,block,-73.952084,0.0,yes,271908066,,way,10031,14.5,0.938,1341.62,4731.17
52 Hamilton Place,0.989,1061745,41113,,0.9,Harlem,78.1,6,tag,0,40.8225843,block,-73.9518042,0.0,yes,271908077,,way,10031,14.6,0.936,1365.21,4708.71
90 Claremont Avenue,0.287,1059836,41400,,28.0,East Harlem,667.7,8,tag,0,40.8114361,district,-73.9624312,0.0,yes,271917109,,way,,49.3,0.279,469.42,3476.02
606 West 114th Street,0.988,1057352,41516,,0.9,East Harlem,87.2,7,tag,0,40.8068514,block,-73.9656674,0.0,yes,274979048,,way,10025,15.0,0.938,196.62,2969.07
608 West 114th Street,0.989,1057363,41518,,0.9,East Harlem,85.8,8,tag,0,40.8068675,block,-73.9657082,0.0,yes,274979053,,way,10025,15.3,0.951,193.19,2970.85
610 West 114th Street,0.988,1057353,41520,,0.9,East Harlem,87.3,9,tag,0,40.8068878,block,-73.965754,0.0,yes,274979057,,way,10025,15.3,0.944,189.32,2973.1
612 West 114th Street,0.989,1057364,41522,,0.9,East Harlem,92.9,8,tag,0,40.8069051,block,-73.9657961,0.0,yes,274979059,,way,10025,15.6,0.929,185.78,2975.0
627 West 113th Street,0.988,1057346,41534,,0.9,East Harlem,115.2,7,tag,0,40.8068564,block,-73.9666618,0.0,apartments,274979071,5,way,10025,17.7,0.939,112.8,2969.62
616 West 115th Street,0.564,1057371,41556,,17.6,East Harlem,641.8,5,tag,0,40.8076077,block,-73.9657515,0.0,yes,274982908,,way,10025,5.7,0.543,189.53,3052.7
562 West 171st Street,0.762,1063039,41674,,16.8,Washington Heights,115.8,5,tag,0,40.8424479,block,-73.9378638,0.0,yes,275004336,,way,10032,8.9,0.727,2540.3,6905.11
912 Saint Nicholas Avenue,0.989,1062483,41705,,0.9,Harlem,71.0,5,tag,0,40.8312655,block,-73.9409586,0.0,yes,275006598,,way,10032,13.5,0.946,2279.43,5668.63
916 Saint Nicholas Avenue,0.989,1062485,41707,,0.9,Harlem,69.2,5,tag,0,40.8313546,block,-73.9409292,0.0,house,275006600,,way,10032,13.5,0.94,2281.91,5678.48
552 West 156th Street,0.989,1062698,41735,,0.9,Harlem,96.8,6,tag,0,40.8327962,block,-73.9442526,0.0,yes,275008013,,way,10032,14.5,0.934,2001.77,5837.89
554 West 156th Street,0.988,1062681,41736,,0.9,Harlem,95.5,8,tag,0,40.8328168,block,-73.9443083,0.0,yes,275008014,,way,10032,14.3,0.936,1997.07,5840.17
424 West 160th Street,0.989,1062541,41812,,0.9,Harlem,88.5,4,tag,0,40.8340545,block,-73.9394156,0.0,house,275011786,,way,10032,14.0,0.933,2409.49,5977.02
428 West 160th Street,0.988,1062539,41814,,0.9,Harlem,87.4,4,tag,0,40.8341028,block,-73.9395306,0.0,house,275011788,,way,10032,15.5,0.93,2399.8,5982.36
952 Saint Nicholas Avenue,0.988,1062497,41826,,0.9,Harlem,73.5,4,tag,0,40.832841,block,-73.9404489,0.0,house,275011800,,way,10032,14.8,0.935,2322.39,5842.84
521 West 158th Street,0.989,1062776,41858,,0.9,Harlem,95.2,5,tag,0,40.8340814,block,-73.9425499,0.0,yes,275012044,,way,10032,11.0,0.931,2145.3,5979.99
516 West 160th Street,0.531,1062803,41891,,31.5,Harlem,261.5,8,tag,0,40.8349031,block,-73.9416704,0.0,school,275013933,,way,10032,10.0,0.492,2219.43,6070.85
518 West 160th Street,0.353,1062792,41893,,30.5,Harlem,907.7,8,tag,0,40.8349911,block,-73.9418793,0.0,school,275013935,,way,10032,14.0,0.316,2201.82,6080.59
543 West 159th Street,0.989,1062806,41895,,0.9,Harlem,71.3,6,tag,0,40.8348522,block,-73.9424325,0.0,yes,275013937,,way,10032,12.9,0.95,2155.19,6065.23
545 West 159th Street,0.989,1062807,41897,,0.9,Harlem,69.8,6,tag,0,40.8348721,block,-73.942479,0.0,yes,275013939,,way,10032,12.5,0.942,2151.27,6067.43
547 West 159th Street,0.988,1062808,41899,,0.9,Harlem,71.2,6,tag,0,40.8348919,block,-73.9425255,0.0,yes,275013941,,way,10032,13.1,0.942,2147.35,6069.62
551 West 159th Street,0.988,1062810,41902,,0.9,Harlem,58.0,4,tag,0,40.8349064,block,-73.9426376,0.0,yes,275013944,,way,10032,12.1,0.929,2137.9,6071.22
553 West 159th Street,0.988,1062811,41904,,0.9,Harlem,57.1,4,tag,0,40.8349264,block,-73.9426852,0.0,yes,275013946,,way,10032,12.5,0.943,2133.88,6073.44
555 West 159th Street,0.989,1062812,41906,,0.9,Harlem,58.6,4,tag,0,40.8349467,block,-73.942733,0.0,yes,275013948,,way,10032,12.4,0.938,2129.86,6075.68
557 West 159th Street,0.988,1062813,41908,,0.9,Harlem,57.9,4,tag,0,40.834967,block,-73.9427811,0.0,yes,275013950,,way,10032,12.4,0.943,2125.8,6077.93
559 West 159th Street,0.989,1062814,41909,,0.9,Harlem,55.3,4,tag,0,40.8349869,block,-73.9428278,0.0,yes,275013951,,way,10032,12.2,0.931,2121.87,6080.12
565 West 159th Street,0.988,1062817,41912,,0.9,Washington Heights,56.8,4,tag,0,40.8350469,block,-73.9429696,0.0,yes,275013954,,way,10032,11.5,0.939,2109.91,6086.76
567 West 159th Street,0.988,1062818,41913,,0.9,Washington Heights,56.1,4,tag,0,40.8350666,block,-73.9430163,0.0,yes,275013955,,way,10032,11.5,0.946,2105.98,6088.94
569 West 159th Street,0.989,1062819,41914,,0.9,Washington Heights,57.3,4,tag,0,40.8350865,block,-73.9430631,0.0,yes,275013957,,way,10032,12.4,0.942,2102.03,6091.13
,0.934,1062814,41923,,4.0,Washington Heights,57.5,4,tag,0,40.8350066,block,-73.9428744,0.0,yes,275013968,,way,,12.2,0.931,2117.94,6082.3
558 West 161st Street,0.933,1090834,41944,,0.1,Washington Heights,86.7,6,tag,0,40.8359098,block,-73.9420127,0.0,yes,275014027,,way,10032,13.2,0.928,2190.57,6182.18
562 West 161st Street,0.989,1062828,41946,,0.9,Washington Heights,86.7,6,tag,0,40.8359535,block,-73.942112,0.0,yes,275014029,,way,10032,13.2,0.931,2182.2,6187.0
564 West 161st Street,0.988,1062850,41947,,0.9,Washington Heights,85.9,6,tag,0,40.8359742,block,-73.9421605,0.0,yes,275014030,,way,10032,12.9,0.945,2178.12,6189.29
566 West 161st Street,0.988,1062827,41948,,0.9,Washington Heights,85.2,6,tag,0,40.8359963,block,-73.9422141,0.0,yes,275014031,,way,10032,13.2,0.94,2173.6,6191.74
568 West 161st Street,0.989,1062826,41949,,0.9,Washington Heights,86.1,6,tag,0,40.8360168,block,-73.9422621,0.0,yes,275014032,,way,10032,13.3,0.944,2169.55,6194.01
570 West 161st Street,0.989,1062849,41950,,0.9,Washington Heights,83.4,6,tag,0,40.8360384,block,-73.9423152,0.0,yes,275014033,,way,10032,13.4,0.93,2165.07,6196.39
11 Sylvan Terrace,0.916,1062568,41959,,0.8,Harlem,61.7,7,tag,0,40.8347701,block,-73.9392977,0.0,house,275014098,,way,10032,10.7,0.865,2419.43,6056.15
12 Sylvan Terrace,0.988,1062558,41961,,0.9,Harlem,49.2,4,tag,0,40.8346254,block,-73.9393866,0.0,house,275014100,,way,10032,10.5,0.933,2411.94,6040.15
16 Jumel Terrace,0.988,1062584,41966,,0.9,Harlem,83.3,4,tag,0,40.8348815,block,-73.9389663,0.0,house,275014105,,way,10032,14.2,0.943,2447.36,6068.46
18 Jumel Terrace,0.989,1062583,41969,,0.9,Harlem,82.4,4,tag,0,40.8349227,block,-73.9389364,0.0,house,275014108,,way,10032,14.3,0.94,2449.89,6073.02
4 Sylvan Terrace,0.989,1062554,41972,,0.9,Harlem,49.4,4,tag,0,40.83473,block,-73.9396325,0.0,house,275014111,,way,10032,9.8,0.929,2391.22,6051.72
429 West 162nd Street,0.989,1062601,41980,,0.9,Washington Heights,91.1,4,tag,0,40.8353727,block,-73.9383268,0.0,house,275014119,,way,10032,13.3,0.937,2501.27,6122.78
431 West 162nd Street,0.989,1062602,41982,,0.9,Washington Heights,91.1,4,tag,0,40.8353975,block,-73.9383853,0.0,house,275014121,,way,10032,13.0,0.937,2496.35,6125.52
433 West 162nd Street,0.989,1062603,41984,,0.9,Washington Heights,91.1,4,tag,0,40.8354222,block,-73.9384437,0.0,house,275014123,,way,10032,13.0,0.937,2491.42,6128.25
434 West 162nd Street,0.989,1062580,41985,,0.9,Washington Heights,93.7,4,tag,0,40.8351244,block,-73.9388676,0.0,house,275014124,,way,10032,14.5,0.932,2455.69,6095.32
435 West 162nd Street,0.989,1062604,41987,,0.9,Washington Heights,91.1,4,tag,0,40.835447,block,-73.9385022,0.0,house,275014126,,way,10032,12.7,0.937,2486.49,6131.0
436 West 162nd Street,0.989,1062579,41988,,0.9,Washington Heights,93.4,4,tag,0,40.8351502,block,-73.9389293,0.0,house,275014127,,way,10032,13.5,0.932,2450.49,6098.18
438 West 162nd Street,0.933,1062578,41990,,1.8,Washington Heights,106.2,7,tag,0,40.8351685,block,-73.9389964,0.0,house,275014129,,way,10032,14.3,0.877,2444.83,6100.2
441 West 162nd Street,0.989,1062607,41994,,0.9,Washington Heights,91.1,4,tag,0,40.8355241,block,-73.9386844,0.0,house,275014133,,way,10032,13.7,0.937,2471.13,6139.52
442 West 162nd Street,0.989,1062577,41995,,0.9,Washington Heights,80.0,4,tag,0,40.8352224,block,-73.9391018,0.0,house,275014134,,way,10032,14.2,0.941,2435.95,6106.17
444 West 162nd Street,0.989,1062576,41997,,0.9,Washington Heights,78.0,4,tag,0,40.8352442,block,-73.9391538,0.0,house,275014136,,way,10032,15.2,0.934,2431.56,6108.58
451 West 162nd Street,0.891,1062612,42003,,1.4,Washington Heights,117.7,5,tag,0,40.8356708,block,-73.9389807,0.0,house,275014142,,way,10032,13.4,0.849,2446.16,6155.74
6 Sylvan Terrace,0.989,1062555,42005,,0.9,Harlem,48.8,4,tag,0,40.834704,block,-73.9395713,0.0,house,275014144,,way,10032,10.0,0.932,2396.37,6048.84
546 West 162nd Street,0.988,1062890,42039,,0.9,Washington Heights,93.0,4,tag,0,40.8365904,block,-73.9416693,0.0,detached,275017898,,way,10032,14.3,0.936,2219.52,6257.42
548 West 162nd Street,0.988,1062860,42040,,0.9,Washington Heights,93.7,4,tag,0,40.8366144,block,-73.9417266,0.0,house,275017901,,way,10032,14.0,0.935,2214.69,6260.08
550 West 162nd Street,0.989,1062859,42041,,0.9,Washington Heights,92.5,4,tag,0,40.8366387,block,-73.9417835,0.0,house,275017905,,way,10032,15.2,0.933,2209.9,6262.77
552 West 162nd Street,0.989,1062889,42043,,0.9,Washington Heights,93.7,4,tag,0,40.8366623,block,-73.9418409,0.0,house,275017914,,way,10032,14.6,0.933,2205.06,6265.37
555 West 161st Street,0.988,1062878,42046,,0.9,Washington Heights,96.8,6,tag,0,40.8361666,block,-73.941672,0.0,house,275017920,,way,10032,16.2,0.935,2219.29,6210.57
560 West 162nd Street,0.988,1062856,42050,,0.9,Washington Heights,92.7,4,tag,0,40.8367582,block,-73.9420682,0.0,house,275017929,,way,10032,15.5,0.934,2185.89,6275.99
569 West 161st Street,0.988,1062884,42055,,0.9,Washington Heights,99.3,6,tag,0,40.8363398,block,-73.9420804,0.0,house,275017937,,way,10032,15.5,0.929,2184.87,6229.71
571 West 161st Street,0.979,1062885,42056,,0.9,Washington Heights,96.0,6,tag,0,40.8363625,block,-73.9421355,0.0,house,275017939,,way,10032,15.9,0.926,2180.23,6232.22
527 West 162nd Street,0.988,1062915,42068,,0.9,Washington Heights,84.8,4,tag,0,40.8366533,block,-73.9408942,0.0,house,275018481,,way,10032,13.7,0.929,2284.86,6264.38
529 West 162nd Street,0.988,1062916,42069,,0.9,Washington Heights,85.7,4,tag,0,40.8366771,block,-73.9409509,0.0,house,275018482,,way,10032,13.7,0.935,2280.08,6267.02
630 West 158th Street,0.989,1063269,42121,,0.9,Washington Heights,79.2,6,tag,0,40.8354877,block,-73.9468228,0.0,yes,275030169,,way,10032,13.9,0.934,1785.12,6135.49
632 West 158th Street,0.989,1063268,42122,,0.9,Washington Heights,80.3,4,tag,0,40.83551,block,-73.9468824,0.0,yes,275030171,,way,10032,15.1,0.93,1780.08,6137.96
636 West 158th Street,0.912,1063267,42124,,5.2,Washington Heights,78.8,4,tag,0,40.8355582,block,-73.9470021,0.0,yes,275030185,,way,10032,15.0,0.859,1770.0,6143.29
640 West 158th Street,0.774,1063267,42126,,16.6,Washington Heights,79.0,4,tag,0,40.8356079,block,-73.9471209,0.0,yes,275030189,,way,10032,14.9,0.72,1759.99,6148.78
642 West 158th Street,0.729,1063260,42127,,16.9,Washington Heights,81.8,4,tag,0,40.8356328,block,-73.9471805,0.0,yes,275030191,,way,10032,14.9,0.719,1754.96,6151.55
504 West 168th Street,0.988,1062981,42218,,0.9,Washington Heights,60.6,4,tag,0,40.8399469,block,-73.9375814,0.0,yes,275048116,,way,10032,14.2,0.93,2564.1,6628.57
508 West 168th Street,0.988,1062979,42223,,0.9,Washington Heights,70.6,5,tag,0,40.8399941,block,-73.9376865,0.0,yes,275048142,,way,10032,14.1,0.929,2555.24,6633.79
510 West 168th Street,0.97,1062978,42225,,0.9,Washington Heights,73.0,4,tag,0,40.8400151,block,-73.9377397,0.0,yes,275048150,,way,10032,14.2,0.929,2550.77,6636.11
550 West 165th Street,0.989,1062931,42283,,0.9,Washington Heights,82.2,7,tag,0,40.8386435,block,-73.9405766,0.0,yes,275050244,,way,10032,15.5,0.938,2311.63,6484.45
552 West 165th Street,0.988,1062950,42284,,0.9,Washington Heights,83.0,6,tag,0,40.8386693,block,-73.9406272,0.0,yes,275050245,,way,10032,15.0,0.94,2307.36,6487.3
554 West 165th Street,0.989,1062930,42285,,0.9,Washington Heights,83.4,7,tag,0,40.8386931,block,-73.9406724,0.0,yes,275050246,,way,10032,15.1,0.948,2303.56,6489.93
652 West 170th Street,0.988,1063389,42407,,0.9,Washington Heights,77.6,6,tag,0,40.843033,block,-73.9412014,0.0,yes,275054951,,way,10032,5.1,0.928,2258.96,6969.82
554 West 173rd Street,0.988,1063114,42462,,0.9,Washington Heights,56.4,4,tag,0,40.8435148,block,-73.9364898,0.0,yes,275056781,,way,10032,14.3,0.93,2656.12,7023.08
558 West 173rd Street,0.987,1063094,42464,,0.9,Washington Heights,61.9,4,tag,0,40.8435603,block,-73.9365964,0.0,yes,275056784,,way,10032,14.5,0.938,2647.13,7028.11
604 West 147th Street,0.988,1062400,42530,,1.0,Harlem,75.8,8,tag,0,40.8277303,block,-73.950009,0.0,yes,275080799,,way,10031,12.9,0.929,1516.54,5277.73
607 West 147th Street,0.988,1062422,42538,,0.9,Harlem,65.0,4,tag,0,40.8281591,block,-73.950097,0.0,yes,275080815,,way,10031,15.2,0.931,1509.12,5325.15
608 West 147th Street,0.989,1062401,42540,,0.8,Harlem,68.0,5,tag,0,40.8277699,block,-73.9501064,0.0,yes,275080819,,way,10031,12.9,0.936,1508.32,5282.11
608 West 148th Street,0.989,1062431,42541,,0.9,Harlem,98.8,6,tag,0,40.8284203,block,-73.9497248,0.0,yes,275080821,,way,10031,13.1,0.93,1540.49,5354.02
609 West 145th Street,0.987,1062379,42542,,1.0,Harlem,72.0,4,tag,0,40.8269534,block,-73.9510959,0.0,yes,275080823,,way,10031,12.9,0.936,1424.91,5191.83
609 West 147th Street,0.988,1062429,42544,,0.9,Harlem,57.9,4,tag,0,40.8281758,block,-73.9501368,0.0,yes,275080827,,way,10031,15.1,0.936,1505.77,5327.0
610 West 146th Street,0.989,1062384,42545,,0.9,Harlem,81.8,4,tag,0,40.8273338,block,-73.9509286,0.0,yes,275080829,,way,10031,13.1,0.929,1439.02,5233.89
610 West 147th Street,0.99,1062402,42546,,0.8,Harlem,68.2,6,tag,0,40.8277891,block,-73.9501543,0.0,yes,275080831,,way,10031,13.4,0.95,1504.29,5284.24
610 West 148th Street,0.989,1062424,42547,,0.9,Harlem,101.8,12,tag,0,40.8284355,block,-73.9497778,0.0,yes,275080833,,way,10031,13.7,0.933,1536.03,5355.7
611 West 145th Street,0.988,1062378,42548,,1.0,Harlem,71.8,5,tag,0,40.8269746,block,-73.9511418,0.0,yes,275080835,,way,10031,13.1,0.95,1421.05,5194.17
611 West 147th Street,0.988,1062428,42550,,0.9,Harlem,59.5,4,tag,0,40.8281918,block,-73.9501747,0.0,yes,275080839,,way,10031,15.6,0.95,1502.57,5328.76
612 West 147th Street,0.988,1062403,42552,,0.9,Harlem,66.0,5,tag,0,40.8278075,block,-73.9502054,0.0,yes,275080848,,way,10031,12.2,0.933,1499.98,5286.27
613 West 145th Street,0.988,1062389,42554,,1.0,Harlem,73.2,5,tag,0,40.8269943,block,-73.9511889,0.0,yes,275080853,,way,10031,13.0,0.942,1417.07,5196.35
614 West 146th Street,0.938,1062386,42557,,0.7,Harlem,92.9,6,tag,0,40.8273815,block,-73.9510582,0.0,yes,275080859,,way,10031,15.5,0.892,1428.1,5239.16
615 West 145th Street,0.988,1062377,42560,,1.0,Harlem,70.3,5,tag,0,40.8270142,block,-73.9512355,0.0,yes,275080865,,way,10031,12.7,0.933,1413.15,5198.54
616 West 147th Street,0.989,1062404,42562,,0.9,Harlem,71.6,4,tag,0,40.8278524,block,-73.9503114,0.0,yes,275080869,,way,10031,12.6,0.934,1491.04,5291.23
618 West 148th Street,0.923,1062426,42567,,4.1,Harlem,60.3,4,tag,0,40.8285489,block,-73.9499516,0.0,yes,275080878,,way,10031,13.4,0.917,1521.38,5368.24
620 West 147th Street,0.99,1062415,42569,,0.8,Harlem,63.3,6,tag,0,40.8278957,block,-73.9504376,0.0,yes,275080882,,way,10031,11.9,0.935,1480.41,5296.02
622 West 147th Street,0.989,1062406,42571,,0.9,Harlem,64.5,6,tag,0,40.8279126,block,-73.9504801,0.0,yes,275080887,,way,10031,12.2,0.949,1476.82,5297.89
624 West 147th Street,0.988,1062407,42573,,0.9,Harlem,66.7,4,tag,0,40.82794,block,-73.9505204,0.0,yes,275080895,,way,10031,12.2,0.938,1473.42,5300.92
615 West 142nd Street,0.989,1062342,42608,,0.9,Harlem,63.5,4,tag,0,40.8250678,block,-73.9527382,0.0,yes,275081120,,way,10031,13.7,0.932,1286.48,4983.33
617 West 142nd Street,0.989,1062355,42609,,0.9,Harlem,64.2,4,tag,0,40.825088,block,-73.9527858,0.0,yes,275081121,,way,10031,13.6,0.945,1282.47,4985.56
619 West 142nd Street,0.988,1062341,42611,,0.9,Harlem,61.9,4,tag,0,40.825108,block,-73.9528327,0.0,yes,275081123,,way,10031,13.6,0.934,1278.51,4987.77
621 West 142nd Street,0.988,1062354,42612,,1.0,Harlem,66.2,4,tag,0,40.8251289,block,-73.9528792,0.0,yes,275081124,,way,10031,13.5,0.931,1274.59,4990.08
623 West 142nd Street,0.989,1062340,42613,,0.9,Harlem,65.5,4,tag,0,40.8251499,block,-73.9529262,0.0,yes,275081125,,way,10031,13.6,0.945,1270.63,4992.41
625 West 142nd Street,0.989,1062339,42614,,0.9,Harlem,65.6,4,tag,0,40.8251701,block,-73.9529736,0.0,yes,275081126,,way,10031,13.4,0.95,1266.63,4994.64
627 West 142nd Street,0.989,1062353,42615,,0.9,Harlem,67.1,4,tag,0,40.8251906,block,-73.9530216,0.0,yes,275081127,,way,10031,13.1,0.939,1262.59,4996.9
629 West 142nd Street,0.989,1062338,42616,,0.9,Harlem,64.7,4,tag,0,40.8252108,block,-73.9530693,0.0,yes,275081128,,way,10031,13.6,0.934,1258.57,4999.14
631 West 142nd Street,0.989,1062352,42617,,0.9,Harlem,66.4,4,tag,0,40.825231,block,-73.9531167,0.0,yes,275081129,,way,10031,13.5,0.939,1254.57,5001.38
633 West 142nd Street,0.988,1062337,42618,,0.9,Harlem,64.7,4,tag,0,40.8252512,block,-73.9531642,0.0,yes,275081130,,way,10031,13.9,0.939,1250.57,5003.61
637 West 142nd Street,0.886,1062337,42620,,8.6,Harlem,66.0,4,tag,0,40.8252914,block,-73.9532584,0.0,yes,275081132,,way,10031,13.5,0.837,1242.63,5008.05
611 West 138th Street,0.989,1062295,42651,,0.9,Harlem,86.6,7,tag,0,40.8225498,block,-73.954492,0.0,yes,275081852,,way,10031,11.3,0.932,1138.64,4704.9
617 West 138th Street,0.989,1062293,42654,,0.9,Harlem,73.7,6,tag,0,40.8226138,block,-73.9546336,0.0,yes,275081863,,way,10031,12.8,0.933,1126.71,4711.98
619 West 138th Street,0.989,1062315,42655,,0.9,Harlem,73.5,6,tag,0,40.8226355,block,-73.9546832,0.0,yes,275081865,,way,10031,13.0,0.946,1122.53,4714.38
614 West 138th Street,0.989,1062285,42672,,0.9,Harlem,90.3,6,tag,0,40.8222435,block,-73.9546889,0.0,yes,275081954,,way,10031,14.3,0.938,1122.05,4671.03
616 West 138th Street,0.988,1062274,42673,,0.9,Harlem,89.1,6,tag,0,40.8222656,block,-73.9547414,0.0,yes,275081956,,way,10031,17.3,0.939,1117.62,4673.48
618 West 138th Street,0.989,1062275,42674,,0.9,Harlem,87.8,6,tag,0,40.822286,block,-73.9547882,0.0,yes,275081958,,way,10031,15.9,0.944,1113.68,4675.73
628 West 138th Street,0.988,1062286,42678,,0.9,Harlem,72.3,7,tag,0,40.8224089,block,-73.9550404,0.0,yes,275081966,,way,10031,11.5,0.938,1092.42,4689.32
630 West 138th Street,0.989,1062279,42679,,0.9,Harlem,74.8,7,tag,0,40.8224284,block,-73.9550874,0.0,yes,275081969,,way,10031,11.1,0.939,1088.46,4691.48
632 West 138th Street,0.989,1062287,42680,,0.9,Harlem,75.4,7,tag,0,40.8224458,block,-73.9551295,0.0,yes,275081971,,way,10031,10.8,0.953,1084.9,4693.4
640 West 138th Street,0.989,1062288,42683,,0.9,Harlem,59.7,5,tag,0,40.8225548,block,-73.9553775,0.0,yes,275081978,,way,10031,9.7,0.933,1064.0,4705.45
642 West 138th Street,0.989,1062282,42684,,0.9,Harlem,60.2,4,tag,0,40.8225747,block,-73.9554247,0.0,yes,275081980,,way,10031,9.1,0.946,1060.02,4707.65
,0.925,1053549,42773,,2.0,East Harlem,102.9,5,zone_model,0,40.8080831,block,-73.9436551,0.0,house,381354542,,way,,20.91,0.884,2052.13,3105.26
,0.189,1084845,42774,Van Amringe Memorial,30.6,East Harlem,26.7,7,zone_model,0,40.8063523,block,-73.9620396,0.0,roof,381417285,,way,,7.07,0.157,502.43,2913.88
150 West 138th Street,0.394,1081808,42791,,39.7,Harlem,335.0,5,levels,0,40.8167972,block,-73.9417999,0.0,yes,603548903,5,way,10030,17.2,0.342,2208.51,4068.81
523 West 173rd Street,0.851,1063147,42801,,11.5,Washington Heights,76.1,4,zone_model,0,40.8434629,block,-73.9354477,0.0,yes,714399983,,way,,7.39,0.84,2743.97,7017.34
88-90 Bradhurst Avenue,0.729,1081814,42855,Kingdom Hall of Jehovah’s Witnesses,4.0,Harlem,554.2,6,tag,0,40.8241373,block,-73.9419068,0.0,yes,1026414196,,way,10039,7.6,0.703,2199.5,4880.44
,0.652,1059021,42860,,11.4,East Harlem,152.2,5,tag,0,40.8047465,block,-73.955475,0.0,tent,1115907822,,way,,4.5,0.647,1055.79,2736.32
216 Edgecombe Avenue,0.967,1089933,42883,,1.1,Harlem,66.3,4,tag,0,40.822873,block,-73.944005,0.0,residential,1445312587,,way,10030,14.2,0.942,2022.64,4740.64
526 West 175th Street,0.988,1063166,42953,,0.9,Washington Heights,83.3,4,tag,0,40.844471,block,-73.9348762,0.0,yes,275059295,,way,10033,10.5,0.932,2792.14,7128.81
,0.655,1063154,42969,,9.8,Washington Heights,1018.5,32,tag,0,40.8447552,block,-73.9357757,0.0,apartments,275059314,,way,,17.3,0.64,2716.32,7160.24
513 West 179th Street,0.988,1063611,43133,,0.9,Washington Heights,73.7,4,tag,0,40.8473194,block,-73.9326401,0.0,yes,275066074,,way,10033,10.4,0.932,2980.63,7443.78
515 West 179th Street,0.988,1063621,43134,,0.9,Washington Heights,73.7,4,tag,0,40.8473409,block,-73.9326912,0.0,yes,275066076,,way,10033,10.1,0.945,2976.32,7446.15
517 West 179th Street,0.989,1063612,43135,,0.9,Washington Heights,77.1,4,tag,0,40.8473627,block,-73.9327435,0.0,yes,275066077,,way,10033,9.8,0.93,2971.92,7448.57
519 West 179th Street,0.988,1063622,43136,,0.9,Washington Heights,77.2,4,tag,0,40.8473853,block,-73.9327968,0.0,yes,275066079,,way,10033,10.5,0.943,2967.42,7451.06
,0.727,1063597,43138,,5.9,Washington Heights,494.7,12,tag,0,40.847774,block,-73.9327114,0.0,apartments,275066082,,way,,18.6,0.681,2974.62,7494.04
619 West 179th Street,0.989,1063905,43210,,0.9,Washington Heights,86.0,4,tag,0,40.8484648,block,-73.9353495,0.0,yes,275087724,,way,10033,14.9,0.936,2752.24,7570.42
None West 179th Street,0.651,1063920,43252,,4.0,Washington Heights,197.9,4,zone_model,0,40.8489037,block,-73.9363679,0.0,construction,275089814,,way,10033,18.86,0.65,2666.4,7618.96
553 West 182nd Street,0.857,1063664,43300,,5.8,Washington Heights,137.8,10,tag,0,40.8495725,block,-73.9320421,0.0,yes,275091683,,way,10033,8.1,0.819,3031.04,7692.91
562 West 183rd Street,0.989,1063658,43317,,0.9,Washington Heights,111.6,4,tag,0,40.8499614,block,-73.932135,0.0,yes,275091700,,way,10033,13.4,0.937,3023.21,7735.91
563 West 182nd Street,0.989,1063668,43319,,0.9,Washington Heights,65.1,7,tag,0,40.8496821,block,-73.9323942,0.0,yes,275091702,,way,10033,10.9,0.94,3001.36,7705.03
573 West 183rd Street,0.988,1063689,43330,,0.9,Washington Heights,90.1,4,tag,0,40.8504507,block,-73.9322414,0.0,yes,275091715,,way,10033,12.2,0.929,3014.24,7790.02
578 West 183rd Street,0.988,1063655,43332,,0.9,Washington Heights,71.6,4,tag,0,40.850169,block,-73.9325832,0.0,yes,275091717,,way,10033,14.1,0.937,2985.43,7758.87
,0.988,1063654,43339,,0.9,Washington Heights,73.2,4,tag,0,40.850189,block,-73.9326289,0.0,yes,275091724,,way,,13.5,0.942,2981.57,7761.07
,0.989,1063690,43340,,0.9,Washington Heights,75.3,4,tag,0,40.8502094,block,-73.9326757,0.0,yes,275091725,,way,,13.9,0.937,2977.63,7763.34
,0.282,1063929,43367,,42.8,Washington Heights,1267.2,4,zone_model,0,40.8515821,block,-73.9341695,0.0,construction,275091842,,way,,23.95,0.262,2851.71,7915.12
384 Audubon Avenue,0.989,1063773,43483,,0.9,Washington Heights,67.7,4,tag,0,40.8507651,block,-73.9311,0.0,yes,275099155,,way,10033,10.1,0.939,3110.45,7824.79
386 Audubon Avenue,0.989,1063772,43484,,0.9,Washington Heights,69.1,4,tag,0,40.8508082,block,-73.9310685,0.0,yes,275099156,,way,10033,10.1,0.933,3113.11,7829.55
392 Audubon Avenue,0.988,1063769,43485,,0.9,Washington Heights,69.1,4,tag,0,40.8509386,block,-73.9309732,0.0,yes,275099158,,way,10033,9.3,0.941,3121.14,7843.96
394 Audubon Avenue,0.988,1063804,43486,,0.9,Washington Heights,69.1,4,tag,0,40.8509821,block,-73.9309413,0.0,yes,275099160,,way,10033,9.0,0.941,3123.82,7848.77
396 Audubon Avenue,0.989,1063768,43487,,0.9,Washington Heights,69.0,4,tag,0,40.8510256,block,-73.9309096,0.0,yes,275099162,,way,10033,8.8,0.941,3126.5,7853.58
,0.989,1063771,43502,,0.9,Washington Heights,69.1,4,tag,0,40.8508517,block,-73.9310368,0.0,yes,275099224,,way,,10.1,0.941,3115.78,7834.35
,0.989,1063770,43503,,0.9,Washington Heights,69.1,4,tag,0,40.8508951,block,-73.9310049,0.0,yes,275099226,,way,,9.7,0.941,3118.47,7839.16
8 Washington Terrace,0.989,1063732,43547,,0.9,Washington Heights,67.3,4,tag,0,40.8513371,block,-73.9297155,0.0,yes,275101694,,way,10033,10.7,0.933,3227.15,7888.03
288 Wadsworth Avenue,0.82,1064041,43568,,3.5,Washington Heights,68.3,8,tag,0,40.8540235,block,-73.9322025,0.0,yes,275102893,,way,10040,10.8,0.775,3017.51,8185.07
545 West 187th Street,0.988,1063814,43581,,0.9,Washington Heights,70.4,4,tag,0,40.8527993,block,-73.9298783,0.0,yes,275103021,,way,10040,11.2,0.929,3213.43,8049.71
547 West 187th Street,0.989,1063839,43583,,0.9,Washington Heights,70.4,4,tag,0,40.8528221,block,-73.9299323,0.0,yes,275103023,,way,10040,11.8,0.942,3208.89,8052.23
549 West 187th Street,0.988,1063815,43585,,1.0,Washington Heights,68.2,4,tag,0,40.8528433,block,-73.9299855,0.0,yes,275103025,,way,10040,11.7,0.93,3204.4,8054.58
611 West 187th Street,0.989,1064006,43601,,0.9,Washington Heights,90.0,6,tag,0,40.8535482,block,-73.931628,0.0,yes,275103041,,way,10040,14.0,0.931,3065.95,8132.52
526 West 187th Street,0.367,1063748,43676,Ruth and Hyman Muss Residence Hall,33.4,Washington Heights,965.3,5,tag,0,40.851992,block,-73.9291801,0.0,yes,768630050,,way,10033,39.7,0.341,3272.29,7960.45
310 Audubon Avenue,0.386,1081873,43680,310 Finest Deli Grocery,15.7,Washington Heights,29.0,4,levels,0,40.8484214,block,-73.9328042,0.0,retail,1208498067,1,way,10033,4.4,0.339,2966.8,7565.62
4523 Broadway,0.687,1085398,43913,,6.9,Inwood,567.5,26,tag,0,40.8588528,block,-73.9319083,0.0,apartments,275110936,,way,10040,22.1,0.671,3042.32,8719.06
124 Dyckman Street,0.938,1064168,44026,,4.1,Inwood,90.8,4,tag,0,40.8622274,block,-73.9254754,0.0,retail,275114026,,way,10040,7.2,0.897,3584.57,9092.21
126 Dyckman Street,0.989,1064166,44027,,0.9,Inwood,111.3,5,tag,0,40.8622532,block,-73.9255356,0.0,retail,275114027,,way,10040,7.2,0.945,3579.5,9095.06
4790 Broadway,0.62,1091724,44278,Inwood Library,9.2,Inwood,684.6,8,tag,0,40.8657164,block,-73.9258284,0.0,yes,275118436,,way,10034,8.4,0.575,3554.82,9478.0
508 West 207th Street,0.988,1084342,44287,,0.9,Inwood,81.8,4,tag,0,40.8645591,block,-73.9194701,0.0,yes,275118786,,way,10034,8.5,0.939,4090.78,9350.04
,0.989,1081907,44288,,0.9,Inwood,82.8,4,tag,0,40.8646044,block,-73.9194997,0.0,yes,275118792,,way,,8.0,0.936,4088.29,9355.05
114 Seaman Avenue,0.705,1091578,44452,,8.2,Inwood,153.0,5,tag,0,40.868771,block,-73.9240144,0.0,construction,275122404,,way,10034,11.5,0.66,3707.73,9815.77
535 West 217th Street,0.988,1080523,44660,,0.9,Inwood,77.6,4,tag,0,40.8714938,block,-73.9162711,0.0,yes,275123843,,way,10034,8.5,0.934,4360.44,10116.84
,0.988,1080531,44676,,0.9,Inwood,22.2,4,tag,0,40.871499,block,-73.915939,0.0,yes,275123871,,way,,3.0,0.949,4388.43,10117.42
,0.988,1080533,44681,,0.9,Inwood,22.7,4,tag,0,40.8714818,block,-73.9158998,0.0,yes,275123879,,way,,3.3,0.935,4391.74,10115.51
42 Adrian Avenue,0.988,1064599,44817,,0.9,Inwood,55.3,4,tag,0,40.8767238,block,-73.9111865,0.0,residential,275128622,,way,10463,7.8,0.929,4789.04,10695.14
,0.595,1080563,44865,,10.9,Inwood,40.3,4,tag,0,40.8758145,block,-73.9110088,0.0,yes,275128698,,way,,3.0,0.564,4804.02,10594.59
163A West 228th Street,0.989,1087203,44887,,0.9,Inwood,84.7,4,tag,0,40.8776847,block,-73.9094186,0.0,yes,275129191,,way,10463,10.4,0.935,4938.07,10801.39
170 West 225th Street,0.502,1064531,44893,,37.3,Inwood,119.2,5,tag,0,40.8756638,block,-73.9130087,0.0,yes,275129202,,way,10463,9.7,0.497,4635.44,10577.92
