relative_path,filename,suggested_family,duplicate_group_size,size_bytes,source_commit,review_status
SourceAssets/Animations/Raw/Unverified/180 Turn W_ Briefcase (1).fbx,180 Turn W_ Briefcase (1).fbx,locomotion,2,446832,b50b5b2,license-review-required
SourceAssets/Animations/Raw/Unverified/180 Turn W_ Briefcase.fbx,180 Turn W_ Briefcase.fbx,locomotion,2,444128,b50b5b2,license-review-required
SourceAssets/Animations/Raw/Unverified/2hand Idle.fbx,2hand Idle.fbx,idle,1,570144,b50b5b2,license-review-required
SourceAssets/Animations/Raw/Unverified/Action Idle To Fight Idle.fbx,Action Idle To Fight Idle.fbx,combat,1,376640,b50b5b2,license-review-required
SourceAssets/Animations/Raw/Unverified/Action Idle To Standing Idle.fbx,Action Idle To Standing Idle.fbx,idle,1,369072,b50b5b2,license-review-required
SourceAssets/Animations/Raw/Unverified/Administering Cpr.fbx,Administering Cpr.fbx,medical,1,992368,b50b5b2,license-review-required
SourceAssets/Animations/Raw/Unverified/Aerial Evade.fbx,Aerial Evade.fbx,combat,1,679040,b50b5b2,license-review-required
SourceAssets/Animations/Raw/Unverified/Agony.fbx,Agony.fbx,medical,1,554944,b50b5b2,license-review-required
SourceAssets/Animations/Raw/Unverified/Agreeing.fbx,Agreeing.fbx,social,1,467184,b50b5b2,license-review-required
SourceAssets/Animations/Raw/Unverified/Aim Pistol (1).fbx,Aim Pistol (1).fbx,combat,2,659760,b50b5b2,license-review-required
SourceAssets/Animations/Raw/Unverified/Aim Pistol.fbx,Aim Pistol.fbx,combat,2,659760,b50b5b2,license-review-required
SourceAssets/Animations/Raw/Unverified/Aiming Gun.fbx,Aiming Gun.fbx,combat,1,509472,b50b5b2,license-review-required
SourceAssets/Animations/Raw/Unverified/Air Squat (1).fbx,Air Squat (1).fbx,other,2,470880,b50b5b2,license-review-required
SourceAssets/Animations/Raw/Unverified/Air Squat Bent Arms.fbx,Air Squat Bent Arms.fbx,other,1,470880,b50b5b2,license-review-required
SourceAssets/Animations/Raw/Unverified/Air Squat.fbx,Air Squat.fbx,other,2,470880,b50b5b2,license-review-required
SourceAssets/Animations/Raw/Unverified/Angry (1).fbx,Angry (1).fbx,social,2,1688448,b50b5b2,license-review-required
SourceAssets/Animations/Raw/Unverified/Angry Gesture (1).fbx,Angry Gesture (1).fbx,social,4,633680,b50b5b2,license-review-required
SourceAssets/Animations/Raw/Unverified/Angry Gesture (2).fbx,Angry Gesture (2).fbx,social,4,512720,b50b5b2,license-review-required
SourceAssets/Animations/Raw/Unverified/Angry Gesture (3).fbx,Angry Gesture (3).fbx,social,4,786448,b50b5b2,license-review-required
SourceAssets/Animations/Raw/Unverified/Angry Gesture.fbx,Angry Gesture.fbx,social,4,633680,b50b5b2,license-review-required
SourceAssets/Animations/Raw/Unverified/Angry Point.fbx,Angry Point.fbx,social,1,539168,b50b5b2,license-review-required
SourceAssets/Animations/Raw/Unverified/Angry.fbx,Angry.fbx,social,2,1688448,b50b5b2,license-review-required
SourceAssets/Animations/Raw/Unverified/Annoyed Head Shake.fbx,Annoyed Head Shake.fbx,other,1,512720,b50b5b2,license-review-required
SourceAssets/Animations/Raw/Unverified/Arm Gesture.fbx,Arm Gesture.fbx,social,1,648800,b50b5b2,license-review-required
SourceAssets/Animations/Raw/Unverified/Armada To Esquiva.fbx,Armada To Esquiva.fbx,other,1,724624,b50b5b2,license-review-required
SourceAssets/Animations/Raw/Unverified/Armada.fbx,Armada.fbx,other,1,449136,b50b5b2,license-review-required
SourceAssets/Animations/Raw/Unverified/Arms Hip Hop Dance.fbx,Arms Hip Hop Dance.fbx,dance,1,1983088,b50b5b2,license-review-required
SourceAssets/Animations/Raw/Unverified/Ascending Stairs.fbx,Ascending Stairs.fbx,other,1,418208,b50b5b2,license-review-required
SourceAssets/Animations/Raw/Unverified/Asking Question.fbx,Asking Question.fbx,other,1,711712,b50b5b2,license-review-required
SourceAssets/Animations/Raw/Unverified/Au To Role.fbx,Au To Role.fbx,other,1,723216,b50b5b2,license-review-required
SourceAssets/Animations/Raw/Unverified/Au.fbx,Au.fbx,other,1,594144,b50b5b2,license-review-required
SourceAssets/Animations/Raw/Unverified/Back Flip To Uppercut.fbx,Back Flip To Uppercut.fbx,other,1,737632,b50b5b2,license-review-required
SourceAssets/Animations/Raw/Unverified/Back Squat (1).fbx,Back Squat (1).fbx,other,2,798176,b50b5b2,license-review-required
SourceAssets/Animations/Raw/Unverified/Back Squat.fbx,Back Squat.fbx,other,2,1052960,b50b5b2,license-review-required
SourceAssets/Animations/Raw/Unverified/Backflip (1).fbx,Backflip (1).fbx,other,2,728176,b50b5b2,license-review-required
SourceAssets/Animations/Raw/Unverified/Backflip.fbx,Backflip.fbx,other,2,485536,b50b5b2,license-review-required
SourceAssets/Animations/Raw/Unverified/Backward Jump.fbx,Backward Jump.fbx,locomotion,1,445072,b50b5b2,license-review-required
SourceAssets/Animations/Raw/Unverified/Backward Right Turn (1).fbx,Backward Right Turn (1).fbx,locomotion,2,365840,b50b5b2,license-review-required
SourceAssets/Animations/Raw/Unverified/Backward Right Turn.fbx,Backward Right Turn.fbx,locomotion,2,365840,b50b5b2,license-review-required
SourceAssets/Animations/Raw/Unverified/Backwards Rifle Run (1).fbx,Backwards Rifle Run (1).fbx,combat,2,311840,b50b5b2,license-review-required
SourceAssets/Animations/Raw/Unverified/Backwards Rifle Run.fbx,Backwards Rifle Run.fbx,combat,2,311840,b50b5b2,license-review-required
SourceAssets/Animations/Raw/Unverified/Backwards Rifle Walk.fbx,Backwards Rifle Walk.fbx,combat,1,358992,b50b5b2,license-review-required
SourceAssets/Animations/Raw/Unverified/Banging Fist.fbx,Banging Fist.fbx,other,1,556160,b50b5b2,license-review-required
SourceAssets/Animations/Raw/Unverified/Bartending.fbx,Bartending.fbx,other,1,1417200,b50b5b2,license-review-required
SourceAssets/Animations/Raw/Unverified/Baseball Bunt.fbx,Baseball Bunt.fbx,sports,1,487632,b50b5b2,license-review-required
SourceAssets/Animations/Raw/Unverified/Baseball Catcher.fbx,Baseball Catcher.fbx,sports,1,951472,b50b5b2,license-review-required
SourceAssets/Animations/Raw/Unverified/Baseball Hit (1).fbx,Baseball Hit (1).fbx,combat,2,488704,b50b5b2,license-review-required
SourceAssets/Animations/Raw/Unverified/Baseball Hit.fbx,Baseball Hit.fbx,combat,2,706272,b50b5b2,license-review-required
SourceAssets/Animations/Raw/Unverified/Baseball Idle.fbx,Baseball Idle.fbx,idle,1,384736,b50b5b2,license-review-required
SourceAssets/Animations/Raw/Unverified/Baseball Milling Idle.fbx,Baseball Milling Idle.fbx,idle,1,1802304,b50b5b2,license-review-required
SourceAssets/Animations/Raw/Unverified/Baseball Pitching (1).fbx,Baseball Pitching (1).fbx,sports,2,700784,b50b5b2,license-review-required
SourceAssets/Animations/Raw/Unverified/Baseball Pitching.fbx,Baseball Pitching.fbx,sports,2,668128,b50b5b2,license-review-required
SourceAssets/Animations/Raw/Unverified/Baseball Step In.fbx,Baseball Step In.fbx,sports,1,629536,b50b5b2,license-review-required
SourceAssets/Animations/Raw/Unverified/Baseball Step Out.fbx,Baseball Step Out.fbx,sports,1,564560,b50b5b2,license-review-required
SourceAssets/Animations/Raw/Unverified/Baseball Step Up To Bat.fbx,Baseball Step Up To Bat.fbx,sports,1,979472,b50b5b2,license-review-required
SourceAssets/Animations/Raw/Unverified/Baseball Umpire.fbx,Baseball Umpire.fbx,sports,1,513504,b50b5b2,license-review-required
SourceAssets/Animations/Raw/Unverified/Baseball Walk In.fbx,Baseball Walk In.fbx,locomotion,1,683088,b50b5b2,license-review-required
SourceAssets/Animations/Raw/Unverified/Baseball Walk Out (1).fbx,Baseball Walk Out (1).fbx,locomotion,2,652144,b50b5b2,license-review-required
SourceAssets/Animations/Raw/Unverified/Baseball Walk Out.fbx,Baseball Walk Out.fbx,locomotion,2,652144,b50b5b2,license-review-required
SourceAssets/Animations/Raw/Unverified/Bash.fbx,Bash.fbx,other,1,716832,b50b5b2,license-review-required
SourceAssets/Animations/Raw/Unverified/Bashful.fbx,Bashful.fbx,other,1,1132560,b50b5b2,license-review-required
SourceAssets/Animations/Raw/Unverified/Batter On Deck.fbx,Batter On Deck.fbx,other,1,2990048,b50b5b2,license-review-required
SourceAssets/Animations/Raw/Unverified/Bboy Hip Hop Move.fbx,Bboy Hip Hop Move.fbx,dance,1,483552,b50b5b2,license-review-required
SourceAssets/Animations/Raw/Unverified/Bboy Pose To Idle.fbx,Bboy Pose To Idle.fbx,idle,1,527840,b50b5b2,license-review-required
SourceAssets/Animations/Raw/Unverified/Bboy Uprock Start (1).fbx,Bboy Uprock Start (1).fbx,other,2,467360,b50b5b2,license-review-required
SourceAssets/Animations/Raw/Unverified/Bboy Uprock Start.fbx,Bboy Uprock Start.fbx,other,2,467360,b50b5b2,license-review-required
SourceAssets/Animations/Raw/Unverified/Bboy Uprock.fbx,Bboy Uprock.fbx,other,1,524048,b50b5b2,license-review-required
SourceAssets/Animations/Raw/Unverified/Beckoning.fbx,Beckoning.fbx,other,1,513152,b50b5b2,license-review-required
SourceAssets/Animations/Raw/Unverified/Being Carried (1).fbx,Being Carried (1).fbx,other,3,691632,b50b5b2,license-review-required
SourceAssets/Animations/Raw/Unverified/Being Carried (2).fbx,Being Carried (2).fbx,other,3,636480,b50b5b2,license-review-required
SourceAssets/Animations/Raw/Unverified/Being Carried.fbx,Being Carried.fbx,other,3,1041904,b50b5b2,license-review-required
SourceAssets/Animations/Raw/Unverified/Being Cocky.fbx,Being Cocky.fbx,other,1,592096,b50b5b2,license-review-required
SourceAssets/Animations/Raw/Unverified/Belly Dance.fbx,Belly Dance.fbx,dance,1,1809168,b50b5b2,license-review-required
SourceAssets/Animations/Raw/Unverified/Bellydancing.fbx,Bellydancing.fbx,other,1,2258272,b50b5b2,license-review-required
SourceAssets/Animations/Raw/Unverified/Bicep Curl.fbx,Bicep Curl.fbx,other,1,639216,b50b5b2,license-review-required
SourceAssets/Animations/Raw/Unverified/Bicycle Crunch.fbx,Bicycle Crunch.fbx,locomotion,1,352336,b50b5b2,license-review-required
SourceAssets/Animations/Raw/Unverified/Big Body Blow.fbx,Big Body Blow.fbx,other,1,557456,b50b5b2,license-review-required
SourceAssets/Animations/Raw/Unverified/Big Hit To Head (1).fbx,Big Hit To Head (1).fbx,combat,4,365728,b50b5b2,license-review-required
SourceAssets/Animations/Raw/Unverified/Big Hit To Head (2).fbx,Big Hit To Head (2).fbx,combat,4,386752,b50b5b2,license-review-required
SourceAssets/Animations/Raw/Unverified/Big Hit To Head (3).fbx,Big Hit To Head (3).fbx,combat,4,365728,b50b5b2,license-review-required
SourceAssets/Animations/Raw/Unverified/Big Hit To Head.fbx,Big Hit To Head.fbx,combat,4,395536,b50b5b2,license-review-required
SourceAssets/Animations/Raw/Unverified/Big Jump.fbx,Big Jump.fbx,locomotion,1,526496,b50b5b2,license-review-required
SourceAssets/Animations/Raw/Unverified/Big Kidney Hit (1).fbx,Big Kidney Hit (1).fbx,combat,2,392832,b50b5b2,license-review-required
SourceAssets/Animations/Raw/Unverified/Big Kidney Hit.fbx,Big Kidney Hit.fbx,combat,2,392832,b50b5b2,license-review-required
SourceAssets/Animations/Raw/Unverified/Big Rib Hit.fbx,Big Rib Hit.fbx,combat,1,392832,b50b5b2,license-review-required
SourceAssets/Animations/Raw/Unverified/Big Side Hit.fbx,Big Side Hit.fbx,combat,1,382032,b50b5b2,license-review-required
SourceAssets/Animations/Raw/Unverified/Big Stomach Hit.fbx,Big Stomach Hit.fbx,combat,1,378576,b50b5b2,license-review-required
SourceAssets/Animations/Raw/Unverified/Block With Rifle.fbx,Block With Rifle.fbx,combat,1,397984,b50b5b2,license-review-required
SourceAssets/Animations/Raw/Unverified/Block.fbx,Block.fbx,combat,1,572832,b50b5b2,license-review-required
SourceAssets/Animations/Raw/Unverified/Blocking (1).fbx,Blocking (1).fbx,combat,2,371232,b50b5b2,license-review-required
SourceAssets/Animations/Raw/Unverified/Blocking Attack.fbx,Blocking Attack.fbx,combat,1,359360,b50b5b2,license-review-required
SourceAssets/Animations/Raw/Unverified/Blocking.fbx,Blocking.fbx,combat,2,360432,b50b5b2,license-review-required
SourceAssets/Animations/Raw/Unverified/Blow A Kiss.fbx,Blow A Kiss.fbx,other,1,652000,b50b5b2,license-review-required
SourceAssets/Animations/Raw/Unverified/Body Block.fbx,Body Block.fbx,combat,1,652576,b50b5b2,license-review-required
SourceAssets/Animations/Raw/Unverified/Body Jab Cross (1).fbx,Body Jab Cross (1).fbx,other,3,441440,b50b5b2,license-review-required
SourceAssets/Animations/Raw/Unverified/Body Jab Cross (2).fbx,Body Jab Cross (2).fbx,other,3,373936,b50b5b2,license-review-required
SourceAssets/Animations/Raw/Unverified/Body Jab Cross.fbx,Body Jab Cross.fbx,other,3,433328,b50b5b2,license-review-required
SourceAssets/Animations/Raw/Unverified/Booty Hip Hop Dance.fbx,Booty Hip Hop Dance.fbx,dance,1,681792,b50b5b2,license-review-required
SourceAssets/Animations/Raw/Unverified/Bored.fbx,Bored.fbx,other,1,1158448,b50b5b2,license-review-required
SourceAssets/Animations/Raw/Unverified/Bouncing Fight Idle (1).fbx,Bouncing Fight Idle (1).fbx,combat,2,503536,b50b5b2,license-review-required
SourceAssets/Animations/Raw/Unverified/Bouncing Fight Idle.fbx,Bouncing Fight Idle.fbx,combat,2,503536,b50b5b2,license-review-required
SourceAssets/Animations/Raw/Unverified/Box Idle.fbx,Box Idle.fbx,idle,1,772528,b50b5b2,license-review-required
SourceAssets/Animations/Raw/Unverified/Box Jump (1).fbx,Box Jump (1).fbx,locomotion,2,697072,b50b5b2,license-review-required
SourceAssets/Animations/Raw/Unverified/Box Jump.fbx,Box Jump.fbx,locomotion,2,697072,b50b5b2,license-review-required
SourceAssets/Animations/Raw/Unverified/Box Turn (1).fbx,Box Turn (1).fbx,locomotion,2,427504,b50b5b2,license-review-required
SourceAssets/Animations/Raw/Unverified/Box Turn.fbx,Box Turn.fbx,locomotion,2,382928,b50b5b2,license-review-required
SourceAssets/Animations/Raw/Unverified/Box Walk Arc.fbx,Box Walk Arc.fbx,locomotion,1,396432,b50b5b2,license-review-required
SourceAssets/Animations/Raw/Unverified/Boxing (1).fbx,Boxing (1).fbx,other,6,436032,b50b5b2,license-review-required
SourceAssets/Animations/Raw/Unverified/Boxing (2).fbx,Boxing (2).fbx,other,6,441440,b50b5b2,license-review-required
SourceAssets/Animations/Raw/Unverified/Boxing (3).fbx,Boxing (3).fbx,other,6,425232,b50b5b2,license-review-required
SourceAssets/Animations/Raw/Unverified/Boxing (4).fbx,Boxing (4).fbx,other,6,438736,b50b5b2,license-review-required
SourceAssets/Animations/Raw/Unverified/Boxing (5).fbx,Boxing (5).fbx,other,6,463040,b50b5b2,license-review-required
SourceAssets/Animations/Raw/Unverified/Boxing.fbx,Boxing.fbx,other,6,433328,b50b5b2,license-review-required
SourceAssets/Animations/Raw/Unverified/Braced Hang (1).fbx,Braced Hang (1).fbx,other,2,396608,b50b5b2,license-review-required
SourceAssets/Animations/Raw/Unverified/Braced Hang Drop.fbx,Braced Hang Drop.fbx,other,1,355568,b50b5b2,license-review-required
SourceAssets/Animations/Raw/Unverified/Braced Hang Hop Right.fbx,Braced Hang Hop Right.fbx,other,1,434240,b50b5b2,license-review-required
SourceAssets/Animations/Raw/Unverified/Braced Hang Hop Up.fbx,Braced Hang Hop Up.fbx,other,1,432432,b50b5b2,license-review-required
SourceAssets/Animations/Raw/Unverified/Braced Hang Shimmy (1).fbx,Braced Hang Shimmy (1).fbx,other,3,381680,b50b5b2,license-review-required
SourceAssets/Animations/Raw/Unverified/Braced Hang Shimmy (2).fbx,Braced Hang Shimmy (2).fbx,other,3,381680,b50b5b2,license-review-required
SourceAssets/Animations/Raw/Unverified/Braced Hang Shimmy.fbx,Braced Hang Shimmy.fbx,other,3,381680,b50b5b2,license-review-required
SourceAssets/Animations/Raw/Unverified/Braced Hang To Crouch.fbx,Braced Hang To Crouch.fbx,other,1,379520,b50b5b2,license-review-required
SourceAssets/Animations/Raw/Unverified/Braced Hang.fbx,Braced Hang.fbx,other,2,396608,b50b5b2,license-review-required
SourceAssets/Animations/Raw/Unverified/Breakdance 1990 (1).fbx,Breakdance 1990 (1).fbx,dance,2,409712,b50b5b2,license-review-required
SourceAssets/Animations/Raw/Unverified/Breakdance 1990.fbx,Breakdance 1990.fbx,dance,2,663600,b50b5b2,license-review-required
SourceAssets/Animations/Raw/Unverified/Breakdance Ending 2.fbx,Breakdance Ending 2.fbx,dance,1,976848,b50b5b2,license-review-required
SourceAssets/Animations/Raw/Unverified/Breakdance Footwork 1.fbx,Breakdance Footwork 1.fbx,dance,1,623968,b50b5b2,license-review-required
SourceAssets/Animations/Raw/Unverified/Breakdance Footwork 2 (1).fbx,Breakdance Footwork 2 (1).fbx,dance,2,444672,b50b5b2,license-review-required
SourceAssets/Animations/Raw/Unverified/Breakdance Footwork 2.fbx,Breakdance Footwork 2.fbx,dance,2,444672,b50b5b2,license-review-required
SourceAssets/Animations/Raw/Unverified/Breakdance Footwork 3.fbx,Breakdance Footwork 3.fbx,dance,1,682432,b50b5b2,license-review-required
SourceAssets/Animations/Raw/Unverified/Breakdance Footwork To Freeze.fbx,Breakdance Footwork To Freeze.fbx,dance,1,681504,b50b5b2,license-review-required
SourceAssets/Animations/Raw/Unverified/Breakdance Footwork To Idle.fbx,Breakdance Footwork To Idle.fbx,dance,1,679248,b50b5b2,license-review-required
SourceAssets/Animations/Raw/Unverified/Breakdance Freeze Var 1.fbx,Breakdance Freeze Var 1.fbx,dance,1,731952,b50b5b2,license-review-required
SourceAssets/Animations/Raw/Unverified/Breakdance Freeze Var 2.fbx,Breakdance Freeze Var 2.fbx,dance,1,704864,b50b5b2,license-review-required
SourceAssets/Animations/Raw/Unverified/Breakdance Freeze Var 4.fbx,Breakdance Freeze Var 4.fbx,dance,1,713376,b50b5b2,license-review-required
SourceAssets/Animations/Raw/Unverified/Breakdance Freezes.fbx,Breakdance Freezes.fbx,dance,1,869712,b50b5b2,license-review-required
SourceAssets/Animations/Raw/Unverified/Breakdance Ready (1).fbx,Breakdance Ready (1).fbx,dance,2,425776,b50b5b2,license-review-required
SourceAssets/Animations/Raw/Unverified/Breakdance Ready.fbx,Breakdance Ready.fbx,dance,2,384192,b50b5b2,license-review-required
SourceAssets/Animations/Raw/Unverified/Breakdance Swipes.fbx,Breakdance Swipes.fbx,dance,1,604240,b50b5b2,license-review-required
SourceAssets/Animations/Raw/Unverified/Breakdance Uprock (1).fbx,Breakdance Uprock (1).fbx,dance,3,671472,b50b5b2,license-review-required
SourceAssets/Animations/Raw/Unverified/Breakdance Uprock (2).fbx,Breakdance Uprock (2).fbx,dance,3,671472,b50b5b2,license-review-required
SourceAssets/Animations/Raw/Unverified/Breakdance Uprock To Ground (1).fbx,Breakdance Uprock To Ground (1).fbx,dance,2,399312,b50b5b2,license-review-required
SourceAssets/Animations/Raw/Unverified/Breakdance Uprock To Ground.fbx,Breakdance Uprock To Ground.fbx,dance,2,675568,b50b5b2,license-review-required
SourceAssets/Animations/Raw/Unverified/Breakdance Uprock Var 1 End.fbx,Breakdance Uprock Var 1 End.fbx,dance,1,497600,b50b5b2,license-review-required
SourceAssets/Animations/Raw/Unverified/Breakdance Uprock Var 1 Start.fbx,Breakdance Uprock Var 1 Start.fbx,dance,1,433328,b50b5b2,license-review-required
SourceAssets/Animations/Raw/Unverified/Breakdance Uprock Var 2.fbx,Breakdance Uprock Var 2.fbx,dance,1,744240,b50b5b2,license-review-required
SourceAssets/Animations/Raw/Unverified/Breakdance Uprock.fbx,Breakdance Uprock.fbx,dance,3,501376,b50b5b2,license-review-required
SourceAssets/Animations/Raw/Unverified/Breathing Idle.fbx,Breathing Idle.fbx,interaction,1,1109152,b50b5b2,license-review-required
SourceAssets/Animations/Raw/Unverified/Brooklyn Uprock.fbx,Brooklyn Uprock.fbx,other,1,704864,b50b5b2,license-review-required
SourceAssets/Animations/Raw/Unverified/Brutal Assassination (1).fbx,Brutal Assassination (1).fbx,other,2,646640,b50b5b2,license-review-required
SourceAssets/Animations/Raw/Unverified/Brutal Assassination.fbx,Brutal Assassination.fbx,other,2,697760,b50b5b2,license-review-required
SourceAssets/Animations/Raw/Unverified/Brutal To Happy Walking.fbx,Brutal To Happy Walking.fbx,locomotion,1,401760,b50b5b2,license-review-required
SourceAssets/Animations/Raw/Unverified/Burpee End.fbx,Burpee End.fbx,other,1,540800,b50b5b2,license-review-required
SourceAssets/Animations/Raw/Unverified/Burpee.fbx,Burpee.fbx,other,1,618560,b50b5b2,license-review-required
SourceAssets/Animations/Raw/Unverified/Butterfly Twirl.fbx,Butterfly Twirl.fbx,other,1,613392,b50b5b2,license-review-required
SourceAssets/Animations/Raw/Unverified/Button Pushing.fbx,Button Pushing.fbx,interaction,1,587984,b50b5b2,license-review-required
SourceAssets/Animations/Raw/Unverified/Calling.fbx,Calling.fbx,other,1,533952,b50b5b2,license-review-required
SourceAssets/Animations/Raw/Unverified/Can Can.fbx,Can Can.fbx,other,1,679040,b50b5b2,license-review-required
SourceAssets/Animations/Raw/Unverified/Capoeira (1).fbx,Capoeira (1).fbx,other,2,1766960,b50b5b2,license-review-required
SourceAssets/Animations/Raw/Unverified/Capoeira.fbx,Capoeira.fbx,other,2,693136,b50b5b2,license-review-required
SourceAssets/Animations/Raw/Unverified/Cards (1).fbx,Cards (1).fbx,other,2,1038096,b50b5b2,license-review-required
SourceAssets/Animations/Raw/Unverified/Cards.fbx,Cards.fbx,other,2,1047120,b50b5b2,license-review-required
SourceAssets/Animations/Raw/Unverified/Carrying.fbx,Carrying.fbx,interaction,1,1015056,b50b5b2,license-review-required
SourceAssets/Animations/Raw/Unverified/Cartwheel.fbx,Cartwheel.fbx,other,1,663920,b50b5b2,license-review-required
SourceAssets/Animations/Raw/Unverified/Casting Spell.fbx,Casting Spell.fbx,other,1,945216,b50b5b2,license-review-required
SourceAssets/Animations/Raw/Unverified/Catwalk Idle 01.fbx,Catwalk Idle 01.fbx,locomotion,1,656288,b50b5b2,license-review-required
SourceAssets/Animations/Raw/Unverified/Catwalk Idle 02.fbx,Catwalk Idle 02.fbx,locomotion,1,818512,b50b5b2,license-review-required
SourceAssets/Animations/Raw/Unverified/Catwalk Idle To Twist L.fbx,Catwalk Idle To Twist L.fbx,locomotion,1,463568,b50b5b2,license-review-required
SourceAssets/Animations/Raw/Unverified/Catwalk Idle To Twist R.fbx,Catwalk Idle To Twist R.fbx,locomotion,1,506592,b50b5b2,license-review-required
SourceAssets/Animations/Raw/Unverified/Catwalk Idle To Walk Forward (1).fbx,Catwalk Idle To Walk Forward (1).fbx,locomotion,3,414432,b50b5b2,license-review-required
SourceAssets/Animations/Raw/Unverified/Catwalk Idle To Walk Forward (2).fbx,Catwalk Idle To Walk Forward (2).fbx,locomotion,3,414432,b50b5b2,license-review-required
SourceAssets/Animations/Raw/Unverified/Catwalk Idle To Walk Forward Crossed.fbx,Catwalk Idle To Walk Forward Crossed.fbx,locomotion,1,403088,b50b5b2,license-review-required
SourceAssets/Animations/Raw/Unverified/Catwalk Idle To Walk Forward.fbx,Catwalk Idle To Walk Forward.fbx,locomotion,3,414432,b50b5b2,license-review-required
SourceAssets/Animations/Raw/Unverified/Catwalk Idle Twist L (1).fbx,Catwalk Idle Twist L (1).fbx,locomotion,2,584528,b50b5b2,license-review-required
SourceAssets/Animations/Raw/Unverified/Catwalk Idle Twist L.fbx,Catwalk Idle Twist L.fbx,locomotion,2,703984,b50b5b2,license-review-required
SourceAssets/Animations/Raw/Unverified/Catwalk Idle Twist R (1).fbx,Catwalk Idle Twist R (1).fbx,locomotion,2,712880,b50b5b2,license-review-required
SourceAssets/Animations/Raw/Unverified/Catwalk Idle Twist R.fbx,Catwalk Idle Twist R.fbx,locomotion,2,630432,b50b5b2,license-review-required
SourceAssets/Animations/Raw/Unverified/Catwalk Idle.fbx,Catwalk Idle.fbx,locomotion,1,1040960,b50b5b2,license-review-required
SourceAssets/Animations/Raw/Unverified/Catwalk Sequence 01 (1).fbx,Catwalk Sequence 01 (1).fbx,locomotion,2,1485024,b50b5b2,license-review-required
SourceAssets/Animations/Raw/Unverified/Catwalk Sequence 01.fbx,Catwalk Sequence 01.fbx,locomotion,2,1496608,b50b5b2,license-review-required
SourceAssets/Animations/Raw/Unverified/Catwalk Sequence 02 (1).fbx,Catwalk Sequence 02 (1).fbx,locomotion,3,1289584,b50b5b2,license-review-required
SourceAssets/Animations/Raw/Unverified/Catwalk Sequence 02 (2).fbx,Catwalk Sequence 02 (2).fbx,locomotion,3,1116464,b50b5b2,license-review-required
SourceAssets/Animations/Raw/Unverified/Catwalk Sequence 02.fbx,Catwalk Sequence 02.fbx,locomotion,3,1289584,b50b5b2,license-review-required
SourceAssets/Animations/Raw/Unverified/Catwalk Sequence 03.fbx,Catwalk Sequence 03.fbx,locomotion,1,1294016,b50b5b2,license-review-required
SourceAssets/Animations/Raw/Unverified/Catwalk Sequence 04.fbx,Catwalk Sequence 04.fbx,locomotion,1,1244752,b50b5b2,license-review-required
SourceAssets/Animations/Raw/Unverified/Catwalk Sequence 05.fbx,Catwalk Sequence 05.fbx,locomotion,1,1125536,b50b5b2,license-review-required
SourceAssets/Animations/Raw/Unverified/Catwalk Twist L To Twist R (1).fbx,Catwalk Twist L To Twist R (1).fbx,locomotion,2,544032,b50b5b2,license-review-required
SourceAssets/Animations/Raw/Unverified/Catwalk Twist L To Twist R.fbx,Catwalk Twist L To Twist R.fbx,locomotion,2,490032,b50b5b2,license-review-required
SourceAssets/Animations/Raw/Unverified/Catwalk Twist L To Walk 180 (1).fbx,Catwalk Twist L To Walk 180 (1).fbx,locomotion,2,490544,b50b5b2,license-review-required
SourceAssets/Animations/Raw/Unverified/Catwalk Twist L To Walk 180.fbx,Catwalk Twist L To Walk 180.fbx,locomotion,2,493808,b50b5b2,license-review-required
SourceAssets/Animations/Raw/Unverified/Catwalk Twist R To Twist L (1).fbx,Catwalk Twist R To Twist L (1).fbx,locomotion,3,508928,b50b5b2,license-review-required
SourceAssets/Animations/Raw/Unverified/Catwalk Twist R To Twist L (2).fbx,Catwalk Twist R To Twist L (2).fbx,locomotion,3,508928,b50b5b2,license-review-required
SourceAssets/Animations/Raw/Unverified/Catwalk Twist R To Twist L.fbx,Catwalk Twist R To Twist L.fbx,locomotion,3,471136,b50b5b2,license-review-required
SourceAssets/Animations/Raw/Unverified/Catwalk Twist R To Walk 180 (1).fbx,Catwalk Twist R To Walk 180 (1).fbx,locomotion,2,486256,b50b5b2,license-review-required
SourceAssets/Animations/Raw/Unverified/Catwalk Twist R To Walk 180.fbx,Catwalk Twist R To Walk 180.fbx,locomotion,2,570416,b50b5b2,license-review-required
SourceAssets/Animations/Raw/Unverified/Catwalk Walk Crossed Stop.fbx,Catwalk Walk Crossed Stop.fbx,locomotion,1,429552,b50b5b2,license-review-required
SourceAssets/Animations/Raw/Unverified/Catwalk Walk Forward 02.fbx,Catwalk Walk Forward 02.fbx,locomotion,1,391760,b50b5b2,license-review-required
SourceAssets/Animations/Raw/Unverified/Catwalk Walk Forward 03.fbx,Catwalk Walk Forward 03.fbx,locomotion,1,387968,b50b5b2,license-review-required
SourceAssets/Animations/Raw/Unverified/Catwalk Walk Forward Arc 90L (1).fbx,Catwalk Walk Forward Arc 90L (1).fbx,locomotion,3,531616,b50b5b2,license-review-required
SourceAssets/Animations/Raw/Unverified/Catwalk Walk Forward Arc 90L (2).fbx,Catwalk Walk Forward Arc 90L (2).fbx,locomotion,3,671472,b50b5b2,license-review-required
SourceAssets/Animations/Raw/Unverified/Catwalk Walk Forward Arc 90L.fbx,Catwalk Walk Forward Arc 90L.fbx,locomotion,3,531616,b50b5b2,license-review-required
SourceAssets/Animations/Raw/Unverified/Catwalk Walk Forward Arc 90R (1).fbx,Catwalk Walk Forward Arc 90R (1).fbx,locomotion,2,667696,b50b5b2,license-review-required
SourceAssets/Animations/Raw/Unverified/Catwalk Walk Forward Arc 90R.fbx,Catwalk Walk Forward Arc 90R.fbx,locomotion,2,535392,b50b5b2,license-review-required
SourceAssets/Animations/Raw/Unverified/Catwalk Walk Forward Crossed (1).fbx,Catwalk Walk Forward Crossed (1).fbx,locomotion,2,396720,b50b5b2,license-review-required
SourceAssets/Animations/Raw/Unverified/Catwalk Walk Forward Crossed.fbx,Catwalk Walk Forward Crossed.fbx,locomotion,2,396720,b50b5b2,license-review-required
SourceAssets/Animations/Raw/Unverified/Catwalk Walk Forward HighKnees.fbx,Catwalk Walk Forward HighKnees.fbx,locomotion,1,397760,b50b5b2,license-review-required
SourceAssets/Animations/Raw/Unverified/Catwalk Walk Forward Turn 90L (1).fbx,Catwalk Walk Forward Turn 90L (1).fbx,locomotion,3,546736,b50b5b2,license-review-required
SourceAssets/Animations/Raw/Unverified/Catwalk Walk Forward Turn 90L (2).fbx,Catwalk Walk Forward Turn 90L (2).fbx,locomotion,3,527840,b50b5b2,license-review-required
SourceAssets/Animations/Raw/Unverified/Catwalk Walk Forward Turn 90L.fbx,Catwalk Walk Forward Turn 90L.fbx,locomotion,3,546736,b50b5b2,license-review-required
SourceAssets/Animations/Raw/Unverified/Catwalk Walk Forward Turn 90R (1).fbx,Catwalk Walk Forward Turn 90R (1).fbx,locomotion,2,542960,b50b5b2,license-review-required
SourceAssets/Animations/Raw/Unverified/Catwalk Walk Forward Turn 90R.fbx,Catwalk Walk Forward Turn 90R.fbx,locomotion,2,542960,b50b5b2,license-review-required
SourceAssets/Animations/Raw/Unverified/Catwalk Walk Start Backwards 180L (1).fbx,Catwalk Walk Start Backwards 180L (1).fbx,locomotion,2,472032,b50b5b2,license-review-required
SourceAssets/Animations/Raw/Unverified/Catwalk Walk Start Backwards 180L.fbx,Catwalk Walk Start Backwards 180L.fbx,locomotion,2,520272,b50b5b2,license-review-required
SourceAssets/Animations/Raw/Unverified/Catwalk Walk Start Backwards 180R.fbx,Catwalk Walk Start Backwards 180R.fbx,locomotion,1,531616,b50b5b2,license-review-required
SourceAssets/Animations/Raw/Unverified/Catwalk Walk Start Turn 180 Left.fbx,Catwalk Walk Start Turn 180 Left.fbx,locomotion,1,547632,b50b5b2,license-review-required
SourceAssets/Animations/Raw/Unverified/Catwalk Walk Start Turn 180 Right (1).fbx,Catwalk Walk Start Turn 180 Right (1).fbx,locomotion,2,554288,b50b5b2,license-review-required
SourceAssets/Animations/Raw/Unverified/Catwalk Walk Start Turn 180 Right.fbx,Catwalk Walk Start Turn 180 Right.fbx,locomotion,2,554288,b50b5b2,license-review-required
SourceAssets/Animations/Raw/Unverified/Catwalk Walk Stop (1).fbx,Catwalk Walk Stop (1).fbx,locomotion,3,452240,b50b5b2,license-review-required
SourceAssets/Animations/Raw/Unverified/Catwalk Walk Stop (2).fbx,Catwalk Walk Stop (2).fbx,locomotion,3,482480,b50b5b2,license-review-required
SourceAssets/Animations/Raw/Unverified/Catwalk Walk Stop Twist L.fbx,Catwalk Walk Stop Twist L.fbx,locomotion,1,452240,b50b5b2,license-review-required
SourceAssets/Animations/Raw/Unverified/Catwalk Walk Stop Twist R (1).fbx,Catwalk Walk Stop Twist R (1).fbx,locomotion,2,459792,b50b5b2,license-review-required
SourceAssets/Animations/Raw/Unverified/Catwalk Walk Stop Twist R.fbx,Catwalk Walk Stop Twist R.fbx,locomotion,2,599648,b50b5b2,license-review-required
SourceAssets/Animations/Raw/Unverified/Catwalk Walk Stop.fbx,Catwalk Walk Stop.fbx,locomotion,3,452240,b50b5b2,license-review-required
SourceAssets/Animations/Raw/Unverified/Catwalk Walk Turn 180 Tight L.fbx,Catwalk Walk Turn 180 Tight L.fbx,locomotion,1,709280,b50b5b2,license-review-required
SourceAssets/Animations/Raw/Unverified/Catwalk Walk Turn 180 Tight R.fbx,Catwalk Walk Turn 180 Tight R.fbx,locomotion,1,716832,b50b5b2,license-review-required
SourceAssets/Animations/Raw/Unverified/Catwalk Walk Turn 180 Tight.fbx,Catwalk Walk Turn 180 Tight.fbx,locomotion,1,675264,b50b5b2,license-review-required
SourceAssets/Animations/Raw/Unverified/Catwalk Walk Turn 180 Wide L.fbx,Catwalk Walk Turn 180 Wide L.fbx,locomotion,1,682816,b50b5b2,license-review-required
SourceAssets/Animations/Raw/Unverified/Catwalk Walk Turn 180 Wide R.fbx,Catwalk Walk Turn 180 Wide R.fbx,locomotion,1,710544,b50b5b2,license-review-required
SourceAssets/Animations/Raw/Unverified/Catwalk Walk Turn 180 Wide.fbx,Catwalk Walk Turn 180 Wide.fbx,locomotion,1,794960,b50b5b2,license-review-required
SourceAssets/Animations/Raw/Unverified/Catwalk Walk.fbx,Catwalk Walk.fbx,locomotion,1,1542224,b50b5b2,license-review-required
SourceAssets/Animations/Raw/Unverified/Catwalk Walking.fbx,Catwalk Walking.fbx,locomotion,1,395536,b50b5b2,license-review-required
SourceAssets/Animations/Raw/Unverified/Cautious Backward Walk.fbx,Cautious Backward Walk.fbx,locomotion,1,838960,b50b5b2,license-review-required
SourceAssets/Animations/Raw/Unverified/Center Block (1).fbx,Center Block (1).fbx,combat,2,389376,b50b5b2,license-review-required
SourceAssets/Animations/Raw/Unverified/Center Block.fbx,Center Block.fbx,combat,2,461664,b50b5b2,license-review-required
SourceAssets/Animations/Raw/Unverified/Change Direction.fbx,Change Direction.fbx,other,1,508928,b50b5b2,license-review-required
SourceAssets/Animations/Raw/Unverified/Chapa 2.fbx,Chapa 2.fbx,other,1,418208,b50b5b2,license-review-required
SourceAssets/Animations/Raw/Unverified/Chapa Giratoria 2.fbx,Chapa Giratoria 2.fbx,other,1,531616,b50b5b2,license-review-required
SourceAssets/Animations/Raw/Unverified/Chapa-Giratoria (1).fbx,Chapa-Giratoria (1).fbx,other,2,604272,b50b5b2,license-review-required
SourceAssets/Animations/Raw/Unverified/Chapa-Giratoria.fbx,Chapa-Giratoria.fbx,other,2,604272,b50b5b2,license-review-required
SourceAssets/Animations/Raw/Unverified/Chapaeu De Couro.fbx,Chapaeu De Couro.fbx,other,1,655776,b50b5b2,license-review-required
SourceAssets/Animations/Raw/Unverified/Charge.fbx,Charge.fbx,other,1,775744,b50b5b2,license-review-required
SourceAssets/Animations/Raw/Unverified/Check Shoe.fbx,Check Shoe.fbx,other,1,646864,b50b5b2,license-review-required
SourceAssets/Animations/Raw/Unverified/Checking Dice.fbx,Checking Dice.fbx,other,1,934192,b50b5b2,license-review-required
SourceAssets/Animations/Raw/Unverified/Cheering (1).fbx,Cheering (1).fbx,social,2,474592,b50b5b2,license-review-required
SourceAssets/Animations/Raw/Unverified/Cheering While Sitting (1).fbx,Cheering While Sitting (1).fbx,interaction,4,648560,b50b5b2,license-review-required
SourceAssets/Animations/Raw/Unverified/Cheering While Sitting (2).fbx,Cheering While Sitting (2).fbx,interaction,4,510336,b50b5b2,license-review-required
SourceAssets/Animations/Raw/Unverified/Cheering While Sitting (3).fbx,Cheering While Sitting (3).fbx,interaction,4,495360,b50b5b2,license-review-required
SourceAssets/Animations/Raw/Unverified/Cheering While Sitting.fbx,Cheering While Sitting.fbx,interaction,4,565632,b50b5b2,license-review-required
SourceAssets/Animations/Raw/Unverified/Cheering.fbx,Cheering.fbx,social,2,502896,b50b5b2,license-review-required
SourceAssets/Animations/Raw/Unverified/Chicken Dance.fbx,Chicken Dance.fbx,dance,1,692896,b50b5b2,license-review-required
SourceAssets/Animations/Raw/Unverified/Chip.fbx,Chip.fbx,other,1,452240,b50b5b2,license-review-required
SourceAssets/Animations/Raw/Unverified/Circle Crunch.fbx,Circle Crunch.fbx,locomotion,1,452240,b50b5b2,license-review-required
SourceAssets/Animations/Raw/Unverified/Clapping (1).fbx,Clapping (1).fbx,social,2,355216,b50b5b2,license-review-required
SourceAssets/Animations/Raw/Unverified/Clapping.fbx,Clapping.fbx,social,2,355216,b50b5b2,license-review-required
SourceAssets/Animations/Raw/Unverified/Clean And Jerk.fbx,Clean And Jerk.fbx,other,1,1656896,b50b5b2,license-review-required
SourceAssets/Animations/Raw/Unverified/Climbing (1).fbx,Climbing (1).fbx,locomotion,5,501632,b50b5b2,license-review-required
SourceAssets/Animations/Raw/Unverified/Climbing (2).fbx,Climbing (2).fbx,locomotion,5,641424,b50b5b2,license-review-required
SourceAssets/Animations/Raw/Unverified/Climbing (3).fbx,Climbing (3).fbx,locomotion,5,495792,b50b5b2,license-review-required
SourceAssets/Animations/Raw/Unverified/Climbing (4).fbx,Climbing (4).fbx,locomotion,5,388448,b50b5b2,license-review-required
SourceAssets/Animations/Raw/Unverified/Climbing A Rope (1).fbx,Climbing A Rope (1).fbx,locomotion,2,534272,b50b5b2,license-review-required
SourceAssets/Animations/Raw/Unverified/Climbing A Rope.fbx,Climbing A Rope.fbx,locomotion,2,550256,b50b5b2,license-review-required
SourceAssets/Animations/Raw/Unverified/Climbing Down (1).fbx,Climbing Down (1).fbx,locomotion,2,584720,b50b5b2,license-review-required
SourceAssets/Animations/Raw/Unverified/Climbing Down Wall.fbx,Climbing Down Wall.fbx,locomotion,1,468432,b50b5b2,license-review-required
SourceAssets/Animations/Raw/Unverified/Climbing Down.fbx,Climbing Down.fbx,locomotion,2,611792,b50b5b2,license-review-required
SourceAssets/Animations/Raw/Unverified/Climbing Ladder.fbx,Climbing Ladder.fbx,locomotion,1,341888,b50b5b2,license-review-required
SourceAssets/Animations/Raw/Unverified/Climbing To Top.fbx,Climbing To Top.fbx,locomotion,1,673632,b50b5b2,license-review-required
SourceAssets/Animations/Raw/Unverified/Climbing.fbx,Climbing.fbx,locomotion,5,632304,b50b5b2,license-review-required
SourceAssets/Animations/Raw/Unverified/Closing A Lid.fbx,Closing A Lid.fbx,other,1,1200784,b50b5b2,license-review-required
SourceAssets/Animations/Raw/Unverified/Closing.fbx,Closing.fbx,other,1,804608,b50b5b2,license-review-required
SourceAssets/Animations/Raw/Unverified/Combo Punch.fbx,Combo Punch.fbx,combat,1,500336,b50b5b2,license-review-required
SourceAssets/Animations/Raw/Unverified/Convulsing.fbx,Convulsing.fbx,other,1,458176,b50b5b2,license-review-required
SourceAssets/Animations/Raw/Unverified/Corkscrew Evade.fbx,Corkscrew Evade.fbx,combat,1,546736,b50b5b2,license-review-required
SourceAssets/Animations/Raw/Unverified/Corkscrew Kip Up.fbx,Corkscrew Kip Up.fbx,other,1,583632,b50b5b2,license-review-required
SourceAssets/Animations/Raw/Unverified/Counting.fbx,Counting.fbx,other,1,770560,b50b5b2,license-review-required
SourceAssets/Animations/Raw/Unverified/Cover Idle (1).fbx,Cover Idle (1).fbx,idle,2,490896,b50b5b2,license-review-required
SourceAssets/Animations/Raw/Unverified/Cover Idle.fbx,Cover Idle.fbx,idle,2,498848,b50b5b2,license-review-required
SourceAssets/Animations/Raw/Unverified/Cover To Stand (1).fbx,Cover To Stand (1).fbx,other,5,417136,b50b5b2,license-review-required
SourceAssets/Animations/Raw/Unverified/Cover To Stand (2).fbx,Cover To Stand (2).fbx,other,5,417136,b50b5b2,license-review-required
SourceAssets/Animations/Raw/Unverified/Cover To Stand (3).fbx,Cover To Stand (3).fbx,other,5,406880,b50b5b2,license-review-required
SourceAssets/Animations/Raw/Unverified/Cover To Stand (4).fbx,Cover To Stand (4).fbx,other,5,406880,b50b5b2,license-review-required
SourceAssets/Animations/Raw/Unverified/Cover To Stand.fbx,Cover To Stand.fbx,other,5,417136,b50b5b2,license-review-required
SourceAssets/Animations/Raw/Unverified/Cow Milking.fbx,Cow Milking.fbx,other,1,672416,b50b5b2,license-review-required
SourceAssets/Animations/Raw/Unverified/Crawl Backwards.fbx,Crawl Backwards.fbx,locomotion,1,670064,b50b5b2,license-review-required
SourceAssets/Animations/Raw/Unverified/Crawl Forward.fbx,Crawl Forward.fbx,locomotion,1,559040,b50b5b2,license-review-required
SourceAssets/Animations/Raw/Unverified/Crawling.fbx,Crawling.fbx,locomotion,1,468608,b50b5b2,license-review-required
SourceAssets/Animations/Raw/Unverified/Crazy Gesture.fbx,Crazy Gesture.fbx,social,1,715888,b50b5b2,license-review-required
SourceAssets/Animations/Raw/Unverified/Cross Jumps Rotation (1).fbx,Cross Jumps Rotation (1).fbx,locomotion,2,489424,b50b5b2,license-review-required
SourceAssets/Animations/Raw/Unverified/Cross Jumps Rotation.fbx,Cross Jumps Rotation.fbx,locomotion,2,489424,b50b5b2,license-review-required
SourceAssets/Animations/Raw/Unverified/Cross Jumps.fbx,Cross Jumps.fbx,locomotion,1,489424,b50b5b2,license-review-required
SourceAssets/Animations/Raw/Unverified/Cross Punch.fbx,Cross Punch.fbx,combat,1,425232,b50b5b2,license-review-required
SourceAssets/Animations/Raw/Unverified/Crossleg Freeze.fbx,Crossleg Freeze.fbx,other,1,495072,b50b5b2,license-review-required
SourceAssets/Animations/Raw/Unverified/Crouch Cover To Cover.fbx,Crouch Cover To Cover.fbx,other,1,423968,b50b5b2,license-review-required
SourceAssets/Animations/Raw/Unverified/Crouch Cover Turn.fbx,Crouch Cover Turn.fbx,locomotion,1,358992,b50b5b2,license-review-required
SourceAssets/Animations/Raw/Unverified/Crouch Death.fbx,Crouch Death.fbx,combat,1,529872,b50b5b2,license-review-required
SourceAssets/Animations/Raw/Unverified/Crouch Idle (1).fbx,Crouch Idle (1).fbx,idle,3,425232,b50b5b2,license-review-required
SourceAssets/Animations/Raw/Unverified/Crouch Idle (2).fbx,Crouch Idle (2).fbx,idle,3,416736,b50b5b2,license-review-required
SourceAssets/Animations/Raw/Unverified/Crouch Idle 01.fbx,Crouch Idle 01.fbx,idle,1,767056,b50b5b2,license-review-required
SourceAssets/Animations/Raw/Unverified/Crouch Idle 02 Looking Around.fbx,Crouch Idle 02 Looking Around.fbx,idle,1,706720,b50b5b2,license-review-required
SourceAssets/Animations/Raw/Unverified/Crouch Idle 03 Looking Over (1).fbx,Crouch Idle 03 Looking Over (1).fbx,idle,2,683232,b50b5b2,license-review-required
SourceAssets/Animations/Raw/Unverified/Crouch Idle 03 Looking Over.fbx,Crouch Idle 03 Looking Over.fbx,idle,2,683232,b50b5b2,license-review-required
SourceAssets/Animations/Raw/Unverified/Crouch Idle.fbx,Crouch Idle.fbx,idle,3,826976,b50b5b2,license-review-required
SourceAssets/Animations/Raw/Unverified/Crouch Look Around Corner.fbx,Crouch Look Around Corner.fbx,idle,1,564560,b50b5b2,license-review-required
SourceAssets/Animations/Raw/Unverified/Crouch Rapid Fire.fbx,Crouch Rapid Fire.fbx,other,1,344384,b50b5b2,license-review-required
SourceAssets/Animations/Raw/Unverified/Crouch Stop Walking.fbx,Crouch Stop Walking.fbx,locomotion,1,501376,b50b5b2,license-review-required
SourceAssets/Animations/Raw/Unverified/Crouch Strafe Run Left.fbx,Crouch Strafe Run Left.fbx,locomotion,1,384736,b50b5b2,license-review-required
SourceAssets/Animations/Raw/Unverified/Crouch To Prone.fbx,Crouch To Prone.fbx,other,1,469872,b50b5b2,license-review-required
SourceAssets/Animations/Raw/Unverified/Crouch To Stand (1).fbx,Crouch To Stand (1).fbx,other,2,471136,b50b5b2,license-review-required
SourceAssets/Animations/Raw/Unverified/Crouch To Stand.fbx,Crouch To Stand.fbx,other,2,529632,b50b5b2,license-review-required
SourceAssets/Animations/Raw/Unverified/Crouch To Standing Idle (1).fbx,Crouch To Standing Idle (1).fbx,idle,3,375552,b50b5b2,license-review-required
SourceAssets/Animations/Raw/Unverified/Crouch To Standing Idle (2).fbx,Crouch To Standing Idle (2).fbx,idle,3,324112,b50b5b2,license-review-required
SourceAssets/Animations/Raw/Unverified/Crouch To Standing Idle.fbx,Crouch To Standing Idle.fbx,idle,3,375552,b50b5b2,license-review-required
SourceAssets/Animations/Raw/Unverified/Crouch To Standing With Rifle.fbx,Crouch To Standing With Rifle.fbx,combat,1,361840,b50b5b2,license-review-required
SourceAssets/Animations/Raw/Unverified/Crouch To Standing.fbx,Crouch To Standing.fbx,other,1,354960,b50b5b2,license-review-required
SourceAssets/Animations/Raw/Unverified/Crouch Torch Idle 02.fbx,Crouch Torch Idle 02.fbx,idle,1,756384,b50b5b2,license-review-required
SourceAssets/Animations/Raw/Unverified/Crouch Torch To Standing Torch Idle.fbx,Crouch Torch To Standing Torch Idle.fbx,idle,1,426864,b50b5b2,license-review-required
SourceAssets/Animations/Raw/Unverified/Crouch Torch Turn Left 90.fbx,Crouch Torch Turn Left 90.fbx,locomotion,1,410288,b50b5b2,license-review-required
SourceAssets/Animations/Raw/Unverified/Crouch Torch Turn Right 90.fbx,Crouch Torch Turn Right 90.fbx,locomotion,1,418752,b50b5b2,license-review-required
SourceAssets/Animations/Raw/Unverified/Crouch Torch Walk Back.fbx,Crouch Torch Walk Back.fbx,locomotion,1,395536,b50b5b2,license-review-required
SourceAssets/Animations/Raw/Unverified/Crouch Torch Walk Forward (1).fbx,Crouch Torch Walk Forward (1).fbx,locomotion,2,367776,b50b5b2,license-review-required
SourceAssets/Animations/Raw/Unverified/Crouch Torch Walk Forward.fbx,Crouch Torch Walk Forward.fbx,locomotion,2,367776,b50b5b2,license-review-required
SourceAssets/Animations/Raw/Unverified/Crouch Torch Walk Right.fbx,Crouch Torch Walk Right.fbx,locomotion,1,370160,b50b5b2,license-review-required
SourceAssets/Animations/Raw/Unverified/Crouch Turn Left 90.fbx,Crouch Turn Left 90.fbx,locomotion,1,402560,b50b5b2,license-review-required
SourceAssets/Animations/Raw/Unverified/Crouch Turn Right 90 (1).fbx,Crouch Turn Right 90 (1).fbx,locomotion,2,402560,b50b5b2,license-review-required
SourceAssets/Animations/Raw/Unverified/Crouch Turn Right 90.fbx,Crouch Turn Right 90.fbx,locomotion,2,444928,b50b5b2,license-review-required
SourceAssets/Animations/Raw/Unverified/Crouch Turn To Stand (1).fbx,Crouch Turn To Stand (1).fbx,locomotion,2,348736,b50b5b2,license-review-required
SourceAssets/Animations/Raw/Unverified/Crouch Turn To Stand.fbx,Crouch Turn To Stand.fbx,locomotion,2,348736,b50b5b2,license-review-required
SourceAssets/Animations/Raw/Unverified/Crouch Walk Back (1).fbx,Crouch Walk Back (1).fbx,locomotion,2,393120,b50b5b2,license-review-required
SourceAssets/Animations/Raw/Unverified/Crouch Walk Back.fbx,Crouch Walk Back.fbx,locomotion,2,403088,b50b5b2,license-review-required
SourceAssets/Animations/Raw/Unverified/Crouch Walk Backwards Stop.fbx,Crouch Walk Backwards Stop.fbx,locomotion,1,413792,b50b5b2,license-review-required
SourceAssets/Animations/Raw/Unverified/Crouch Walk Forward (1).fbx,Crouch Walk Forward (1).fbx,locomotion,2,391760,b50b5b2,license-review-required
SourceAssets/Animations/Raw/Unverified/Crouch Walk Forward.fbx,Crouch Walk Forward.fbx,locomotion,2,381776,b50b5b2,license-review-required
SourceAssets/Animations/Raw/Unverified/Crouch Walk Left (1).fbx,Crouch Walk Left (1).fbx,locomotion,2,386352,b50b5b2,license-review-required
SourceAssets/Animations/Raw/Unverified/Crouch Walk Left.fbx,Crouch Walk Left.fbx,locomotion,2,395536,b50b5b2,license-review-required
SourceAssets/Animations/Raw/Unverified/Crouch Walk Right (1).fbx,Crouch Walk Right (1).fbx,locomotion,2,406880,b50b5b2,license-review-required
SourceAssets/Animations/Raw/Unverified/Crouch Walk Right.fbx,Crouch Walk Right.fbx,locomotion,2,370160,b50b5b2,license-review-required
SourceAssets/Animations/Raw/Unverified/Crouch Walk Strafe Left.fbx,Crouch Walk Strafe Left.fbx,locomotion,1,400432,b50b5b2,license-review-required
SourceAssets/Animations/Raw/Unverified/Crouch Walk Strafe Right.fbx,Crouch Walk Strafe Right.fbx,locomotion,1,399312,b50b5b2,license-review-required
SourceAssets/Animations/Raw/Unverified/Crouch Walk.fbx,Crouch Walk.fbx,locomotion,1,571040,b50b5b2,license-review-required
SourceAssets/Animations/Raw/Unverified/Crouch Walking Backwards.fbx,Crouch Walking Backwards.fbx,locomotion,1,373392,b50b5b2,license-review-required
SourceAssets/Animations/Raw/Unverified/Crouch Walking.fbx,Crouch Walking.fbx,locomotion,1,357744,b50b5b2,license-review-required
SourceAssets/Animations/Raw/Unverified/Crouched Run (1).fbx,Crouched Run (1).fbx,locomotion,2,346032,b50b5b2,license-review-required
SourceAssets/Animations/Raw/Unverified/Crouched Run.fbx,Crouched Run.fbx,locomotion,2,346032,b50b5b2,license-review-required
SourceAssets/Animations/Raw/Unverified/Crouched Sneaking Left (1).fbx,Crouched Sneaking Left (1).fbx,other,2,393200,b50b5b2,license-review-required
SourceAssets/Animations/Raw/Unverified/Crouched Sneaking Left.fbx,Crouched Sneaking Left.fbx,other,2,393200,b50b5b2,license-review-required
SourceAssets/Animations/Raw/Unverified/Crouched Sneaking Right.fbx,Crouched Sneaking Right.fbx,other,1,376096,b50b5b2,license-review-required
SourceAssets/Animations/Raw/Unverified/Crouched Strafe Run.fbx,Crouched Strafe Run.fbx,locomotion,1,311840,b50b5b2,license-review-required
SourceAssets/Animations/Raw/Unverified/Crouched To Sprinting.fbx,Crouched To Sprinting.fbx,locomotion,1,417136,b50b5b2,license-review-required
SourceAssets/Animations/Raw/Unverified/Crouched To Standing.fbx,Crouched To Standing.fbx,other,1,328208,b50b5b2,license-review-required
SourceAssets/Animations/Raw/Unverified/Crouched Walking (1).fbx,Crouched Walking (1).fbx,locomotion,2,400928,b50b5b2,license-review-required
SourceAssets/Animations/Raw/Unverified/Crouched Walking.fbx,Crouched Walking.fbx,locomotion,2,346928,b50b5b2,license-review-required
SourceAssets/Animations/Raw/Unverified/Crouching Idle.fbx,Crouching Idle.fbx,idle,1,517040,b50b5b2,license-review-required
SourceAssets/Animations/Raw/Unverified/Crouching Turn 90 Left.fbx,Crouching Turn 90 Left.fbx,locomotion,1,366016,b50b5b2,license-review-required
SourceAssets/Animations/Raw/Unverified/Crouching Turn 90 Right.fbx,Crouching Turn 90 Right.fbx,locomotion,1,365840,b50b5b2,license-review-required
SourceAssets/Animations/Raw/Unverified/Crouching.fbx,Crouching.fbx,other,1,680480,b50b5b2,license-review-required
SourceAssets/Animations/Raw/Unverified/Crying.fbx,Crying.fbx,social,1,813552,b50b5b2,license-review-required
SourceAssets/Animations/Raw/Unverified/Dancing (1).fbx,Dancing (1).fbx,other,5,734288,b50b5b2,license-review-required
SourceAssets/Animations/Raw/Unverified/Dancing (2).fbx,Dancing (2).fbx,other,5,1938240,b50b5b2,license-review-required
SourceAssets/Animations/Raw/Unverified/Dancing (3).fbx,Dancing (3).fbx,other,5,1625248,b50b5b2,license-review-required
SourceAssets/Animations/Raw/Unverified/Dancing (4).fbx,Dancing (4).fbx,other,5,510656,b50b5b2,license-review-required
SourceAssets/Animations/Raw/Unverified/Dancing Running Man.fbx,Dancing Running Man.fbx,locomotion,1,1208496,b50b5b2,license-review-required
SourceAssets/Animations/Raw/Unverified/Dancing.fbx,Dancing.fbx,other,5,780160,b50b5b2,license-review-required
SourceAssets/Animations/Raw/Unverified/Death From Back Headshot.fbx,Death From Back Headshot.fbx,combat,1,622640,b50b5b2,license-review-required
SourceAssets/Animations/Raw/Unverified/Death From Front Headshot.fbx,Death From Front Headshot.fbx,combat,1,538816,b50b5b2,license-review-required
SourceAssets/Animations/Raw/Unverified/Death From The Back.fbx,Death From The Back.fbx,combat,1,554784,b50b5b2,license-review-required
SourceAssets/Animations/Raw/Unverified/Death From The Front.fbx,Death From The Front.fbx,combat,1,590464,b50b5b2,license-review-required
SourceAssets/Animations/Raw/Unverified/Death.fbx,Death.fbx,combat,1,605024,b50b5b2,license-review-required
SourceAssets/Animations/Raw/Unverified/Defeat (1).fbx,Defeat (1).fbx,interaction,2,570128,b50b5b2,license-review-required
SourceAssets/Animations/Raw/Unverified/Defeat Idle (1).fbx,Defeat Idle (1).fbx,interaction,4,459792,b50b5b2,license-review-required
SourceAssets/Animations/Raw/Unverified/Defeat Idle (2).fbx,Defeat Idle (2).fbx,interaction,4,417248,b50b5b2,license-review-required
SourceAssets/Animations/Raw/Unverified/Defeat Idle (3).fbx,Defeat Idle (3).fbx,interaction,4,430816,b50b5b2,license-review-required
SourceAssets/Animations/Raw/Unverified/Defeat Idle.fbx,Defeat Idle.fbx,interaction,4,459792,b50b5b2,license-review-required
SourceAssets/Animations/Raw/Unverified/Defeat.fbx,Defeat.fbx,interaction,2,911184,b50b5b2,license-review-required
SourceAssets/Animations/Raw/Unverified/Defender.fbx,Defender.fbx,other,1,710080,b50b5b2,license-review-required
SourceAssets/Animations/Raw/Unverified/Descending Stairs (1).fbx,Descending Stairs (1).fbx,other,3,367056,b50b5b2,license-review-required
SourceAssets/Animations/Raw/Unverified/Descending Stairs (2).fbx,Descending Stairs (2).fbx,other,3,398016,b50b5b2,license-review-required
SourceAssets/Animations/Raw/Unverified/Descending Stairs.fbx,Descending Stairs.fbx,other,3,367056,b50b5b2,license-review-required
SourceAssets/Animations/Raw/Unverified/Diagonal Wall Run.fbx,Diagonal Wall Run.fbx,locomotion,1,379520,b50b5b2,license-review-required
SourceAssets/Animations/Raw/Unverified/Dig And Plant Seeds.fbx,Dig And Plant Seeds.fbx,other,1,758736,b50b5b2,license-review-required
SourceAssets/Animations/Raw/Unverified/Digging.fbx,Digging.fbx,other,1,576864,b50b5b2,license-review-required
SourceAssets/Animations/Raw/Unverified/Disappointed.fbx,Disappointed.fbx,social,1,721376,b50b5b2,license-review-required
SourceAssets/Animations/Raw/Unverified/Disarmed.fbx,Disarmed.fbx,other,1,646272,b50b5b2,license-review-required
SourceAssets/Animations/Raw/Unverified/Dismissing Gesture (1).fbx,Dismissing Gesture (1).fbx,social,3,516496,b50b5b2,license-review-required
SourceAssets/Animations/Raw/Unverified/Dismissing Gesture (2).fbx,Dismissing Gesture (2).fbx,social,3,633680,b50b5b2,license-review-required
SourceAssets/Animations/Raw/Unverified/Dismissing Gesture.fbx,Dismissing Gesture.fbx,social,3,516496,b50b5b2,license-review-required
SourceAssets/Animations/Raw/Unverified/Dive Roll (1).fbx,Dive Roll (1).fbx,other,2,531872,b50b5b2,license-review-required
SourceAssets/Animations/Raw/Unverified/Dive Roll.fbx,Dive Roll.fbx,other,2,711248,b50b5b2,license-review-required
SourceAssets/Animations/Raw/Unverified/Dizzy Idle.fbx,Dizzy Idle.fbx,idle,1,532160,b50b5b2,license-review-required
SourceAssets/Animations/Raw/Unverified/Dodge While Sitting (1).fbx,Dodge While Sitting (1).fbx,interaction,2,588128,b50b5b2,license-review-required
SourceAssets/Animations/Raw/Unverified/Dodge While Sitting.fbx,Dodge While Sitting.fbx,interaction,2,588144,b50b5b2,license-review-required
SourceAssets/Animations/Raw/Unverified/Dodging (1).fbx,Dodging (1).fbx,other,2,444128,b50b5b2,license-review-required
SourceAssets/Animations/Raw/Unverified/Dodging Back.fbx,Dodging Back.fbx,other,1,536832,b50b5b2,license-review-required
SourceAssets/Animations/Raw/Unverified/Dodging Right (1).fbx,Dodging Right (1).fbx,other,2,380880,b50b5b2,license-review-required
SourceAssets/Animations/Raw/Unverified/Dodging Right.fbx,Dodging Right.fbx,other,2,380880,b50b5b2,license-review-required
SourceAssets/Animations/Raw/Unverified/Dodging.fbx,Dodging.fbx,other,2,430816,b50b5b2,license-review-required
SourceAssets/Animations/Raw/Unverified/Double Dagger Stab.fbx,Double Dagger Stab.fbx,other,1,513328,b50b5b2,license-review-required
SourceAssets/Animations/Raw/Unverified/Double Leg Takedown - Attacker (1).fbx,Double Leg Takedown - Attacker (1).fbx,combat,2,660128,b50b5b2,license-review-required
SourceAssets/Animations/Raw/Unverified/Double Leg Takedown - Attacker.fbx,Double Leg Takedown - Attacker.fbx,combat,2,905840,b50b5b2,license-review-required
SourceAssets/Animations/Raw/Unverified/Double Leg Takedown - Victim (1).fbx,Double Leg Takedown - Victim (1).fbx,other,2,660128,b50b5b2,license-review-required
SourceAssets/Animations/Raw/Unverified/Double Leg Takedown - Victim.fbx,Double Leg Takedown - Victim.fbx,other,2,905840,b50b5b2,license-review-required
SourceAssets/Animations/Raw/Unverified/Draw A Great Sword 1.fbx,Draw A Great Sword 1.fbx,combat,1,409040,b50b5b2,license-review-required
SourceAssets/Animations/Raw/Unverified/Draw Sword 2.fbx,Draw Sword 2.fbx,combat,1,337760,b50b5b2,license-review-required
SourceAssets/Animations/Raw/Unverified/Drawing Gun.fbx,Drawing Gun.fbx,combat,1,468432,b50b5b2,license-review-required
SourceAssets/Animations/Raw/Unverified/Dribble (1).fbx,Dribble (1).fbx,other,3,459792,b50b5b2,license-review-required
SourceAssets/Animations/Raw/Unverified/Dribble (2).fbx,Dribble (2).fbx,other,3,501376,b50b5b2,license-review-required
SourceAssets/Animations/Raw/Unverified/Dribble.fbx,Dribble.fbx,other,3,459792,b50b5b2,license-review-required
SourceAssets/Animations/Raw/Unverified/Drinking.fbx,Drinking.fbx,interaction,1,744880,b50b5b2,license-review-required
SourceAssets/Animations/Raw/Unverified/Driving.fbx,Driving.fbx,other,1,582256,b50b5b2,license-review-required
SourceAssets/Animations/Raw/Unverified/Drop Kick.fbx,Drop Kick.fbx,combat,1,592096,b50b5b2,license-review-required
SourceAssets/Animations/Raw/Unverified/Drop To Freehang (1).fbx,Drop To Freehang (1).fbx,other,2,509472,b50b5b2,license-review-required
SourceAssets/Animations/Raw/Unverified/Drop To Freehang.fbx,Drop To Freehang.fbx,other,2,509472,b50b5b2,license-review-required
SourceAssets/Animations/Raw/Unverified/Dropping.fbx,Dropping.fbx,other,1,628752,b50b5b2,license-review-required
SourceAssets/Animations/Raw/Unverified/Drunk Idle (1).fbx,Drunk Idle (1).fbx,locomotion,2,907184,b50b5b2,license-review-required
SourceAssets/Animations/Raw/Unverified/Drunk Idle Variation (1).fbx,Drunk Idle Variation (1).fbx,locomotion,2,750224,b50b5b2,license-review-required
SourceAssets/Animations/Raw/Unverified/Drunk Idle Variation.fbx,Drunk Idle Variation.fbx,locomotion,2,713056,b50b5b2,license-review-required
SourceAssets/Animations/Raw/Unverified/Drunk Idle.fbx,Drunk Idle.fbx,locomotion,2,907184,b50b5b2,license-review-required
SourceAssets/Animations/Raw/Unverified/Drunk Run Forward.fbx,Drunk Run Forward.fbx,locomotion,1,469152,b50b5b2,license-review-required
SourceAssets/Animations/Raw/Unverified/Drunk Running Left Turn.fbx,Drunk Running Left Turn.fbx,locomotion,1,431712,b50b5b2,license-review-required
SourceAssets/Animations/Raw/Unverified/Drunk Turn.fbx,Drunk Turn.fbx,locomotion,1,440896,b50b5b2,license-review-required
SourceAssets/Animations/Raw/Unverified/Drunk Walk Backwards.fbx,Drunk Walk Backwards.fbx,locomotion,1,437520,b50b5b2,license-review-required
SourceAssets/Animations/Raw/Unverified/Dual Weapon Combo.fbx,Dual Weapon Combo.fbx,other,1,558480,b50b5b2,license-review-required
SourceAssets/Animations/Raw/Unverified/Ducking (1).fbx,Ducking (1).fbx,other,2,420560,b50b5b2,license-review-required
SourceAssets/Animations/Raw/Unverified/Ducking.fbx,Ducking.fbx,other,2,412128,b50b5b2,license-review-required
SourceAssets/Animations/Raw/Unverified/Dwarf Idle (1).fbx,Dwarf Idle (1).fbx,idle,5,874128,b50b5b2,license-review-required
SourceAssets/Animations/Raw/Unverified/Dwarf Idle (2).fbx,Dwarf Idle (2).fbx,idle,5,479232,b50b5b2,license-review-required
SourceAssets/Animations/Raw/Unverified/Dwarf Idle (3).fbx,Dwarf Idle (3).fbx,idle,5,663936,b50b5b2,license-review-required
SourceAssets/Animations/Raw/Unverified/Dwarf Idle (4).fbx,Dwarf Idle (4).fbx,idle,5,687808,b50b5b2,license-review-required
SourceAssets/Animations/Raw/Unverified/Dwarf Idle.fbx,Dwarf Idle.fbx,idle,5,874128,b50b5b2,license-review-required
SourceAssets/Animations/Raw/Unverified/Dwarf Walk (1).fbx,Dwarf Walk (1).fbx,locomotion,2,352336,b50b5b2,license-review-required
SourceAssets/Animations/Raw/Unverified/Dwarf Walk.fbx,Dwarf Walk.fbx,locomotion,2,357728,b50b5b2,license-review-required
SourceAssets/Animations/Raw/Unverified/Dying (1).fbx,Dying (1).fbx,combat,7,684384,b50b5b2,license-review-required
SourceAssets/Animations/Raw/Unverified/Dying (2).fbx,Dying (2).fbx,combat,7,479456,b50b5b2,license-review-required
SourceAssets/Animations/Raw/Unverified/Dying (3).fbx,Dying (3).fbx,combat,7,582064,b50b5b2,license-review-required
SourceAssets/Animations/Raw/Unverified/Dying (4).fbx,Dying (4).fbx,combat,7,666832,b50b5b2,license-review-required
SourceAssets/Animations/Raw/Unverified/Dying (5).fbx,Dying (5).fbx,combat,7,599920,b50b5b2,license-review-required
SourceAssets/Animations/Raw/Unverified/Dying (6).fbx,Dying (6).fbx,combat,7,854736,b50b5b2,license-review-required
SourceAssets/Animations/Raw/Unverified/Dying Backwards.fbx,Dying Backwards.fbx,combat,1,678400,b50b5b2,license-review-required
SourceAssets/Animations/Raw/Unverified/Dying.fbx,Dying.fbx,combat,7,781088,b50b5b2,license-review-required
SourceAssets/Animations/Raw/Unverified/Edge Slip.fbx,Edge Slip.fbx,other,1,543904,b50b5b2,license-review-required
SourceAssets/Animations/Raw/Unverified/Elbow Punch.fbx,Elbow Punch.fbx,combat,1,403632,b50b5b2,license-review-required
SourceAssets/Animations/Raw/Unverified/Elbow Uppercut Combo.fbx,Elbow Uppercut Combo.fbx,social,1,501520,b50b5b2,license-review-required
SourceAssets/Animations/Raw/Unverified/Emerge From Cover.fbx,Emerge From Cover.fbx,other,1,461600,b50b5b2,license-review-required
SourceAssets/Animations/Raw/Unverified/Emerging (1).fbx,Emerging (1).fbx,other,2,451376,b50b5b2,license-review-required
SourceAssets/Animations/Raw/Unverified/Emerging.fbx,Emerging.fbx,other,2,451376,b50b5b2,license-review-required
SourceAssets/Animations/Raw/Unverified/End Bicycle Sit Up.fbx,End Bicycle Sit Up.fbx,interaction,1,674448,b50b5b2,license-review-required
SourceAssets/Animations/Raw/Unverified/End Plank.fbx,End Plank.fbx,other,1,694160,b50b5b2,license-review-required
SourceAssets/Animations/Raw/Unverified/Entering Car.fbx,Entering Car.fbx,other,1,755584,b50b5b2,license-review-required
SourceAssets/Animations/Raw/Unverified/Entering Code.fbx,Entering Code.fbx,other,1,864864,b50b5b2,license-review-required
SourceAssets/Animations/Raw/Unverified/Entry (1).fbx,Entry (1).fbx,other,3,905024,b50b5b2,license-review-required
SourceAssets/Animations/Raw/Unverified/Entry (2).fbx,Entry (2).fbx,other,3,641232,b50b5b2,license-review-required
SourceAssets/Animations/Raw/Unverified/Entry.fbx,Entry.fbx,other,3,1133792,b50b5b2,license-review-required
SourceAssets/Animations/Raw/Unverified/Esquiva 1 (1).fbx,Esquiva 1 (1).fbx,other,2,682080,b50b5b2,license-review-required
SourceAssets/Animations/Raw/Unverified/Esquiva 1.fbx,Esquiva 1.fbx,other,2,682080,b50b5b2,license-review-required
SourceAssets/Animations/Raw/Unverified/Esquiva 3.fbx,Esquiva 3.fbx,other,1,508928,b50b5b2,license-review-required
SourceAssets/Animations/Raw/Unverified/Esquiva 4.fbx,Esquiva 4.fbx,other,1,580752,b50b5b2,license-review-required
SourceAssets/Animations/Raw/Unverified/Evading A Threat.fbx,Evading A Threat.fbx,interaction,1,642848,b50b5b2,license-review-required
SourceAssets/Animations/Raw/Unverified/Excited.fbx,Excited.fbx,other,1,826816,b50b5b2,license-review-required
SourceAssets/Animations/Raw/Unverified/Exiting Car.fbx,Exiting Car.fbx,other,1,784720,b50b5b2,license-review-required
SourceAssets/Animations/Raw/Unverified/Fall A Land To Run Forward (1).fbx,Fall A Land To Run Forward (1).fbx,locomotion,2,369072,b50b5b2,license-review-required
SourceAssets/Animations/Raw/Unverified/Fall A Land To Run Forward.fbx,Fall A Land To Run Forward.fbx,locomotion,2,369072,b50b5b2,license-review-required
SourceAssets/Animations/Raw/Unverified/Fall A Land To Standing Idle 01.fbx,Fall A Land To Standing Idle 01.fbx,locomotion,1,342608,b50b5b2,license-review-required
SourceAssets/Animations/Raw/Unverified/Fall A Land To Standing Idle 02.fbx,Fall A Land To Standing Idle 02.fbx,locomotion,1,440896,b50b5b2,license-review-required
SourceAssets/Animations/Raw/Unverified/Fall A Loop.fbx,Fall A Loop.fbx,locomotion,1,363456,b50b5b2,license-review-required
SourceAssets/Animations/Raw/Unverified/Fall B Land To Standing Idle.fbx,Fall B Land To Standing Idle.fbx,locomotion,1,417216,b50b5b2,license-review-required
SourceAssets/Animations/Raw/Unverified/Fall B Loop.fbx,Fall B Loop.fbx,locomotion,1,363456,b50b5b2,license-review-required
SourceAssets/Animations/Raw/Unverified/Fall Flat.fbx,Fall Flat.fbx,locomotion,1,552896,b50b5b2,license-review-required
SourceAssets/Animations/Raw/Unverified/Fall Over.fbx,Fall Over.fbx,locomotion,1,472352,b50b5b2,license-review-required
SourceAssets/Animations/Raw/Unverified/Fallen Idle (1).fbx,Fallen Idle (1).fbx,locomotion,2,384736,b50b5b2,license-review-required
SourceAssets/Animations/Raw/Unverified/Fallen Idle.fbx,Fallen Idle.fbx,locomotion,2,384736,b50b5b2,license-review-required
SourceAssets/Animations/Raw/Unverified/Falling (1).fbx,Falling (1).fbx,locomotion,4,646384,b50b5b2,license-review-required
SourceAssets/Animations/Raw/Unverified/Falling (2).fbx,Falling (2).fbx,locomotion,4,1098592,b50b5b2,license-review-required
SourceAssets/Animations/Raw/Unverified/Falling (3).fbx,Falling (3).fbx,locomotion,4,808720,b50b5b2,license-review-required
SourceAssets/Animations/Raw/Unverified/Falling Back Death (1).fbx,Falling Back Death (1).fbx,combat,2,515952,b50b5b2,license-review-required
SourceAssets/Animations/Raw/Unverified/Falling Back Death.fbx,Falling Back Death.fbx,combat,2,479456,b50b5b2,license-review-required
SourceAssets/Animations/Raw/Unverified/Falling Down.fbx,Falling Down.fbx,locomotion,1,497280,b50b5b2,license-review-required
SourceAssets/Animations/Raw/Unverified/Falling Flat Impact.fbx,Falling Flat Impact.fbx,locomotion,1,440896,b50b5b2,license-review-required
SourceAssets/Animations/Raw/Unverified/Falling Forward Death.fbx,Falling Forward Death.fbx,combat,1,514080,b50b5b2,license-review-required
SourceAssets/Animations/Raw/Unverified/Falling From Losing Balance.fbx,Falling From Losing Balance.fbx,locomotion,1,837792,b50b5b2,license-review-required
SourceAssets/Animations/Raw/Unverified/Falling Idle.fbx,Falling Idle.fbx,locomotion,1,335056,b50b5b2,license-review-required
SourceAssets/Animations/Raw/Unverified/Falling Into Pool (1).fbx,Falling Into Pool (1).fbx,locomotion,3,538640,b50b5b2,license-review-required
SourceAssets/Animations/Raw/Unverified/Falling Into Pool (2).fbx,Falling Into Pool (2).fbx,locomotion,3,538640,b50b5b2,license-review-required
SourceAssets/Animations/Raw/Unverified/Falling Into Pool.fbx,Falling Into Pool.fbx,locomotion,3,520272,b50b5b2,license-review-required
SourceAssets/Animations/Raw/Unverified/Falling To Landing.fbx,Falling To Landing.fbx,locomotion,1,369216,b50b5b2,license-review-required
SourceAssets/Animations/Raw/Unverified/Falling To Roll.fbx,Falling To Roll.fbx,locomotion,1,447920,b50b5b2,license-review-required
SourceAssets/Animations/Raw/Unverified/Falling.fbx,Falling.fbx,locomotion,4,1098592,b50b5b2,license-review-required
SourceAssets/Animations/Raw/Unverified/Fast Run.fbx,Fast Run.fbx,locomotion,1,306432,b50b5b2,license-review-required
SourceAssets/Animations/Raw/Unverified/Female Action Pose (1).fbx,Female Action Pose (1).fbx,other,6,268960,b50b5b2,license-review-required
SourceAssets/Animations/Raw/Unverified/Female Action Pose (2).fbx,Female Action Pose (2).fbx,other,6,268960,b50b5b2,license-review-required
SourceAssets/Animations/Raw/Unverified/Female Action Pose (3).fbx,Female Action Pose (3).fbx,other,6,268960,b50b5b2,license-review-required
SourceAssets/Animations/Raw/Unverified/Female Action Pose (4).fbx,Female Action Pose (4).fbx,other,6,268960,b50b5b2,license-review-required
SourceAssets/Animations/Raw/Unverified/Female Action Pose (5).fbx,Female Action Pose (5).fbx,other,6,268960,b50b5b2,license-review-required
SourceAssets/Animations/Raw/Unverified/Female Action Pose.fbx,Female Action Pose.fbx,other,6,268960,b50b5b2,license-review-required
SourceAssets/Animations/Raw/Unverified/Female Crouch Pose (1).fbx,Female Crouch Pose (1).fbx,other,7,268960,b50b5b2,license-review-required
SourceAssets/Animations/Raw/Unverified/Female Crouch Pose (2).fbx,Female Crouch Pose (2).fbx,other,7,268960,b50b5b2,license-review-required
SourceAssets/Animations/Raw/Unverified/Female Crouch Pose (3).fbx,Female Crouch Pose (3).fbx,other,7,268960,b50b5b2,license-review-required
SourceAssets/Animations/Raw/Unverified/Female Crouch Pose (4).fbx,Female Crouch Pose (4).fbx,other,7,268960,b50b5b2,license-review-required
SourceAssets/Animations/Raw/Unverified/Female Crouch Pose (5).fbx,Female Crouch Pose (5).fbx,other,7,268960,b50b5b2,license-review-required
SourceAssets/Animations/Raw/Unverified/Female Crouch Pose (6).fbx,Female Crouch Pose (6).fbx,other,7,268960,b50b5b2,license-review-required
SourceAssets/Animations/Raw/Unverified/Female Crouch Pose.fbx,Female Crouch Pose.fbx,other,7,268960,b50b5b2,license-review-required
SourceAssets/Animations/Raw/Unverified/Female Dance Pose (1).fbx,Female Dance Pose (1).fbx,dance,6,268960,b50b5b2,license-review-required
SourceAssets/Animations/Raw/Unverified/Female Dance Pose (2).fbx,Female Dance Pose (2).fbx,dance,6,268960,b50b5b2,license-review-required
SourceAssets/Animations/Raw/Unverified/Female Dance Pose (3).fbx,Female Dance Pose (3).fbx,dance,6,268960,b50b5b2,license-review-required
SourceAssets/Animations/Raw/Unverified/Female Dance Pose (4).fbx,Female Dance Pose (4).fbx,dance,6,268960,b50b5b2,license-review-required
SourceAssets/Animations/Raw/Unverified/Female Dance Pose (5).fbx,Female Dance Pose (5).fbx,dance,6,268960,b50b5b2,license-review-required
SourceAssets/Animations/Raw/Unverified/Female Dance Pose.fbx,Female Dance Pose.fbx,dance,6,268960,b50b5b2,license-review-required
SourceAssets/Animations/Raw/Unverified/Female Dynamic Pose (1).fbx,Female Dynamic Pose (1).fbx,other,6,268960,b50b5b2,license-review-required
SourceAssets/Animations/Raw/Unverified/Female Dynamic Pose (2).fbx,Female Dynamic Pose (2).fbx,other,6,268960,b50b5b2,license-review-required
SourceAssets/Animations/Raw/Unverified/Female Dynamic Pose (3).fbx,Female Dynamic Pose (3).fbx,other,6,268960,b50b5b2,license-review-required
SourceAssets/Animations/Raw/Unverified/Female Dynamic Pose (4).fbx,Female Dynamic Pose (4).fbx,other,6,268960,b50b5b2,license-review-required
SourceAssets/Animations/Raw/Unverified/Female Dynamic Pose (5).fbx,Female Dynamic Pose (5).fbx,other,6,268960,b50b5b2,license-review-required
SourceAssets/Animations/Raw/Unverified/Female Dynamic Pose.fbx,Female Dynamic Pose.fbx,other,6,268960,b50b5b2,license-review-required
SourceAssets/Animations/Raw/Unverified/Female Laying Pose (1).fbx,Female Laying Pose (1).fbx,other,8,268960,b50b5b2,license-review-required
SourceAssets/Animations/Raw/Unverified/Female Laying Pose (2).fbx,Female Laying Pose (2).fbx,other,8,268960,b50b5b2,license-review-required
SourceAssets/Animations/Raw/Unverified/Female Laying Pose (3).fbx,Female Laying Pose (3).fbx,other,8,268960,b50b5b2,license-review-required
SourceAssets/Animations/Raw/Unverified/Female Laying Pose (4).fbx,Female Laying Pose (4).fbx,other,8,268960,b50b5b2,license-review-required
SourceAssets/Animations/Raw/Unverified/Female Laying Pose (5).fbx,Female Laying Pose (5).fbx,other,8,268960,b50b5b2,license-review-required
SourceAssets/Animations/Raw/Unverified/Female Laying Pose (6).fbx,Female Laying Pose (6).fbx,other,8,268960,b50b5b2,license-review-required
SourceAssets/Animations/Raw/Unverified/Female Laying Pose (7).fbx,Female Laying Pose (7).fbx,other,8,269168,b50b5b2,license-review-required
SourceAssets/Animations/Raw/Unverified/Female Laying Pose.fbx,Female Laying Pose.fbx,other,8,268960,b50b5b2,license-review-required
SourceAssets/Animations/Raw/Unverified/Female Locomotion Pose (1).fbx,Female Locomotion Pose (1).fbx,other,5,268960,b50b5b2,license-review-required
SourceAssets/Animations/Raw/Unverified/Female Locomotion Pose (2).fbx,Female Locomotion Pose (2).fbx,other,5,268960,b50b5b2,license-review-required
SourceAssets/Animations/Raw/Unverified/Female Locomotion Pose (3).fbx,Female Locomotion Pose (3).fbx,other,5,268960,b50b5b2,license-review-required
SourceAssets/Animations/Raw/Unverified/Female Locomotion Pose (4).fbx,Female Locomotion Pose (4).fbx,other,5,268960,b50b5b2,license-review-required
SourceAssets/Animations/Raw/Unverified/Female Locomotion Pose.fbx,Female Locomotion Pose.fbx,other,5,268960,b50b5b2,license-review-required
SourceAssets/Animations/Raw/Unverified/Female Peek And Aim.fbx,Female Peek And Aim.fbx,combat,1,474560,b50b5b2,license-review-required
SourceAssets/Animations/Raw/Unverified/Female Sitting Pose (1).fbx,Female Sitting Pose (1).fbx,interaction,8,268960,b50b5b2,license-review-required
SourceAssets/Animations/Raw/Unverified/Female Sitting Pose (2).fbx,Female Sitting Pose (2).fbx,interaction,8,268960,b50b5b2,license-review-required
SourceAssets/Animations/Raw/Unverified/Female Sitting Pose (3).fbx,Female Sitting Pose (3).fbx,interaction,8,268960,b50b5b2,license-review-required
SourceAssets/Animations/Raw/Unverified/Female Sitting Pose (4).fbx,Female Sitting Pose (4).fbx,interaction,8,268960,b50b5b2,license-review-required
SourceAssets/Animations/Raw/Unverified/Female Sitting Pose (5).fbx,Female Sitting Pose (5).fbx,interaction,8,269280,b50b5b2,license-review-required
SourceAssets/Animations/Raw/Unverified/Female Sitting Pose (6).fbx,Female Sitting Pose (6).fbx,interaction,8,268960,b50b5b2,license-review-required
SourceAssets/Animations/Raw/Unverified/Female Sitting Pose (7).fbx,Female Sitting Pose (7).fbx,interaction,8,268960,b50b5b2,license-review-required
SourceAssets/Animations/Raw/Unverified/Female Sitting Pose.fbx,Female Sitting Pose.fbx,interaction,8,268960,b50b5b2,license-review-required
SourceAssets/Animations/Raw/Unverified/Female Standing Pose (1).fbx,Female Standing Pose (1).fbx,other,16,268960,b50b5b2,license-review-required
SourceAssets/Animations/Raw/Unverified/Female Standing Pose (10).fbx,Female Standing Pose (10).fbx,other,16,268960,b50b5b2,license-review-required
SourceAssets/Animations/Raw/Unverified/Female Standing Pose (11).fbx,Female Standing Pose (11).fbx,other,16,268960,b50b5b2,license-review-required
SourceAssets/Animations/Raw/Unverified/Female Standing Pose (12).fbx,Female Standing Pose (12).fbx,other,16,268960,b50b5b2,license-review-required
SourceAssets/Animations/Raw/Unverified/Female Standing Pose (13).fbx,Female Standing Pose (13).fbx,other,16,268960,b50b5b2,license-review-required
SourceAssets/Animations/Raw/Unverified/Female Standing Pose (14).fbx,Female Standing Pose (14).fbx,other,16,268960,b50b5b2,license-review-required
SourceAssets/Animations/Raw/Unverified/Female Standing Pose (15).fbx,Female Standing Pose (15).fbx,other,16,269168,b50b5b2,license-review-required
SourceAssets/Animations/Raw/Unverified/Female Standing Pose (2).fbx,Female Standing Pose (2).fbx,other,16,268960,b50b5b2,license-review-required
SourceAssets/Animations/Raw/Unverified/Female Standing Pose (3).fbx,Female Standing Pose (3).fbx,other,16,268960,b50b5b2,license-review-required
SourceAssets/Animations/Raw/Unverified/Female Standing Pose (4).fbx,Female Standing Pose (4).fbx,other,16,269168,b50b5b2,license-review-required
SourceAssets/Animations/Raw/Unverified/Female Standing Pose (5).fbx,Female Standing Pose (5).fbx,other,16,268960,b50b5b2,license-review-required
SourceAssets/Animations/Raw/Unverified/Female Standing Pose (6).fbx,Female Standing Pose (6).fbx,other,16,268960,b50b5b2,license-review-required
SourceAssets/Animations/Raw/Unverified/Female Standing Pose (7).fbx,Female Standing Pose (7).fbx,other,16,268960,b50b5b2,license-review-required
SourceAssets/Animations/Raw/Unverified/Female Standing Pose (8).fbx,Female Standing Pose (8).fbx,other,16,268960,b50b5b2,license-review-required
SourceAssets/Animations/Raw/Unverified/Female Standing Pose (9).fbx,Female Standing Pose (9).fbx,other,16,269712,b50b5b2,license-review-required
SourceAssets/Animations/Raw/Unverified/Female Standing Pose.fbx,Female Standing Pose.fbx,other,16,269072,b50b5b2,license-review-required
SourceAssets/Animations/Raw/Unverified/Female Start Walking.fbx,Female Start Walking.fbx,locomotion,1,414432,b50b5b2,license-review-required
SourceAssets/Animations/Raw/Unverified/Female Stop Walking.fbx,Female Stop Walking.fbx,locomotion,1,387440,b50b5b2,license-review-required
SourceAssets/Animations/Raw/Unverified/Female Tough Walk (1).fbx,Female Tough Walk (1).fbx,locomotion,2,365840,b50b5b2,license-review-required
SourceAssets/Animations/Raw/Unverified/Female Tough Walk.fbx,Female Tough Walk.fbx,locomotion,2,476544,b50b5b2,license-review-required
SourceAssets/Animations/Raw/Unverified/Female Walk.fbx,Female Walk.fbx,locomotion,1,357728,b50b5b2,license-review-required
SourceAssets/Animations/Raw/Unverified/Fight Idle (1).fbx,Fight Idle (1).fbx,combat,2,737136,b50b5b2,license-review-required
SourceAssets/Animations/Raw/Unverified/Fight Idle To Action Idle.fbx,Fight Idle To Action Idle.fbx,combat,1,357728,b50b5b2,license-review-required
SourceAssets/Animations/Raw/Unverified/Fight Idle To Standing Idle (1).fbx,Fight Idle To Standing Idle (1).fbx,combat,2,384192,b50b5b2,license-review-required
SourceAssets/Animations/Raw/Unverified/Fight Idle To Standing Idle.fbx,Fight Idle To Standing Idle.fbx,combat,2,384192,b50b5b2,license-review-required
SourceAssets/Animations/Raw/Unverified/Fight Idle.fbx,Fight Idle.fbx,combat,2,452384,b50b5b2,license-review-required
SourceAssets/Animations/Raw/Unverified/Fighting Idle.fbx,Fighting Idle.fbx,combat,1,530528,b50b5b2,license-review-required
SourceAssets/Animations/Raw/Unverified/Finding.fbx,Finding.fbx,other,1,1380384,b50b5b2,license-review-required
SourceAssets/Animations/Raw/Unverified/Fire Rifle.fbx,Fire Rifle.fbx,combat,1,378176,b50b5b2,license-review-required
SourceAssets/Animations/Raw/Unverified/Firing Rifle (1).fbx,Firing Rifle (1).fbx,combat,9,389232,b50b5b2,license-review-required
SourceAssets/Animations/Raw/Unverified/Firing Rifle (2).fbx,Firing Rifle (2).fbx,combat,9,340992,b50b5b2,license-review-required
SourceAssets/Animations/Raw/Unverified/Firing Rifle (3).fbx,Firing Rifle (3).fbx,combat,9,609200,b50b5b2,license-review-required
SourceAssets/Animations/Raw/Unverified/Firing Rifle (4).fbx,Firing Rifle (4).fbx,combat,9,404576,b50b5b2,license-review-required
SourceAssets/Animations/Raw/Unverified/Firing Rifle (5).fbx,Firing Rifle (5).fbx,combat,9,361552,b50b5b2,license-review-required
SourceAssets/Animations/Raw/Unverified/Firing Rifle (6).fbx,Firing Rifle (6).fbx,combat,9,370304,b50b5b2,license-review-required
SourceAssets/Animations/Raw/Unverified/Firing Rifle (7).fbx,Firing Rifle (7).fbx,combat,9,361552,b50b5b2,license-review-required
SourceAssets/Animations/Raw/Unverified/Firing Rifle (8).fbx,Firing Rifle (8).fbx,combat,9,370304,b50b5b2,license-review-required
SourceAssets/Animations/Raw/Unverified/Firing Rifle.fbx,Firing Rifle.fbx,combat,9,389232,b50b5b2,license-review-required
SourceAssets/Animations/Raw/Unverified/Fishing Cast.fbx,Fishing Cast.fbx,other,1,922112,b50b5b2,license-review-required
SourceAssets/Animations/Raw/Unverified/Fist Fight A.fbx,Fist Fight A.fbx,combat,1,687840,b50b5b2,license-review-required
SourceAssets/Animations/Raw/Unverified/Fist Fight B.fbx,Fist Fight B.fbx,combat,1,688560,b50b5b2,license-review-required
SourceAssets/Animations/Raw/Unverified/Fist Pump (1).fbx,Fist Pump (1).fbx,other,5,491616,b50b5b2,license-review-required
SourceAssets/Animations/Raw/Unverified/Fist Pump (2).fbx,Fist Pump (2).fbx,other,5,694160,b50b5b2,license-review-required
SourceAssets/Animations/Raw/Unverified/Fist Pump (3).fbx,Fist Pump (3).fbx,other,5,694160,b50b5b2,license-review-required
SourceAssets/Animations/Raw/Unverified/Fist Pump (4).fbx,Fist Pump (4).fbx,other,5,482480,b50b5b2,license-review-required
SourceAssets/Animations/Raw/Unverified/Fist Pump.fbx,Fist Pump.fbx,other,5,656352,b50b5b2,license-review-required
SourceAssets/Animations/Raw/Unverified/Flair.fbx,Flair.fbx,other,1,452240,b50b5b2,license-review-required
SourceAssets/Animations/Raw/Unverified/Flip Kick (1).fbx,Flip Kick (1).fbx,combat,2,493808,b50b5b2,license-review-required
SourceAssets/Animations/Raw/Unverified/Flip Kick.fbx,Flip Kick.fbx,combat,2,581440,b50b5b2,license-review-required
SourceAssets/Animations/Raw/Unverified/Flying Back Death.fbx,Flying Back Death.fbx,combat,1,551520,b50b5b2,license-review-required
SourceAssets/Animations/Raw/Unverified/Flying Bicycle Kick.fbx,Flying Bicycle Kick.fbx,combat,1,313632,b50b5b2,license-review-required
SourceAssets/Animations/Raw/Unverified/Flying Kick.fbx,Flying Kick.fbx,combat,1,436704,b50b5b2,license-review-required
SourceAssets/Animations/Raw/Unverified/Flying Knee Punch Combo.fbx,Flying Knee Punch Combo.fbx,combat,1,567168,b50b5b2,license-review-required
SourceAssets/Animations/Raw/Unverified/Flying Shoulder Throw.fbx,Flying Shoulder Throw.fbx,other,1,682816,b50b5b2,license-review-required
SourceAssets/Animations/Raw/Unverified/Flying.fbx,Flying.fbx,other,1,476544,b50b5b2,license-review-required
SourceAssets/Animations/Raw/Unverified/Focus.fbx,Focus.fbx,other,1,711536,b50b5b2,license-review-required
SourceAssets/Animations/Raw/Unverified/Football Catch (1).fbx,Football Catch (1).fbx,sports,2,669824,b50b5b2,license-review-required
SourceAssets/Animations/Raw/Unverified/Football Catch.fbx,Football Catch.fbx,sports,2,748240,b50b5b2,license-review-required
SourceAssets/Animations/Raw/Unverified/Football Hike.fbx,Football Hike.fbx,sports,1,633680,b50b5b2,license-review-required
SourceAssets/Animations/Raw/Unverified/Football Stance.fbx,Football Stance.fbx,sports,1,550512,b50b5b2,license-review-required
SourceAssets/Animations/Raw/Unverified/Forward Jump.fbx,Forward Jump.fbx,locomotion,1,539168,b50b5b2,license-review-required
SourceAssets/Animations/Raw/Unverified/Free Hang Hop Left.fbx,Free Hang Hop Left.fbx,other,1,474160,b50b5b2,license-review-required
SourceAssets/Animations/Raw/Unverified/Free Hang Hop Right.fbx,Free Hang Hop Right.fbx,other,1,474160,b50b5b2,license-review-required
SourceAssets/Animations/Raw/Unverified/Free Hang To Braced.fbx,Free Hang To Braced.fbx,other,1,379520,b50b5b2,license-review-required
SourceAssets/Animations/Raw/Unverified/Freehang Climb.fbx,Freehang Climb.fbx,locomotion,1,659952,b50b5b2,license-review-required
SourceAssets/Animations/Raw/Unverified/Freehang Drop.fbx,Freehang Drop.fbx,other,1,400032,b50b5b2,license-review-required
SourceAssets/Animations/Raw/Unverified/Frisbee Throw.fbx,Frisbee Throw.fbx,other,1,637456,b50b5b2,license-review-required
SourceAssets/Animations/Raw/Unverified/Front Flip.fbx,Front Flip.fbx,other,1,452240,b50b5b2,license-review-required
SourceAssets/Animations/Raw/Unverified/Front Raises (1).fbx,Front Raises (1).fbx,other,2,656176,b50b5b2,license-review-required
SourceAssets/Animations/Raw/Unverified/Front Raises.fbx,Front Raises.fbx,other,2,656176,b50b5b2,license-review-required
SourceAssets/Animations/Raw/Unverified/Front Twist Flip.fbx,Front Twist Flip.fbx,other,1,512720,b50b5b2,license-review-required
SourceAssets/Animations/Raw/Unverified/Gaming.fbx,Gaming.fbx,other,1,649856,b50b5b2,license-review-required
SourceAssets/Animations/Raw/Unverified/Gangnam Style.fbx,Gangnam Style.fbx,other,1,1225840,b50b5b2,license-review-required
SourceAssets/Animations/Raw/Unverified/Gathering Objects.fbx,Gathering Objects.fbx,other,1,747168,b50b5b2,license-review-required
SourceAssets/Animations/Raw/Unverified/Getting Hit Backwards.fbx,Getting Hit Backwards.fbx,combat,1,567376,b50b5b2,license-review-required
SourceAssets/Animations/Raw/Unverified/Getting Hit.fbx,Getting Hit.fbx,combat,1,666544,b50b5b2,license-review-required
SourceAssets/Animations/Raw/Unverified/Getting Smashed.fbx,Getting Smashed.fbx,other,1,515376,b50b5b2,license-review-required
SourceAssets/Animations/Raw/Unverified/Getting Thrown.fbx,Getting Thrown.fbx,other,1,658656,b50b5b2,license-review-required
SourceAssets/Animations/Raw/Unverified/Getting Up (1).fbx,Getting Up (1).fbx,other,5,540256,b50b5b2,license-review-required
SourceAssets/Animations/Raw/Unverified/Getting Up (2).fbx,Getting Up (2).fbx,other,5,936704,b50b5b2,license-review-required
SourceAssets/Animations/Raw/Unverified/Getting Up (3).fbx,Getting Up (3).fbx,other,5,999712,b50b5b2,license-review-required
SourceAssets/Animations/Raw/Unverified/Getting Up (4).fbx,Getting Up (4).fbx,other,5,959200,b50b5b2,license-review-required
SourceAssets/Animations/Raw/Unverified/Getting Up.fbx,Getting Up.fbx,other,5,936704,b50b5b2,license-review-required
SourceAssets/Animations/Raw/Unverified/Ginga Sideways 1.fbx,Ginga Sideways 1.fbx,other,1,452240,b50b5b2,license-review-required
SourceAssets/Animations/Raw/Unverified/Ginga Sideways 2.fbx,Ginga Sideways 2.fbx,other,1,520272,b50b5b2,license-review-required
SourceAssets/Animations/Raw/Unverified/Ginga Sideways To Au.fbx,Ginga Sideways To Au.fbx,other,1,690864,b50b5b2,license-review-required
SourceAssets/Animations/Raw/Unverified/Ginga Variation 1.fbx,Ginga Variation 1.fbx,other,1,656288,b50b5b2,license-review-required
SourceAssets/Animations/Raw/Unverified/Ginga Variation 2.fbx,Ginga Variation 2.fbx,other,1,697936,b50b5b2,license-review-required
SourceAssets/Animations/Raw/Unverified/Goalie Throw (1).fbx,Goalie Throw (1).fbx,other,2,699488,b50b5b2,license-review-required
SourceAssets/Animations/Raw/Unverified/Goalie Throw.fbx,Goalie Throw.fbx,other,2,699488,b50b5b2,license-review-required
SourceAssets/Animations/Raw/Unverified/Goalkeeper Body Block (1).fbx,Goalkeeper Body Block (1).fbx,combat,4,542960,b50b5b2,license-review-required
SourceAssets/Animations/Raw/Unverified/Goalkeeper Body Block (2).fbx,Goalkeeper Body Block (2).fbx,combat,4,542960,b50b5b2,license-review-required
SourceAssets/Animations/Raw/Unverified/Goalkeeper Body Block (3).fbx,Goalkeeper Body Block (3).fbx,combat,4,652576,b50b5b2,license-review-required
SourceAssets/Animations/Raw/Unverified/Goalkeeper Body Block.fbx,Goalkeeper Body Block.fbx,combat,4,561856,b50b5b2,license-review-required
SourceAssets/Animations/Raw/Unverified/Goalkeeper Catch (1).fbx,Goalkeeper Catch (1).fbx,other,5,574528,b50b5b2,license-review-required
SourceAssets/Animations/Raw/Unverified/Goalkeeper Catch (2).fbx,Goalkeeper Catch (2).fbx,other,5,569424,b50b5b2,license-review-required
SourceAssets/Animations/Raw/Unverified/Goalkeeper Catch (3).fbx,Goalkeeper Catch (3).fbx,other,5,569408,b50b5b2,license-review-required
SourceAssets/Animations/Raw/Unverified/Goalkeeper Catch (4).fbx,Goalkeeper Catch (4).fbx,other,5,501376,b50b5b2,license-review-required
SourceAssets/Animations/Raw/Unverified/Goalkeeper Catch.fbx,Goalkeeper Catch.fbx,other,5,406880,b50b5b2,license-review-required
SourceAssets/Animations/Raw/Unverified/Goalkeeper Directing.fbx,Goalkeeper Directing.fbx,other,1,814352,b50b5b2,license-review-required
SourceAssets/Animations/Raw/Unverified/Goalkeeper Diving Save (1).fbx,Goalkeeper Diving Save (1).fbx,other,2,648800,b50b5b2,license-review-required
SourceAssets/Animations/Raw/Unverified/Goalkeeper Diving Save.fbx,Goalkeeper Diving Save.fbx,other,2,629888,b50b5b2,license-review-required
SourceAssets/Animations/Raw/Unverified/Goalkeeper Drop Kick.fbx,Goalkeeper Drop Kick.fbx,combat,1,706192,b50b5b2,license-review-required
SourceAssets/Animations/Raw/Unverified/Goalkeeper Idle (1).fbx,Goalkeeper Idle (1).fbx,idle,2,533232,b50b5b2,license-review-required
SourceAssets/Animations/Raw/Unverified/Goalkeeper Idle.fbx,Goalkeeper Idle.fbx,idle,2,673280,b50b5b2,license-review-required
SourceAssets/Animations/Raw/Unverified/Goalkeeper Miss.fbx,Goalkeeper Miss.fbx,other,1,595872,b50b5b2,license-review-required
SourceAssets/Animations/Raw/Unverified/Goalkeeper Overhand Throw.fbx,Goalkeeper Overhand Throw.fbx,other,1,586960,b50b5b2,license-review-required
SourceAssets/Animations/Raw/Unverified/Goalkeeper Pass.fbx,Goalkeeper Pass.fbx,other,1,619184,b50b5b2,license-review-required
SourceAssets/Animations/Raw/Unverified/Goalkeeper Placing Ball (1).fbx,Goalkeeper Placing Ball (1).fbx,other,3,968208,b50b5b2,license-review-required
SourceAssets/Animations/Raw/Unverified/Goalkeeper Placing Ball (2).fbx,Goalkeeper Placing Ball (2).fbx,other,3,968208,b50b5b2,license-review-required
SourceAssets/Animations/Raw/Unverified/Goalkeeper Placing Ball.fbx,Goalkeeper Placing Ball.fbx,other,3,663920,b50b5b2,license-review-required
SourceAssets/Animations/Raw/Unverified/Goalkeeper Scoop (1).fbx,Goalkeeper Scoop (1).fbx,other,2,558080,b50b5b2,license-review-required
SourceAssets/Animations/Raw/Unverified/Goalkeeper Scoop.fbx,Goalkeeper Scoop.fbx,other,2,558080,b50b5b2,license-review-required
SourceAssets/Animations/Raw/Unverified/Goalkeeper Sidestep.fbx,Goalkeeper Sidestep.fbx,other,1,306432,b50b5b2,license-review-required
SourceAssets/Animations/Raw/Unverified/Golf Bad Shot (1).fbx,Golf Bad Shot (1).fbx,sports,3,1700032,b50b5b2,license-review-required
SourceAssets/Animations/Raw/Unverified/Golf Bad Shot (2).fbx,Golf Bad Shot (2).fbx,sports,3,993168,b50b5b2,license-review-required
SourceAssets/Animations/Raw/Unverified/Golf Bad Shot.fbx,Golf Bad Shot.fbx,sports,3,1374464,b50b5b2,license-review-required
SourceAssets/Animations/Raw/Unverified/Golf Chip (1).fbx,Golf Chip (1).fbx,sports,3,626128,b50b5b2,license-review-required
SourceAssets/Animations/Raw/Unverified/Golf Chip (2).fbx,Golf Chip (2).fbx,sports,3,713760,b50b5b2,license-review-required
SourceAssets/Animations/Raw/Unverified/Golf Chip.fbx,Golf Chip.fbx,sports,3,622336,b50b5b2,license-review-required
SourceAssets/Animations/Raw/Unverified/Golf Drive (1).fbx,Golf Drive (1).fbx,sports,7,649408,b50b5b2,license-review-required
SourceAssets/Animations/Raw/Unverified/Golf Drive (2).fbx,Golf Drive (2).fbx,sports,7,577072,b50b5b2,license-review-required
SourceAssets/Animations/Raw/Unverified/Golf Drive (3).fbx,Golf Drive (3).fbx,sports,7,688032,b50b5b2,license-review-required
SourceAssets/Animations/Raw/Unverified/Golf Drive (4).fbx,Golf Drive (4).fbx,sports,7,1224720,b50b5b2,license-review-required
SourceAssets/Animations/Raw/Unverified/Golf Drive (5).fbx,Golf Drive (5).fbx,sports,7,784624,b50b5b2,license-review-required
SourceAssets/Animations/Raw/Unverified/Golf Drive (6).fbx,Golf Drive (6).fbx,sports,7,602064,b50b5b2,license-review-required
SourceAssets/Animations/Raw/Unverified/Golf Drive Setup (1).fbx,Golf Drive Setup (1).fbx,sports,2,1024960,b50b5b2,license-review-required
SourceAssets/Animations/Raw/Unverified/Golf Drive Setup.fbx,Golf Drive Setup.fbx,sports,2,1250336,b50b5b2,license-review-required
SourceAssets/Animations/Raw/Unverified/Golf Drive.fbx,Golf Drive.fbx,sports,7,649408,b50b5b2,license-review-required
SourceAssets/Animations/Raw/Unverified/Golf Post Shot.fbx,Golf Post Shot.fbx,sports,1,977136,b50b5b2,license-review-required
SourceAssets/Animations/Raw/Unverified/Golf Post-Swing (1).fbx,Golf Post-Swing (1).fbx,sports,2,1158880,b50b5b2,license-review-required
SourceAssets/Animations/Raw/Unverified/Golf Post-Swing.fbx,Golf Post-Swing.fbx,sports,2,1064576,b50b5b2,license-review-required
SourceAssets/Animations/Raw/Unverified/Golf Pre-Putt (1).fbx,Golf Pre-Putt (1).fbx,sports,2,1410640,b50b5b2,license-review-required
SourceAssets/Animations/Raw/Unverified/Golf Pre-Putt.fbx,Golf Pre-Putt.fbx,sports,2,1350320,b50b5b2,license-review-required
SourceAssets/Animations/Raw/Unverified/Golf Putt (1).fbx,Golf Putt (1).fbx,sports,4,535936,b50b5b2,license-review-required
SourceAssets/Animations/Raw/Unverified/Golf Putt (2).fbx,Golf Putt (2).fbx,sports,4,637744,b50b5b2,license-review-required
SourceAssets/Animations/Raw/Unverified/Golf Putt (3).fbx,Golf Putt (3).fbx,sports,4,527616,b50b5b2,license-review-required
SourceAssets/Animations/Raw/Unverified/Golf Putt Failure (1).fbx,Golf Putt Failure (1).fbx,sports,3,1086496,b50b5b2,license-review-required
SourceAssets/Animations/Raw/Unverified/Golf Putt Failure (2).fbx,Golf Putt Failure (2).fbx,sports,3,1086496,b50b5b2,license-review-required
SourceAssets/Animations/Raw/Unverified/Golf Putt Failure.fbx,Golf Putt Failure.fbx,sports,3,991680,b50b5b2,license-review-required
SourceAssets/Animations/Raw/Unverified/Golf Putt Victory (1).fbx,Golf Putt Victory (1).fbx,sports,2,1005168,b50b5b2,license-review-required
SourceAssets/Animations/Raw/Unverified/Golf Putt Victory.fbx,Golf Putt Victory.fbx,sports,2,1283424,b50b5b2,license-review-required
SourceAssets/Animations/Raw/Unverified/Golf Putt.fbx,Golf Putt.fbx,sports,4,685520,b50b5b2,license-review-required
SourceAssets/Animations/Raw/Unverified/Golf Putting Victory.fbx,Golf Putting Victory.fbx,sports,1,874800,b50b5b2,license-review-required
SourceAssets/Animations/Raw/Unverified/Golf Tee Up (1).fbx,Golf Tee Up (1).fbx,sports,2,997344,b50b5b2,license-review-required
SourceAssets/Animations/Raw/Unverified/Golf Tee Up.fbx,Golf Tee Up.fbx,sports,2,1001408,b50b5b2,license-review-required
SourceAssets/Animations/Raw/Unverified/Goofy Running.fbx,Goofy Running.fbx,locomotion,1,321376,b50b5b2,license-review-required
SourceAssets/Animations/Raw/Unverified/Grab And Put Back Rifle.fbx,Grab And Put Back Rifle.fbx,combat,1,930864,b50b5b2,license-review-required
SourceAssets/Animations/Raw/Unverified/Grab And Slam (1).fbx,Grab And Slam (1).fbx,other,2,650048,b50b5b2,license-review-required
SourceAssets/Animations/Raw/Unverified/Grab And Slam.fbx,Grab And Slam.fbx,other,2,650048,b50b5b2,license-review-required
SourceAssets/Animations/Raw/Unverified/Grab Rifle And Put Back.fbx,Grab Rifle And Put Back.fbx,combat,1,817440,b50b5b2,license-review-required
SourceAssets/Animations/Raw/Unverified/Grab Rifle From Back.fbx,Grab Rifle From Back.fbx,combat,1,593712,b50b5b2,license-review-required
SourceAssets/Animations/Raw/Unverified/Grab Rifle From Behind Shoulder.fbx,Grab Rifle From Behind Shoulder.fbx,combat,1,664640,b50b5b2,license-review-required
SourceAssets/Animations/Raw/Unverified/Grab Rifle From The Side And Put Back.fbx,Grab Rifle From The Side And Put Back.fbx,combat,1,711712,b50b5b2,license-review-required
SourceAssets/Animations/Raw/Unverified/Grabbing Ammo.fbx,Grabbing Ammo.fbx,other,1,678272,b50b5b2,license-review-required
SourceAssets/Animations/Raw/Unverified/Grabbing Pistol.fbx,Grabbing Pistol.fbx,combat,1,517216,b50b5b2,license-review-required
SourceAssets/Animations/Raw/Unverified/Great Sword 180 Turn (1).fbx,Great Sword 180 Turn (1).fbx,combat,3,309136,b50b5b2,license-review-required
SourceAssets/Animations/Raw/Unverified/Great Sword 180 Turn (2).fbx,Great Sword 180 Turn (2).fbx,combat,3,328032,b50b5b2,license-review-required
SourceAssets/Animations/Raw/Unverified/Great Sword 180 Turn.fbx,Great Sword 180 Turn.fbx,combat,3,309136,b50b5b2,license-review-required
SourceAssets/Animations/Raw/Unverified/Great Sword Attack.fbx,Great Sword Attack.fbx,combat,1,360432,b50b5b2,license-review-required
SourceAssets/Animations/Raw/Unverified/Great Sword Blocking (1).fbx,Great Sword Blocking (1).fbx,combat,3,339440,b50b5b2,license-review-required
SourceAssets/Animations/Raw/Unverified/Great Sword Blocking (2).fbx,Great Sword Blocking (2).fbx,combat,3,408240,b50b5b2,license-review-required
SourceAssets/Animations/Raw/Unverified/Great Sword Blocking.fbx,Great Sword Blocking.fbx,combat,3,425664,b50b5b2,license-review-required
SourceAssets/Animations/Raw/Unverified/Great Sword Casting.fbx,Great Sword Casting.fbx,combat,1,595056,b50b5b2,license-review-required
SourceAssets/Animations/Raw/Unverified/Great Sword Crouching (1).fbx,Great Sword Crouching (1).fbx,combat,7,379664,b50b5b2,license-review-required
SourceAssets/Animations/Raw/Unverified/Great Sword Crouching (2).fbx,Great Sword Crouching (2).fbx,combat,7,331280,b50b5b2,license-review-required
SourceAssets/Animations/Raw/Unverified/Great Sword Crouching (3).fbx,Great Sword Crouching (3).fbx,combat,7,412208,b50b5b2,license-review-required
SourceAssets/Animations/Raw/Unverified/Great Sword Crouching (4).fbx,Great Sword Crouching (4).fbx,combat,7,407776,b50b5b2,license-review-required
SourceAssets/Animations/Raw/Unverified/Great Sword Crouching (5).fbx,Great Sword Crouching (5).fbx,combat,7,376640,b50b5b2,license-review-required
SourceAssets/Animations/Raw/Unverified/Great Sword Crouching (6).fbx,Great Sword Crouching (6).fbx,combat,7,329264,b50b5b2,license-review-required
SourceAssets/Animations/Raw/Unverified/Great Sword Crouching.fbx,Great Sword Crouching.fbx,combat,7,379664,b50b5b2,license-review-required
SourceAssets/Animations/Raw/Unverified/Great Sword High Spin Attack.fbx,Great Sword High Spin Attack.fbx,combat,1,486112,b50b5b2,license-review-required
SourceAssets/Animations/Raw/Unverified/Great Sword Idle (1).fbx,Great Sword Idle (1).fbx,combat,7,611712,b50b5b2,license-review-required
SourceAssets/Animations/Raw/Unverified/Great Sword Idle (2).fbx,Great Sword Idle (2).fbx,combat,7,621216,b50b5b2,license-review-required
SourceAssets/Animations/Raw/Unverified/Great Sword Idle (3).fbx,Great Sword Idle (3).fbx,combat,7,611712,b50b5b2,license-review-required
SourceAssets/Animations/Raw/Unverified/Great Sword Idle (4).fbx,Great Sword Idle (4).fbx,combat,7,602896,b50b5b2,license-review-required
SourceAssets/Animations/Raw/Unverified/Great Sword Idle (5).fbx,Great Sword Idle (5).fbx,combat,7,825552,b50b5b2,license-review-required
SourceAssets/Animations/Raw/Unverified/Great Sword Idle (6).fbx,Great Sword Idle (6).fbx,combat,7,825552,b50b5b2,license-review-required
SourceAssets/Animations/Raw/Unverified/Great Sword Idle.fbx,Great Sword Idle.fbx,combat,7,425232,b50b5b2,license-review-required
SourceAssets/Animations/Raw/Unverified/Great Sword Impact (1).fbx,Great Sword Impact (1).fbx,combat,6,334112,b50b5b2,license-review-required
SourceAssets/Animations/Raw/Unverified/Great Sword Impact (2).fbx,Great Sword Impact (2).fbx,combat,6,384992,b50b5b2,license-review-required
SourceAssets/Animations/Raw/Unverified/Great Sword Impact (3).fbx,Great Sword Impact (3).fbx,combat,6,317312,b50b5b2,license-review-required
SourceAssets/Animations/Raw/Unverified/Great Sword Impact (4).fbx,Great Sword Impact (4).fbx,combat,6,360432,b50b5b2,license-review-required
SourceAssets/Animations/Raw/Unverified/Great Sword Impact (5).fbx,Great Sword Impact (5).fbx,combat,6,360432,b50b5b2,license-review-required
SourceAssets/Animations/Raw/Unverified/Great Sword Impact.fbx,Great Sword Impact.fbx,combat,6,341536,b50b5b2,license-review-required
SourceAssets/Animations/Raw/Unverified/Great Sword Jump (1).fbx,Great Sword Jump (1).fbx,combat,2,317376,b50b5b2,license-review-required
SourceAssets/Animations/Raw/Unverified/Great Sword Jump Attack (1).fbx,Great Sword Jump Attack (1).fbx,combat,2,515568,b50b5b2,license-review-required
SourceAssets/Animations/Raw/Unverified/Great Sword Jump Attack.fbx,Great Sword Jump Attack.fbx,combat,2,515568,b50b5b2,license-review-required
SourceAssets/Animations/Raw/Unverified/Great Sword Jump.fbx,Great Sword Jump.fbx,combat,2,336128,b50b5b2,license-review-required
SourceAssets/Animations/Raw/Unverified/Great Sword Kick (1).fbx,Great Sword Kick (1).fbx,combat,2,385312,b50b5b2,license-review-required
SourceAssets/Animations/Raw/Unverified/Great Sword Kick.fbx,Great Sword Kick.fbx,combat,2,411120,b50b5b2,license-review-required
SourceAssets/Animations/Raw/Unverified/Great Sword Power Up.fbx,Great Sword Power Up.fbx,combat,1,561856,b50b5b2,license-review-required
SourceAssets/Animations/Raw/Unverified/Great Sword Run (1).fbx,Great Sword Run (1).fbx,combat,2,311840,b50b5b2,license-review-required
SourceAssets/Animations/Raw/Unverified/Great Sword Run.fbx,Great Sword Run.fbx,combat,2,322640,b50b5b2,license-review-required
SourceAssets/Animations/Raw/Unverified/Great Sword Slash (1).fbx,Great Sword Slash (1).fbx,combat,6,582176,b50b5b2,license-review-required
SourceAssets/Animations/Raw/Unverified/Great Sword Slash (2).fbx,Great Sword Slash (2).fbx,combat,6,422720,b50b5b2,license-review-required
SourceAssets/Animations/Raw/Unverified/Great Sword Slash (3).fbx,Great Sword Slash (3).fbx,combat,6,424784,b50b5b2,license-review-required
SourceAssets/Animations/Raw/Unverified/Great Sword Slash (4).fbx,Great Sword Slash (4).fbx,combat,6,373776,b50b5b2,license-review-required
SourceAssets/Animations/Raw/Unverified/Great Sword Slash (5).fbx,Great Sword Slash (5).fbx,combat,6,380768,b50b5b2,license-review-required
SourceAssets/Animations/Raw/Unverified/Great Sword Slash.fbx,Great Sword Slash.fbx,combat,6,582176,b50b5b2,license-review-required
SourceAssets/Animations/Raw/Unverified/Great Sword Slide Attack.fbx,Great Sword Slide Attack.fbx,combat,1,509840,b50b5b2,license-review-required
SourceAssets/Animations/Raw/Unverified/Great Sword Strafe (1).fbx,Great Sword Strafe (1).fbx,combat,5,314544,b50b5b2,license-review-required
SourceAssets/Animations/Raw/Unverified/Great Sword Strafe (2).fbx,Great Sword Strafe (2).fbx,combat,5,352336,b50b5b2,license-review-required
SourceAssets/Animations/Raw/Unverified/Great Sword Strafe (3).fbx,Great Sword Strafe (3).fbx,combat,5,352336,b50b5b2,license-review-required
SourceAssets/Animations/Raw/Unverified/Great Sword Strafe (4).fbx,Great Sword Strafe (4).fbx,combat,5,309136,b50b5b2,license-review-required
SourceAssets/Animations/Raw/Unverified/Great Sword Strafe.fbx,Great Sword Strafe.fbx,combat,5,357728,b50b5b2,license-review-required
SourceAssets/Animations/Raw/Unverified/Great Sword Turn (1).fbx,Great Sword Turn (1).fbx,combat,2,330736,b50b5b2,license-review-required
SourceAssets/Animations/Raw/Unverified/Great Sword Turn.fbx,Great Sword Turn.fbx,combat,2,323312,b50b5b2,license-review-required
SourceAssets/Animations/Raw/Unverified/Great Sword Walk (1).fbx,Great Sword Walk (1).fbx,combat,2,368528,b50b5b2,license-review-required
SourceAssets/Animations/Raw/Unverified/Great Sword Walk.fbx,Great Sword Walk.fbx,combat,2,373936,b50b5b2,license-review-required
SourceAssets/Animations/Raw/Unverified/Grenade Throw (1).fbx,Grenade Throw (1).fbx,combat,3,781088,b50b5b2,license-review-required
SourceAssets/Animations/Raw/Unverified/Grenade Throw (2).fbx,Grenade Throw (2).fbx,combat,3,554736,b50b5b2,license-review-required
SourceAssets/Animations/Raw/Unverified/Grenade Throw.fbx,Grenade Throw.fbx,combat,3,985216,b50b5b2,license-review-required
SourceAssets/Animations/Raw/Unverified/Guitar Playing (1).fbx,Guitar Playing (1).fbx,other,2,664256,b50b5b2,license-review-required
SourceAssets/Animations/Raw/Unverified/Guitar Playing.fbx,Guitar Playing.fbx,other,2,815472,b50b5b2,license-review-required
SourceAssets/Animations/Raw/Unverified/Gunplay (1).fbx,Gunplay (1).fbx,combat,7,319616,b50b5b2,license-review-required
SourceAssets/Animations/Raw/Unverified/Gunplay (2).fbx,Gunplay (2).fbx,combat,7,582528,b50b5b2,license-review-required
SourceAssets/Animations/Raw/Unverified/Gunplay (3).fbx,Gunplay (3).fbx,combat,7,468368,b50b5b2,license-review-required
SourceAssets/Animations/Raw/Unverified/Gunplay (4).fbx,Gunplay (4).fbx,combat,7,320112,b50b5b2,license-review-required
SourceAssets/Animations/Raw/Unverified/Gunplay (5).fbx,Gunplay (5).fbx,combat,7,316480,b50b5b2,license-review-required
SourceAssets/Animations/Raw/Unverified/Gunplay (6).fbx,Gunplay (6).fbx,combat,7,468432,b50b5b2,license-review-required
SourceAssets/Animations/Raw/Unverified/Gunplay.fbx,Gunplay.fbx,combat,7,561568,b50b5b2,license-review-required
SourceAssets/Animations/Raw/Unverified/Hand Raising.fbx,Hand Raising.fbx,other,1,720000,b50b5b2,license-review-required
SourceAssets/Animations/Raw/Unverified/Hands Forward Gesture.fbx,Hands Forward Gesture.fbx,social,1,614784,b50b5b2,license-review-required
SourceAssets/Animations/Raw/Unverified/Hanging Idle (1).fbx,Hanging Idle (1).fbx,idle,3,497600,b50b5b2,license-review-required
SourceAssets/Animations/Raw/Unverified/Hanging Idle (2).fbx,Hanging Idle (2).fbx,idle,3,502640,b50b5b2,license-review-required
SourceAssets/Animations/Raw/Unverified/Hanging Idle.fbx,Hanging Idle.fbx,idle,3,683184,b50b5b2,license-review-required
SourceAssets/Animations/Raw/Unverified/Hanging.fbx,Hanging.fbx,other,1,552464,b50b5b2,license-review-required
SourceAssets/Animations/Raw/Unverified/Happy Hand Gesture (1).fbx,Happy Hand Gesture (1).fbx,social,2,595872,b50b5b2,license-review-required
SourceAssets/Animations/Raw/Unverified/Happy Hand Gesture.fbx,Happy Hand Gesture.fbx,social,2,595872,b50b5b2,license-review-required
SourceAssets/Animations/Raw/Unverified/Happy Idle.fbx,Happy Idle.fbx,idle,1,490032,b50b5b2,license-review-required
SourceAssets/Animations/Raw/Unverified/Happy Right Turn.fbx,Happy Right Turn.fbx,locomotion,1,346432,b50b5b2,license-review-required
SourceAssets/Animations/Raw/Unverified/Happy Walk (1).fbx,Happy Walk (1).fbx,locomotion,2,387984,b50b5b2,license-review-required
SourceAssets/Animations/Raw/Unverified/Happy Walk Backward.fbx,Happy Walk Backward.fbx,locomotion,1,380416,b50b5b2,license-review-required
SourceAssets/Animations/Raw/Unverified/Happy Walk.fbx,Happy Walk.fbx,locomotion,2,387968,b50b5b2,license-review-required
SourceAssets/Animations/Raw/Unverified/Happy.fbx,Happy.fbx,other,1,1095552,b50b5b2,license-review-required
SourceAssets/Animations/Raw/Unverified/Hard Head Nod.fbx,Hard Head Nod.fbx,other,1,448448,b50b5b2,license-review-required
SourceAssets/Animations/Raw/Unverified/Hard Landing (1).fbx,Hard Landing (1).fbx,locomotion,2,468432,b50b5b2,license-review-required
SourceAssets/Animations/Raw/Unverified/Hard Landing.fbx,Hard Landing.fbx,locomotion,2,519728,b50b5b2,license-review-required
SourceAssets/Animations/Raw/Unverified/Harvesting.fbx,Harvesting.fbx,other,1,458528,b50b5b2,license-review-required
"SourceAssets/Animations/Raw/Unverified/Having A Meeting, Female (1).fbx","Having A Meeting, Female (1).fbx",other,2,3715776,b50b5b2,license-review-required
"SourceAssets/Animations/Raw/Unverified/Having A Meeting, Female.fbx","Having A Meeting, Female.fbx",other,2,3715776,b50b5b2,license-review-required
SourceAssets/Animations/Raw/Unverified/Head Gesture.fbx,Head Gesture.fbx,social,1,580752,b50b5b2,license-review-required
SourceAssets/Animations/Raw/Unverified/Head Hit (1).fbx,Head Hit (1).fbx,combat,8,363136,b50b5b2,license-review-required
SourceAssets/Animations/Raw/Unverified/Head Hit (2).fbx,Head Hit (2).fbx,combat,8,336816,b50b5b2,license-review-required
SourceAssets/Animations/Raw/Unverified/Head Hit (3).fbx,Head Hit (3).fbx,combat,8,377792,b50b5b2,license-review-required
SourceAssets/Animations/Raw/Unverified/Head Hit (4).fbx,Head Hit (4).fbx,combat,8,355216,b50b5b2,license-review-required
SourceAssets/Animations/Raw/Unverified/Head Hit (5).fbx,Head Hit (5).fbx,combat,8,348480,b50b5b2,license-review-required
SourceAssets/Animations/Raw/Unverified/Head Hit (6).fbx,Head Hit (6).fbx,combat,8,361808,b50b5b2,license-review-required
SourceAssets/Animations/Raw/Unverified/Head Hit (7).fbx,Head Hit (7).fbx,combat,8,396432,b50b5b2,license-review-required
SourceAssets/Animations/Raw/Unverified/Head Hit.fbx,Head Hit.fbx,combat,8,385776,b50b5b2,license-review-required
SourceAssets/Animations/Raw/Unverified/Head Nod Yes.fbx,Head Nod Yes.fbx,other,1,558080,b50b5b2,license-review-required
SourceAssets/Animations/Raw/Unverified/Head Spinning.fbx,Head Spinning.fbx,other,1,329968,b50b5b2,license-review-required
SourceAssets/Animations/Raw/Unverified/Headbutt.fbx,Headbutt.fbx,other,1,433328,b50b5b2,license-review-required
SourceAssets/Animations/Raw/Unverified/Header Soccerball (1).fbx,Header Soccerball (1).fbx,sports,4,470480,b50b5b2,license-review-required
SourceAssets/Animations/Raw/Unverified/Header Soccerball (2).fbx,Header Soccerball (2).fbx,sports,4,703232,b50b5b2,license-review-required
SourceAssets/Animations/Raw/Unverified/Header Soccerball (3).fbx,Header Soccerball (3).fbx,sports,4,703232,b50b5b2,license-review-required
SourceAssets/Animations/Raw/Unverified/Header Soccerball.fbx,Header Soccerball.fbx,sports,4,470480,b50b5b2,license-review-required
SourceAssets/Animations/Raw/Unverified/Header.fbx,Header.fbx,other,1,422672,b50b5b2,license-review-required
SourceAssets/Animations/Raw/Unverified/Headspin End.fbx,Headspin End.fbx,other,1,504304,b50b5b2,license-review-required
SourceAssets/Animations/Raw/Unverified/Headspin Start.fbx,Headspin Start.fbx,other,1,584528,b50b5b2,license-review-required
SourceAssets/Animations/Raw/Unverified/Heavy Weapon Swing.fbx,Heavy Weapon Swing.fbx,other,1,598928,b50b5b2,license-review-required
SourceAssets/Animations/Raw/Unverified/Hell Slammer A.fbx,Hell Slammer A.fbx,other,1,942832,b50b5b2,license-review-required
SourceAssets/Animations/Raw/Unverified/Hell Slammer B.fbx,Hell Slammer B.fbx,other,1,934240,b50b5b2,license-review-required
SourceAssets/Animations/Raw/Unverified/Hiding Grab.fbx,Hiding Grab.fbx,other,1,495792,b50b5b2,license-review-required
SourceAssets/Animations/Raw/Unverified/Hiding.fbx,Hiding.fbx,other,1,420560,b50b5b2,license-review-required
SourceAssets/Animations/Raw/Unverified/Hip Hop Dancing (1).fbx,Hip Hop Dancing (1).fbx,dance,16,742032,b50b5b2,license-review-required
SourceAssets/Animations/Raw/Unverified/Hip Hop Dancing (10).fbx,Hip Hop Dancing (10).fbx,dance,16,781392,b50b5b2,license-review-required
SourceAssets/Animations/Raw/Unverified/Hip Hop Dancing (11).fbx,Hip Hop Dancing (11).fbx,dance,16,588432,b50b5b2,license-review-required
SourceAssets/Animations/Raw/Unverified/Hip Hop Dancing (12).fbx,Hip Hop Dancing (12).fbx,dance,16,1491344,b50b5b2,license-review-required
SourceAssets/Animations/Raw/Unverified/Hip Hop Dancing (13).fbx,Hip Hop Dancing (13).fbx,dance,16,568656,b50b5b2,license-review-required
SourceAssets/Animations/Raw/Unverified/Hip Hop Dancing (14).fbx,Hip Hop Dancing (14).fbx,dance,16,1262560,b50b5b2,license-review-required
SourceAssets/Animations/Raw/Unverified/Hip Hop Dancing (15).fbx,Hip Hop Dancing (15).fbx,dance,16,1214480,b50b5b2,license-review-required
SourceAssets/Animations/Raw/Unverified/Hip Hop Dancing (2).fbx,Hip Hop Dancing (2).fbx,dance,16,621312,b50b5b2,license-review-required
SourceAssets/Animations/Raw/Unverified/Hip Hop Dancing (3).fbx,Hip Hop Dancing (3).fbx,dance,16,551456,b50b5b2,license-review-required
SourceAssets/Animations/Raw/Unverified/Hip Hop Dancing (4).fbx,Hip Hop Dancing (4).fbx,dance,16,1417136,b50b5b2,license-review-required
SourceAssets/Animations/Raw/Unverified/Hip Hop Dancing (5).fbx,Hip Hop Dancing (5).fbx,dance,16,1684000,b50b5b2,license-review-required
SourceAssets/Animations/Raw/Unverified/Hip Hop Dancing (6).fbx,Hip Hop Dancing (6).fbx,dance,16,721472,b50b5b2,license-review-required
SourceAssets/Animations/Raw/Unverified/Hip Hop Dancing (7).fbx,Hip Hop Dancing (7).fbx,dance,16,1471664,b50b5b2,license-review-required
SourceAssets/Animations/Raw/Unverified/Hip Hop Dancing (8).fbx,Hip Hop Dancing (8).fbx,dance,16,1528560,b50b5b2,license-review-required
SourceAssets/Animations/Raw/Unverified/Hip Hop Dancing (9).fbx,Hip Hop Dancing (9).fbx,dance,16,1712208,b50b5b2,license-review-required
SourceAssets/Animations/Raw/Unverified/Hip Hop Dancing.fbx,Hip Hop Dancing.fbx,dance,16,1410832,b50b5b2,license-review-required
SourceAssets/Animations/Raw/Unverified/Hit On Legs.fbx,Hit On Legs.fbx,combat,1,724400,b50b5b2,license-review-required
SourceAssets/Animations/Raw/Unverified/Hit On Side Of Body (1).fbx,Hit On Side Of Body (1).fbx,combat,2,542960,b50b5b2,license-review-required
SourceAssets/Animations/Raw/Unverified/Hit On Side Of Body.fbx,Hit On Side Of Body.fbx,combat,2,576976,b50b5b2,license-review-required
SourceAssets/Animations/Raw/Unverified/Hit On Side Of Head (1).fbx,Hit On Side Of Head (1).fbx,combat,2,633680,b50b5b2,license-review-required
SourceAssets/Animations/Raw/Unverified/Hit On Side Of Head.fbx,Hit On Side Of Head.fbx,combat,2,637456,b50b5b2,license-review-required
SourceAssets/Animations/Raw/Unverified/Hit On The Back.fbx,Hit On The Back.fbx,combat,1,548352,b50b5b2,license-review-required
SourceAssets/Animations/Raw/Unverified/Hit Reaction (1).fbx,Hit Reaction (1).fbx,combat,7,450864,b50b5b2,license-review-required
SourceAssets/Animations/Raw/Unverified/Hit Reaction (2).fbx,Hit Reaction (2).fbx,combat,7,474848,b50b5b2,license-review-required
SourceAssets/Animations/Raw/Unverified/Hit Reaction (3).fbx,Hit Reaction (3).fbx,combat,7,386096,b50b5b2,license-review-required
SourceAssets/Animations/Raw/Unverified/Hit Reaction (4).fbx,Hit Reaction (4).fbx,combat,7,460336,b50b5b2,license-review-required
SourceAssets/Animations/Raw/Unverified/Hit Reaction (5).fbx,Hit Reaction (5).fbx,combat,7,444672,b50b5b2,license-review-required
SourceAssets/Animations/Raw/Unverified/Hit Reaction (6).fbx,Hit Reaction (6).fbx,combat,7,514336,b50b5b2,license-review-required
SourceAssets/Animations/Raw/Unverified/Hit Reaction.fbx,Hit Reaction.fbx,combat,7,525968,b50b5b2,license-review-required
SourceAssets/Animations/Raw/Unverified/Hit To Body (1).fbx,Hit To Body (1).fbx,combat,5,371232,b50b5b2,license-review-required
SourceAssets/Animations/Raw/Unverified/Hit To Body (2).fbx,Hit To Body (2).fbx,combat,5,371232,b50b5b2,license-review-required
SourceAssets/Animations/Raw/Unverified/Hit To Body (3).fbx,Hit To Body (3).fbx,combat,5,360432,b50b5b2,license-review-required
SourceAssets/Animations/Raw/Unverified/Hit To Body (4).fbx,Hit To Body (4).fbx,combat,5,360432,b50b5b2,license-review-required
SourceAssets/Animations/Raw/Unverified/Hit To Body.fbx,Hit To Body.fbx,combat,5,357728,b50b5b2,license-review-required
SourceAssets/Animations/Raw/Unverified/Hit To Head.fbx,Hit To Head.fbx,combat,1,550512,b50b5b2,license-review-required
SourceAssets/Animations/Raw/Unverified/Hit To Side Of Body.fbx,Hit To Side Of Body.fbx,combat,1,580752,b50b5b2,license-review-required
SourceAssets/Animations/Raw/Unverified/Hit To The Legs.fbx,Hit To The Legs.fbx,combat,1,624672,b50b5b2,license-review-required
SourceAssets/Animations/Raw/Unverified/Hokey Pokey.fbx,Hokey Pokey.fbx,other,1,1248992,b50b5b2,license-review-required
SourceAssets/Animations/Raw/Unverified/Hold Off Assailant.fbx,Hold Off Assailant.fbx,other,1,651968,b50b5b2,license-review-required
SourceAssets/Animations/Raw/Unverified/Holding Down.fbx,Holding Down.fbx,other,1,458176,b50b5b2,license-review-required
SourceAssets/Animations/Raw/Unverified/Holding Idle.fbx,Holding Idle.fbx,idle,1,790384,b50b5b2,license-review-required
SourceAssets/Animations/Raw/Unverified/Holding Turn Left.fbx,Holding Turn Left.fbx,locomotion,1,379872,b50b5b2,license-review-required
SourceAssets/Animations/Raw/Unverified/Holding Walk.fbx,Holding Walk.fbx,locomotion,1,415264,b50b5b2,license-review-required
SourceAssets/Animations/Raw/Unverified/Honking Horn (1).fbx,Honking Horn (1).fbx,other,2,594432,b50b5b2,license-review-required
SourceAssets/Animations/Raw/Unverified/Honking Horn.fbx,Honking Horn.fbx,other,2,594432,b50b5b2,license-review-required
SourceAssets/Animations/Raw/Unverified/Hook (1).fbx,Hook (1).fbx,other,5,446832,b50b5b2,license-review-required
SourceAssets/Animations/Raw/Unverified/Hook (2).fbx,Hook (2).fbx,other,5,425232,b50b5b2,license-review-required
SourceAssets/Animations/Raw/Unverified/Hook (3).fbx,Hook (3).fbx,other,5,368528,b50b5b2,license-review-required
SourceAssets/Animations/Raw/Unverified/Hook (4).fbx,Hook (4).fbx,other,5,570528,b50b5b2,license-review-required
SourceAssets/Animations/Raw/Unverified/Hook Punch (1).fbx,Hook Punch (1).fbx,combat,2,438736,b50b5b2,license-review-required
SourceAssets/Animations/Raw/Unverified/Hook Punch.fbx,Hook Punch.fbx,combat,2,438736,b50b5b2,license-review-required
SourceAssets/Animations/Raw/Unverified/Hook.fbx,Hook.fbx,other,5,514656,b50b5b2,license-review-required
SourceAssets/Animations/Raw/Unverified/Hostage Situation Idle - Villain (1).fbx,Hostage Situation Idle - Villain (1).fbx,interaction,2,582256,b50b5b2,license-review-required
SourceAssets/Animations/Raw/Unverified/Hostage Situation Idle - Villain.fbx,Hostage Situation Idle - Villain.fbx,interaction,2,582256,b50b5b2,license-review-required
SourceAssets/Animations/Raw/Unverified/House Dancing (1).fbx,House Dancing (1).fbx,other,2,1926480,b50b5b2,license-review-required
SourceAssets/Animations/Raw/Unverified/House Dancing.fbx,House Dancing.fbx,other,2,2436336,b50b5b2,license-review-required
SourceAssets/Animations/Raw/Unverified/Hurricane Kick.fbx,Hurricane Kick.fbx,combat,1,370160,b50b5b2,license-review-required
SourceAssets/Animations/Raw/Unverified/Idle (1).fbx,Idle (1).fbx,idle,17,1645232,b50b5b2,license-review-required
SourceAssets/Animations/Raw/Unverified/Idle (10).fbx,Idle (10).fbx,idle,17,1009664,b50b5b2,license-review-required
SourceAssets/Animations/Raw/Unverified/Idle (11).fbx,Idle (11).fbx,idle,17,541344,b50b5b2,license-review-required
SourceAssets/Animations/Raw/Unverified/Idle (12).fbx,Idle (12).fbx,idle,17,812144,b50b5b2,license-review-required
SourceAssets/Animations/Raw/Unverified/Idle (13).fbx,Idle (13).fbx,idle,17,630320,b50b5b2,license-review-required
SourceAssets/Animations/Raw/Unverified/Idle (14).fbx,Idle (14).fbx,idle,17,490896,b50b5b2,license-review-required
SourceAssets/Animations/Raw/Unverified/Idle (15).fbx,Idle (15).fbx,idle,17,428800,b50b5b2,license-review-required
SourceAssets/Animations/Raw/Unverified/Idle (16).fbx,Idle (16).fbx,idle,17,553616,b50b5b2,license-review-required
SourceAssets/Animations/Raw/Unverified/Idle (2).fbx,Idle (2).fbx,idle,17,1645232,b50b5b2,license-review-required
SourceAssets/Animations/Raw/Unverified/Idle (3).fbx,Idle (3).fbx,idle,17,441440,b50b5b2,license-review-required
SourceAssets/Animations/Raw/Unverified/Idle (4).fbx,Idle (4).fbx,idle,17,498848,b50b5b2,license-review-required
SourceAssets/Animations/Raw/Unverified/Idle (5).fbx,Idle (5).fbx,idle,17,541328,b50b5b2,license-review-required
SourceAssets/Animations/Raw/Unverified/Idle (6).fbx,Idle (6).fbx,idle,17,465024,b50b5b2,license-review-required
SourceAssets/Animations/Raw/Unverified/Idle (7).fbx,Idle (7).fbx,idle,17,594864,b50b5b2,license-review-required
SourceAssets/Animations/Raw/Unverified/Idle (8).fbx,Idle (8).fbx,idle,17,999712,b50b5b2,license-review-required
SourceAssets/Animations/Raw/Unverified/Idle (9).fbx,Idle (9).fbx,idle,17,673632,b50b5b2,license-review-required
SourceAssets/Animations/Raw/Unverified/Idle Aiming (1).fbx,Idle Aiming (1).fbx,combat,2,426528,b50b5b2,license-review-required
SourceAssets/Animations/Raw/Unverified/Idle Aiming.fbx,Idle Aiming.fbx,combat,2,426528,b50b5b2,license-review-required
SourceAssets/Animations/Raw/Unverified/Idle Crouching Aiming.fbx,Idle Crouching Aiming.fbx,combat,1,428800,b50b5b2,license-review-required
SourceAssets/Animations/Raw/Unverified/Idle Crouching.fbx,Idle Crouching.fbx,idle,1,428800,b50b5b2,license-review-required
SourceAssets/Animations/Raw/Unverified/Idle To Braced Hang.fbx,Idle To Braced Hang.fbx,idle,1,393200,b50b5b2,license-review-required
SourceAssets/Animations/Raw/Unverified/Idle To Push Up.fbx,Idle To Push Up.fbx,interaction,1,558080,b50b5b2,license-review-required
SourceAssets/Animations/Raw/Unverified/Idle To Running.fbx,Idle To Running.fbx,locomotion,1,345920,b50b5b2,license-review-required
SourceAssets/Animations/Raw/Unverified/Idle To Situp.fbx,Idle To Situp.fbx,interaction,1,668304,b50b5b2,license-review-required
SourceAssets/Animations/Raw/Unverified/Idle To Sprint (1).fbx,Idle To Sprint (1).fbx,locomotion,2,345312,b50b5b2,license-review-required
SourceAssets/Animations/Raw/Unverified/Idle To Sprint.fbx,Idle To Sprint.fbx,locomotion,2,345312,b50b5b2,license-review-required
SourceAssets/Animations/Raw/Unverified/Idle Transition (1).fbx,Idle Transition (1).fbx,interaction,3,588320,b50b5b2,license-review-required
SourceAssets/Animations/Raw/Unverified/Idle Transition (2).fbx,Idle Transition (2).fbx,interaction,3,470880,b50b5b2,license-review-required
SourceAssets/Animations/Raw/Unverified/Idle Transition.fbx,Idle Transition.fbx,interaction,3,588320,b50b5b2,license-review-required
SourceAssets/Animations/Raw/Unverified/Idle.fbx,Idle.fbx,idle,17,673632,b50b5b2,license-review-required
SourceAssets/Animations/Raw/Unverified/Illegal Elbow Punch (1).fbx,Illegal Elbow Punch (1).fbx,combat,2,427936,b50b5b2,license-review-required
SourceAssets/Animations/Raw/Unverified/Illegal Elbow Punch.fbx,Illegal Elbow Punch.fbx,combat,2,446832,b50b5b2,license-review-required
SourceAssets/Animations/Raw/Unverified/Illegal Headbutt (1).fbx,Illegal Headbutt (1).fbx,other,2,444128,b50b5b2,license-review-required
SourceAssets/Animations/Raw/Unverified/Illegal Headbutt.fbx,Illegal Headbutt.fbx,other,2,444128,b50b5b2,license-review-required
SourceAssets/Animations/Raw/Unverified/Illegal Knee (1).fbx,Illegal Knee (1).fbx,other,2,446832,b50b5b2,license-review-required
SourceAssets/Animations/Raw/Unverified/Illegal Knee.fbx,Illegal Knee.fbx,other,2,446832,b50b5b2,license-review-required
SourceAssets/Animations/Raw/Unverified/Injured Backwards Turn Left.fbx,Injured Backwards Turn Left.fbx,locomotion,1,345600,b50b5b2,license-review-required
SourceAssets/Animations/Raw/Unverified/Injured Backwards Turn Right.fbx,Injured Backwards Turn Right.fbx,locomotion,1,342608,b50b5b2,license-review-required
SourceAssets/Animations/Raw/Unverified/Injured Hurting Idle.fbx,Injured Hurting Idle.fbx,idle,1,798320,b50b5b2,license-review-required
SourceAssets/Animations/Raw/Unverified/Injured Idle.fbx,Injured Idle.fbx,idle,1,1004784,b50b5b2,license-review-required
SourceAssets/Animations/Raw/Unverified/Injured Jog.fbx,Injured Jog.fbx,locomotion,1,639440,b50b5b2,license-review-required
SourceAssets/Animations/Raw/Unverified/Injured Run Backwards Left Turn.fbx,Injured Run Backwards Left Turn.fbx,locomotion,1,430096,b50b5b2,license-review-required
SourceAssets/Animations/Raw/Unverified/Injured Run Backwards Right Turn.fbx,Injured Run Backwards Right Turn.fbx,locomotion,1,321408,b50b5b2,license-review-required
SourceAssets/Animations/Raw/Unverified/Injured Run Backwards.fbx,Injured Run Backwards.fbx,locomotion,1,329328,b50b5b2,license-review-required
SourceAssets/Animations/Raw/Unverified/Injured Run Jump.fbx,Injured Run Jump.fbx,locomotion,1,344016,b50b5b2,license-review-required
SourceAssets/Animations/Raw/Unverified/Injured Run Left Turn.fbx,Injured Run Left Turn.fbx,locomotion,1,329984,b50b5b2,license-review-required
SourceAssets/Animations/Raw/Unverified/Injured Run.fbx,Injured Run.fbx,locomotion,1,331632,b50b5b2,license-review-required
SourceAssets/Animations/Raw/Unverified/Injured Standing Jump.fbx,Injured Standing Jump.fbx,locomotion,1,472544,b50b5b2,license-review-required
SourceAssets/Animations/Raw/Unverified/Injured Stumble Idle.fbx,Injured Stumble Idle.fbx,idle,1,695664,b50b5b2,license-review-required
SourceAssets/Animations/Raw/Unverified/Injured Turn Left.fbx,Injured Turn Left.fbx,locomotion,1,363344,b50b5b2,license-review-required
SourceAssets/Animations/Raw/Unverified/Injured Turn Right.fbx,Injured Turn Right.fbx,locomotion,1,339840,b50b5b2,license-review-required
SourceAssets/Animations/Raw/Unverified/Injured Walk Backwards (1).fbx,Injured Walk Backwards (1).fbx,locomotion,2,452240,b50b5b2,license-review-required
SourceAssets/Animations/Raw/Unverified/Injured Walk Backwards.fbx,Injured Walk Backwards.fbx,locomotion,2,452240,b50b5b2,license-review-required
SourceAssets/Animations/Raw/Unverified/Injured Walk Left Turn.fbx,Injured Walk Left Turn.fbx,locomotion,1,483552,b50b5b2,license-review-required
SourceAssets/Animations/Raw/Unverified/Injured Walk Right Turn (1).fbx,Injured Walk Right Turn (1).fbx,locomotion,2,465200,b50b5b2,license-review-required
SourceAssets/Animations/Raw/Unverified/Injured Walk Right Turn.fbx,Injured Walk Right Turn.fbx,locomotion,2,465200,b50b5b2,license-review-required
SourceAssets/Animations/Raw/Unverified/Injured Walking.fbx,Injured Walking.fbx,locomotion,1,352880,b50b5b2,license-review-required
SourceAssets/Animations/Raw/Unverified/Injured Wave Idle.fbx,Injured Wave Idle.fbx,social,1,713136,b50b5b2,license-review-required
SourceAssets/Animations/Raw/Unverified/Inside Crescent Kick.fbx,Inside Crescent Kick.fbx,combat,1,551232,b50b5b2,license-review-required
SourceAssets/Animations/Raw/Unverified/Inspecting.fbx,Inspecting.fbx,other,1,577904,b50b5b2,license-review-required
SourceAssets/Animations/Raw/Unverified/Insult.fbx,Insult.fbx,other,1,565632,b50b5b2,license-review-required
SourceAssets/Animations/Raw/Unverified/Intercepting.fbx,Intercepting.fbx,other,1,465008,b50b5b2,license-review-required
SourceAssets/Animations/Raw/Unverified/Inward Block.fbx,Inward Block.fbx,combat,1,380448,b50b5b2,license-review-required
SourceAssets/Animations/Raw/Unverified/Iv Pole Walking.fbx,Iv Pole Walking.fbx,locomotion,1,415504,b50b5b2,license-review-required
SourceAssets/Animations/Raw/Unverified/Jab Cross (1).fbx,Jab Cross (1).fbx,other,4,436032,b50b5b2,license-review-required
SourceAssets/Animations/Raw/Unverified/Jab Cross (2).fbx,Jab Cross (2).fbx,other,4,422544,b50b5b2,license-review-required
SourceAssets/Animations/Raw/Unverified/Jab Cross (3).fbx,Jab Cross (3).fbx,other,4,444128,b50b5b2,license-review-required
SourceAssets/Animations/Raw/Unverified/Jab Cross.fbx,Jab Cross.fbx,other,4,436032,b50b5b2,license-review-required
SourceAssets/Animations/Raw/Unverified/Jab To Elbow Punch.fbx,Jab To Elbow Punch.fbx,combat,1,633680,b50b5b2,license-review-required
SourceAssets/Animations/Raw/Unverified/Jazz Dancing (1).fbx,Jazz Dancing (1).fbx,other,4,438912,b50b5b2,license-review-required
SourceAssets/Animations/Raw/Unverified/Jazz Dancing (2).fbx,Jazz Dancing (2).fbx,other,4,573200,b50b5b2,license-review-required
SourceAssets/Animations/Raw/Unverified/Jazz Dancing (3).fbx,Jazz Dancing (3).fbx,other,4,455856,b50b5b2,license-review-required
SourceAssets/Animations/Raw/Unverified/Jazz Dancing.fbx,Jazz Dancing.fbx,other,4,472976,b50b5b2,license-review-required
SourceAssets/Animations/Raw/Unverified/Jog Backward Diagonal (1).fbx,Jog Backward Diagonal (1).fbx,locomotion,2,357728,b50b5b2,license-review-required
SourceAssets/Animations/Raw/Unverified/Jog Backward Diagonal.fbx,Jog Backward Diagonal.fbx,locomotion,2,344016,b50b5b2,license-review-required
SourceAssets/Animations/Raw/Unverified/Jog Backward.fbx,Jog Backward.fbx,locomotion,1,353952,b50b5b2,license-review-required
SourceAssets/Animations/Raw/Unverified/Jog Forward Diagonal (1).fbx,Jog Forward Diagonal (1).fbx,locomotion,2,353952,b50b5b2,license-review-required
SourceAssets/Animations/Raw/Unverified/Jog Forward Diagonal.fbx,Jog Forward Diagonal.fbx,locomotion,2,353952,b50b5b2,license-review-required
SourceAssets/Animations/Raw/Unverified/Jog Forward.fbx,Jog Forward.fbx,locomotion,1,357728,b50b5b2,license-review-required
SourceAssets/Animations/Raw/Unverified/Jog In Circle (1).fbx,Jog In Circle (1).fbx,locomotion,2,789888,b50b5b2,license-review-required
SourceAssets/Animations/Raw/Unverified/Jog In Circle.fbx,Jog In Circle.fbx,locomotion,2,789888,b50b5b2,license-review-required
SourceAssets/Animations/Raw/Unverified/Jog Strafe Left.fbx,Jog Strafe Left.fbx,locomotion,1,329760,b50b5b2,license-review-required
SourceAssets/Animations/Raw/Unverified/Jogging (1).fbx,Jogging (1).fbx,locomotion,2,548752,b50b5b2,license-review-required
SourceAssets/Animations/Raw/Unverified/Jogging Stumble (1).fbx,Jogging Stumble (1).fbx,locomotion,2,395536,b50b5b2,license-review-required
SourceAssets/Animations/Raw/Unverified/Jogging Stumble.fbx,Jogging Stumble.fbx,locomotion,2,395536,b50b5b2,license-review-required
SourceAssets/Animations/Raw/Unverified/Jogging With Box.fbx,Jogging With Box.fbx,locomotion,1,325328,b50b5b2,license-review-required
SourceAssets/Animations/Raw/Unverified/Jogging.fbx,Jogging.fbx,locomotion,2,548752,b50b5b2,license-review-required
SourceAssets/Animations/Raw/Unverified/Jostled Passenger.fbx,Jostled Passenger.fbx,other,1,482112,b50b5b2,license-review-required
SourceAssets/Animations/Raw/Unverified/Joyful Jump.fbx,Joyful Jump.fbx,locomotion,1,470880,b50b5b2,license-review-required
SourceAssets/Animations/Raw/Unverified/Jump (1).fbx,Jump (1).fbx,locomotion,10,508928,b50b5b2,license-review-required
SourceAssets/Animations/Raw/Unverified/Jump (2).fbx,Jump (2).fbx,locomotion,10,558080,b50b5b2,license-review-required
SourceAssets/Animations/Raw/Unverified/Jump (3).fbx,Jump (3).fbx,locomotion,10,558080,b50b5b2,license-review-required
SourceAssets/Animations/Raw/Unverified/Jump (4).fbx,Jump (4).fbx,locomotion,10,336032,b50b5b2,license-review-required
SourceAssets/Animations/Raw/Unverified/Jump (5).fbx,Jump (5).fbx,locomotion,10,376640,b50b5b2,license-review-required
SourceAssets/Animations/Raw/Unverified/Jump (6).fbx,Jump (6).fbx,locomotion,10,487328,b50b5b2,license-review-required
SourceAssets/Animations/Raw/Unverified/Jump (7).fbx,Jump (7).fbx,locomotion,10,343552,b50b5b2,license-review-required
SourceAssets/Animations/Raw/Unverified/Jump (8).fbx,Jump (8).fbx,locomotion,10,452240,b50b5b2,license-review-required
SourceAssets/Animations/Raw/Unverified/Jump (9).fbx,Jump (9).fbx,locomotion,10,369072,b50b5b2,license-review-required
SourceAssets/Animations/Raw/Unverified/Jump Attack.fbx,Jump Attack.fbx,combat,1,696032,b50b5b2,license-review-required
SourceAssets/Animations/Raw/Unverified/Jump Away.fbx,Jump Away.fbx,locomotion,1,561856,b50b5b2,license-review-required
SourceAssets/Animations/Raw/Unverified/Jump Backward (1).fbx,Jump Backward (1).fbx,locomotion,2,345856,b50b5b2,license-review-required
SourceAssets/Animations/Raw/Unverified/Jump Backward.fbx,Jump Backward.fbx,locomotion,2,361520,b50b5b2,license-review-required
SourceAssets/Animations/Raw/Unverified/Jump Down.fbx,Jump Down.fbx,locomotion,1,546736,b50b5b2,license-review-required
SourceAssets/Animations/Raw/Unverified/Jump Forward.fbx,Jump Forward.fbx,locomotion,1,362560,b50b5b2,license-review-required
SourceAssets/Animations/Raw/Unverified/Jump Loop.fbx,Jump Loop.fbx,locomotion,1,339920,b50b5b2,license-review-required
SourceAssets/Animations/Raw/Unverified/Jump Over.fbx,Jump Over.fbx,locomotion,1,525472,b50b5b2,license-review-required
SourceAssets/Animations/Raw/Unverified/Jump To Freehang.fbx,Jump To Freehang.fbx,locomotion,1,516320,b50b5b2,license-review-required
SourceAssets/Animations/Raw/Unverified/Jump Up.fbx,Jump Up.fbx,locomotion,1,306720,b50b5b2,license-review-required
SourceAssets/Animations/Raw/Unverified/Jump.fbx,Jump.fbx,locomotion,10,508928,b50b5b2,license-review-required
SourceAssets/Animations/Raw/Unverified/Jumping (1).fbx,Jumping (1).fbx,locomotion,14,395536,b50b5b2,license-review-required
SourceAssets/Animations/Raw/Unverified/Jumping (10).fbx,Jumping (10).fbx,locomotion,14,531616,b50b5b2,license-review-required
SourceAssets/Animations/Raw/Unverified/Jumping (11).fbx,Jumping (11).fbx,locomotion,14,501376,b50b5b2,license-review-required
SourceAssets/Animations/Raw/Unverified/Jumping (12).fbx,Jumping (12).fbx,locomotion,14,373936,b50b5b2,license-review-required
SourceAssets/Animations/Raw/Unverified/Jumping (13).fbx,Jumping (13).fbx,locomotion,14,501376,b50b5b2,license-review-required
SourceAssets/Animations/Raw/Unverified/Jumping (2).fbx,Jumping (2).fbx,locomotion,14,457632,b50b5b2,license-review-required
SourceAssets/Animations/Raw/Unverified/Jumping (3).fbx,Jumping (3).fbx,locomotion,14,363136,b50b5b2,license-review-required
SourceAssets/Animations/Raw/Unverified/Jumping (4).fbx,Jumping (4).fbx,locomotion,14,405600,b50b5b2,license-review-required
SourceAssets/Animations/Raw/Unverified/Jumping (5).fbx,Jumping (5).fbx,locomotion,14,458176,b50b5b2,license-review-required
SourceAssets/Animations/Raw/Unverified/Jumping (6).fbx,Jumping (6).fbx,locomotion,14,482224,b50b5b2,license-review-required
SourceAssets/Animations/Raw/Unverified/Jumping (7).fbx,Jumping (7).fbx,locomotion,14,451072,b50b5b2,license-review-required
SourceAssets/Animations/Raw/Unverified/Jumping (8).fbx,Jumping (8).fbx,locomotion,14,512720,b50b5b2,license-review-required
SourceAssets/Animations/Raw/Unverified/Jumping (9).fbx,Jumping (9).fbx,locomotion,14,528624,b50b5b2,license-review-required
SourceAssets/Animations/Raw/Unverified/Jumping Down (1).fbx,Jumping Down (1).fbx,locomotion,11,589536,b50b5b2,license-review-required
SourceAssets/Animations/Raw/Unverified/Jumping Down (10).fbx,Jumping Down (10).fbx,locomotion,11,591488,b50b5b2,license-review-required
SourceAssets/Animations/Raw/Unverified/Jumping Down (2).fbx,Jumping Down (2).fbx,locomotion,11,656544,b50b5b2,license-review-required
SourceAssets/Animations/Raw/Unverified/Jumping Down (3).fbx,Jumping Down (3).fbx,locomotion,11,544752,b50b5b2,license-review-required
SourceAssets/Animations/Raw/Unverified/Jumping Down (4).fbx,Jumping Down (4).fbx,locomotion,11,560848,b50b5b2,license-review-required
SourceAssets/Animations/Raw/Unverified/Jumping Down (5).fbx,Jumping Down (5).fbx,locomotion,11,517872,b50b5b2,license-review-required
SourceAssets/Animations/Raw/Unverified/Jumping Down (6).fbx,Jumping Down (6).fbx,locomotion,11,374912,b50b5b2,license-review-required
SourceAssets/Animations/Raw/Unverified/Jumping Down (7).fbx,Jumping Down (7).fbx,locomotion,11,744320,b50b5b2,license-review-required
SourceAssets/Animations/Raw/Unverified/Jumping Down (8).fbx,Jumping Down (8).fbx,locomotion,11,449536,b50b5b2,license-review-required
SourceAssets/Animations/Raw/Unverified/Jumping Down (9).fbx,Jumping Down (9).fbx,locomotion,11,544032,b50b5b2,license-review-required
SourceAssets/Animations/Raw/Unverified/Jumping Down.fbx,Jumping Down.fbx,locomotion,11,512912,b50b5b2,license-review-required
SourceAssets/Animations/Raw/Unverified/Jumping Jacks.fbx,Jumping Jacks.fbx,locomotion,1,384416,b50b5b2,license-review-required
SourceAssets/Animations/Raw/Unverified/Jumping Out Of A Plane.fbx,Jumping Out Of A Plane.fbx,locomotion,1,497600,b50b5b2,license-review-required
SourceAssets/Animations/Raw/Unverified/Jumping Over Into Combat.fbx,Jumping Over Into Combat.fbx,combat,1,736272,b50b5b2,license-review-required
SourceAssets/Animations/Raw/Unverified/Jumping Rope.fbx,Jumping Rope.fbx,locomotion,1,476000,b50b5b2,license-review-required
SourceAssets/Animations/Raw/Unverified/Jumping To Hanging.fbx,Jumping To Hanging.fbx,locomotion,1,417136,b50b5b2,license-review-required
SourceAssets/Animations/Raw/Unverified/Jumping Up.fbx,Jumping Up.fbx,locomotion,1,348736,b50b5b2,license-review-required
SourceAssets/Animations/Raw/Unverified/Jumping.fbx,Jumping.fbx,locomotion,14,395536,b50b5b2,license-review-required
SourceAssets/Animations/Raw/Unverified/Kettlebell Swing (1).fbx,Kettlebell Swing (1).fbx,other,3,539168,b50b5b2,license-review-required
SourceAssets/Animations/Raw/Unverified/Kettlebell Swing (2).fbx,Kettlebell Swing (2).fbx,other,3,786448,b50b5b2,license-review-required
SourceAssets/Animations/Raw/Unverified/Kettlebell Swing.fbx,Kettlebell Swing.fbx,other,3,422528,b50b5b2,license-review-required
SourceAssets/Animations/Raw/Unverified/Kick Soccerball (1).fbx,Kick Soccerball (1).fbx,combat,3,314640,b50b5b2,license-review-required
SourceAssets/Animations/Raw/Unverified/Kick Soccerball (2).fbx,Kick Soccerball (2).fbx,combat,3,410656,b50b5b2,license-review-required
SourceAssets/Animations/Raw/Unverified/Kick Soccerball.fbx,Kick Soccerball.fbx,combat,3,314640,b50b5b2,license-review-required
SourceAssets/Animations/Raw/Unverified/Kick To The Groin (1).fbx,Kick To The Groin (1).fbx,combat,4,633680,b50b5b2,license-review-required
SourceAssets/Animations/Raw/Unverified/Kick To The Groin (2).fbx,Kick To The Groin (2).fbx,combat,4,618912,b50b5b2,license-review-required
SourceAssets/Animations/Raw/Unverified/Kick To The Groin (3).fbx,Kick To The Groin (3).fbx,combat,4,618912,b50b5b2,license-review-required
SourceAssets/Animations/Raw/Unverified/Kick To The Groin.fbx,Kick To The Groin.fbx,combat,4,731952,b50b5b2,license-review-required
SourceAssets/Animations/Raw/Unverified/Kicking (1).fbx,Kicking (1).fbx,combat,11,538640,b50b5b2,license-review-required
SourceAssets/Animations/Raw/Unverified/Kicking (10).fbx,Kicking (10).fbx,combat,11,384736,b50b5b2,license-review-required
SourceAssets/Animations/Raw/Unverified/Kicking (2).fbx,Kicking (2).fbx,combat,11,481504,b50b5b2,license-review-required
SourceAssets/Animations/Raw/Unverified/Kicking (3).fbx,Kicking (3).fbx,combat,11,570928,b50b5b2,license-review-required
SourceAssets/Animations/Raw/Unverified/Kicking (4).fbx,Kicking (4).fbx,combat,11,505584,b50b5b2,license-review-required
SourceAssets/Animations/Raw/Unverified/Kicking (5).fbx,Kicking (5).fbx,combat,11,392832,b50b5b2,license-review-required
SourceAssets/Animations/Raw/Unverified/Kicking (6).fbx,Kicking (6).fbx,combat,11,441440,b50b5b2,license-review-required
SourceAssets/Animations/Raw/Unverified/Kicking (7).fbx,Kicking (7).fbx,combat,11,446832,b50b5b2,license-review-required
SourceAssets/Animations/Raw/Unverified/Kicking (8).fbx,Kicking (8).fbx,combat,11,436032,b50b5b2,license-review-required
SourceAssets/Animations/Raw/Unverified/Kicking (9).fbx,Kicking (9).fbx,combat,11,473840,b50b5b2,license-review-required
SourceAssets/Animations/Raw/Unverified/Kicking Out.fbx,Kicking Out.fbx,combat,1,418752,b50b5b2,license-review-required
SourceAssets/Animations/Raw/Unverified/Kicking.fbx,Kicking.fbx,combat,11,436400,b50b5b2,license-review-required
SourceAssets/Animations/Raw/Unverified/Kidney Hit.fbx,Kidney Hit.fbx,combat,1,355040,b50b5b2,license-review-required
SourceAssets/Animations/Raw/Unverified/Kip Up.fbx,Kip Up.fbx,other,1,496032,b50b5b2,license-review-required
SourceAssets/Animations/Raw/Unverified/Kiss (1).fbx,Kiss (1).fbx,other,6,686592,b50b5b2,license-review-required
SourceAssets/Animations/Raw/Unverified/Kiss (2).fbx,Kiss (2).fbx,other,6,891664,b50b5b2,license-review-required
SourceAssets/Animations/Raw/Unverified/Kiss (3).fbx,Kiss (3).fbx,other,6,891664,b50b5b2,license-review-required
SourceAssets/Animations/Raw/Unverified/Kiss (4).fbx,Kiss (4).fbx,other,6,686592,b50b5b2,license-review-required
SourceAssets/Animations/Raw/Unverified/Kiss (5).fbx,Kiss (5).fbx,other,6,686592,b50b5b2,license-review-required
SourceAssets/Animations/Raw/Unverified/Kiss.fbx,Kiss.fbx,other,6,891664,b50b5b2,license-review-required
SourceAssets/Animations/Raw/Unverified/Knee Jab.fbx,Knee Jab.fbx,other,1,800624,b50b5b2,license-review-required
SourceAssets/Animations/Raw/Unverified/Knee Jabs To Uppercut.fbx,Knee Jabs To Uppercut.fbx,other,1,772592,b50b5b2,license-review-required
SourceAssets/Animations/Raw/Unverified/Kneeing Soccerball (1).fbx,Kneeing Soccerball (1).fbx,sports,3,333008,b50b5b2,license-review-required
SourceAssets/Animations/Raw/Unverified/Kneeing Soccerball (2).fbx,Kneeing Soccerball (2).fbx,sports,3,362384,b50b5b2,license-review-required
SourceAssets/Animations/Raw/Unverified/Kneeing Soccerball.fbx,Kneeing Soccerball.fbx,sports,3,333008,b50b5b2,license-review-required
SourceAssets/Animations/Raw/Unverified/Kneel.fbx,Kneel.fbx,other,1,1158112,b50b5b2,license-review-required
SourceAssets/Animations/Raw/Unverified/Kneeling Idle.fbx,Kneeling Idle.fbx,idle,1,627952,b50b5b2,license-review-required
SourceAssets/Animations/Raw/Unverified/Kneeling Inspecting.fbx,Kneeling Inspecting.fbx,other,1,659408,b50b5b2,license-review-required
SourceAssets/Animations/Raw/Unverified/Kneeling Pointing (1).fbx,Kneeling Pointing (1).fbx,social,2,663376,b50b5b2,license-review-required
SourceAssets/Animations/Raw/Unverified/Kneeling Pointing.fbx,Kneeling Pointing.fbx,social,2,663376,b50b5b2,license-review-required
SourceAssets/Animations/Raw/Unverified/Kneeling.fbx,Kneeling.fbx,other,1,632240,b50b5b2,license-review-required
SourceAssets/Animations/Raw/Unverified/Knife Idle.fbx,Knife Idle.fbx,idle,1,551456,b50b5b2,license-review-required
SourceAssets/Animations/Raw/Unverified/Knock Off Assailant.fbx,Knock Off Assailant.fbx,other,1,547088,b50b5b2,license-review-required
SourceAssets/Animations/Raw/Unverified/Knocked Down.fbx,Knocked Down.fbx,other,1,552000,b50b5b2,license-review-required
SourceAssets/Animations/Raw/Unverified/Knocked Out (1).fbx,Knocked Out (1).fbx,other,2,766912,b50b5b2,license-review-required
SourceAssets/Animations/Raw/Unverified/Knocked Out.fbx,Knocked Out.fbx,other,2,710528,b50b5b2,license-review-required
SourceAssets/Animations/Raw/Unverified/Knocked Unconscious.fbx,Knocked Unconscious.fbx,other,1,636304,b50b5b2,license-review-required
SourceAssets/Animations/Raw/Unverified/Landing.fbx,Landing.fbx,locomotion,1,501376,b50b5b2,license-review-required
SourceAssets/Animations/Raw/Unverified/Laughing.fbx,Laughing.fbx,social,1,1072960,b50b5b2,license-review-required
SourceAssets/Animations/Raw/Unverified/Laying (1).fbx,Laying (1).fbx,other,2,618912,b50b5b2,license-review-required
SourceAssets/Animations/Raw/Unverified/Laying Breathless (1).fbx,Laying Breathless (1).fbx,interaction,2,330736,b50b5b2,license-review-required
SourceAssets/Animations/Raw/Unverified/Laying Breathless.fbx,Laying Breathless.fbx,interaction,2,330736,b50b5b2,license-review-required
SourceAssets/Animations/Raw/Unverified/Laying Hand Gesture.fbx,Laying Hand Gesture.fbx,social,1,452272,b50b5b2,license-review-required
SourceAssets/Animations/Raw/Unverified/Laying Idle (1).fbx,Laying Idle (1).fbx,idle,3,436032,b50b5b2,license-review-required
SourceAssets/Animations/Raw/Unverified/Laying Idle (2).fbx,Laying Idle (2).fbx,idle,3,436032,b50b5b2,license-review-required
SourceAssets/Animations/Raw/Unverified/Laying Idle.fbx,Laying Idle.fbx,idle,3,1089632,b50b5b2,license-review-required
SourceAssets/Animations/Raw/Unverified/Laying Mild Cough (1).fbx,Laying Mild Cough (1).fbx,other,2,423440,b50b5b2,license-review-required
SourceAssets/Animations/Raw/Unverified/Laying Mild Cough.fbx,Laying Mild Cough.fbx,other,2,423440,b50b5b2,license-review-required
SourceAssets/Animations/Raw/Unverified/Laying Nodding.fbx,Laying Nodding.fbx,other,1,374688,b50b5b2,license-review-required
SourceAssets/Animations/Raw/Unverified/Laying Seizure.fbx,Laying Seizure.fbx,other,1,715888,b50b5b2,license-review-required
SourceAssets/Animations/Raw/Unverified/Laying Severe Cough (1).fbx,Laying Severe Cough (1).fbx,other,2,463568,b50b5b2,license-review-required
SourceAssets/Animations/Raw/Unverified/Laying Severe Cough.fbx,Laying Severe Cough.fbx,other,2,463568,b50b5b2,license-review-required
SourceAssets/Animations/Raw/Unverified/Laying Shrugging.fbx,Laying Shrugging.fbx,other,1,450432,b50b5b2,license-review-required
SourceAssets/Animations/Raw/Unverified/Laying Sleeping.fbx,Laying Sleeping.fbx,other,1,400944,b50b5b2,license-review-required
SourceAssets/Animations/Raw/Unverified/Laying Vomiting.fbx,Laying Vomiting.fbx,other,1,429056,b50b5b2,license-review-required
SourceAssets/Animations/Raw/Unverified/Laying.fbx,Laying.fbx,other,2,588128,b50b5b2,license-review-required
SourceAssets/Animations/Raw/Unverified/Lead Jab (1).fbx,Lead Jab (1).fbx,other,6,371232,b50b5b2,license-review-required
SourceAssets/Animations/Raw/Unverified/Lead Jab (2).fbx,Lead Jab (2).fbx,other,6,409040,b50b5b2,license-review-required
SourceAssets/Animations/Raw/Unverified/Lead Jab (3).fbx,Lead Jab (3).fbx,other,6,384736,b50b5b2,license-review-required
SourceAssets/Animations/Raw/Unverified/Lead Jab (4).fbx,Lead Jab (4).fbx,other,6,422528,b50b5b2,license-review-required
SourceAssets/Animations/Raw/Unverified/Lead Jab (5).fbx,Lead Jab (5).fbx,other,6,349632,b50b5b2,license-review-required
SourceAssets/Animations/Raw/Unverified/Lead Jab.fbx,Lead Jab.fbx,other,6,411728,b50b5b2,license-review-required
SourceAssets/Animations/Raw/Unverified/Leaning (1).fbx,Leaning (1).fbx,other,2,529632,b50b5b2,license-review-required
SourceAssets/Animations/Raw/Unverified/Leaning On A Wall.fbx,Leaning On A Wall.fbx,other,1,482480,b50b5b2,license-review-required
SourceAssets/Animations/Raw/Unverified/Leaning.fbx,Leaning.fbx,other,2,529632,b50b5b2,license-review-required
SourceAssets/Animations/Raw/Unverified/Left Block (1).fbx,Left Block (1).fbx,combat,2,384736,b50b5b2,license-review-required
SourceAssets/Animations/Raw/Unverified/Left Block.fbx,Left Block.fbx,combat,2,385776,b50b5b2,license-review-required
SourceAssets/Animations/Raw/Unverified/Left Cover Sneak (1).fbx,Left Cover Sneak (1).fbx,other,2,374624,b50b5b2,license-review-required
SourceAssets/Animations/Raw/Unverified/Left Cover Sneak W_ Rifle.fbx,Left Cover Sneak W_ Rifle.fbx,combat,1,362384,b50b5b2,license-review-required
SourceAssets/Animations/Raw/Unverified/Left Cover Sneak.fbx,Left Cover Sneak.fbx,other,2,374624,b50b5b2,license-review-required
SourceAssets/Animations/Raw/Unverified/Left Pivot.fbx,Left Pivot.fbx,other,1,366336,b50b5b2,license-review-required
SourceAssets/Animations/Raw/Unverified/Left Shimmy.fbx,Left Shimmy.fbx,other,1,400496,b50b5b2,license-review-required
SourceAssets/Animations/Raw/Unverified/Left Strafe (1).fbx,Left Strafe (1).fbx,locomotion,2,338832,b50b5b2,license-review-required
SourceAssets/Animations/Raw/Unverified/Left Strafe Jump.fbx,Left Strafe Jump.fbx,locomotion,1,342864,b50b5b2,license-review-required
SourceAssets/Animations/Raw/Unverified/Left Strafe Walk.fbx,Left Strafe Walk.fbx,locomotion,1,369264,b50b5b2,license-review-required
SourceAssets/Animations/Raw/Unverified/Left Strafe Walking (1).fbx,Left Strafe Walking (1).fbx,locomotion,2,378176,b50b5b2,license-review-required
SourceAssets/Animations/Raw/Unverified/Left Strafe Walking.fbx,Left Strafe Walking.fbx,locomotion,2,378192,b50b5b2,license-review-required
SourceAssets/Animations/Raw/Unverified/Left Strafe.fbx,Left Strafe.fbx,locomotion,2,338832,b50b5b2,license-review-required
SourceAssets/Animations/Raw/Unverified/Left Strafing Jump.fbx,Left Strafing Jump.fbx,locomotion,1,637776,b50b5b2,license-review-required
SourceAssets/Animations/Raw/Unverified/Left Turn (1).fbx,Left Turn (1).fbx,locomotion,8,346944,b50b5b2,license-review-required
SourceAssets/Animations/Raw/Unverified/Left Turn (2).fbx,Left Turn (2).fbx,locomotion,8,364784,b50b5b2,license-review-required
SourceAssets/Animations/Raw/Unverified/Left Turn (3).fbx,Left Turn (3).fbx,locomotion,8,368096,b50b5b2,license-review-required
SourceAssets/Animations/Raw/Unverified/Left Turn (4).fbx,Left Turn (4).fbx,locomotion,8,448640,b50b5b2,license-review-required
SourceAssets/Animations/Raw/Unverified/Left Turn (5).fbx,Left Turn (5).fbx,locomotion,8,395536,b50b5b2,license-review-required
SourceAssets/Animations/Raw/Unverified/Left Turn (6).fbx,Left Turn (6).fbx,locomotion,8,444928,b50b5b2,license-review-required
SourceAssets/Animations/Raw/Unverified/Left Turn (7).fbx,Left Turn (7).fbx,locomotion,8,426848,b50b5b2,license-review-required
SourceAssets/Animations/Raw/Unverified/Left Turn 45.fbx,Left Turn 45.fbx,locomotion,1,414432,b50b5b2,license-review-required
SourceAssets/Animations/Raw/Unverified/Left Turn 90.fbx,Left Turn 90.fbx,locomotion,1,367056,b50b5b2,license-review-required
SourceAssets/Animations/Raw/Unverified/Left Turn W_ Briefcase.fbx,Left Turn W_ Briefcase.fbx,locomotion,1,355040,b50b5b2,license-review-required
SourceAssets/Animations/Raw/Unverified/Left Turn W_Briefcase.fbx,Left Turn W_Briefcase.fbx,locomotion,1,477072,b50b5b2,license-review-required
SourceAssets/Animations/Raw/Unverified/Left Turn.fbx,Left Turn.fbx,locomotion,8,346928,b50b5b2,license-review-required
SourceAssets/Animations/Raw/Unverified/Leg Sweep (1).fbx,Leg Sweep (1).fbx,other,3,454064,b50b5b2,license-review-required
SourceAssets/Animations/Raw/Unverified/Leg Sweep (2).fbx,Leg Sweep (2).fbx,other,3,403632,b50b5b2,license-review-required
SourceAssets/Animations/Raw/Unverified/Leg Sweep.fbx,Leg Sweep.fbx,other,3,447792,b50b5b2,license-review-required
SourceAssets/Animations/Raw/Unverified/Lengthy Head Nod.fbx,Lengthy Head Nod.fbx,other,1,459792,b50b5b2,license-review-required
SourceAssets/Animations/Raw/Unverified/Lifting Object.fbx,Lifting Object.fbx,other,1,1122464,b50b5b2,license-review-required
SourceAssets/Animations/Raw/Unverified/Light Hit To Head (1).fbx,Light Hit To Head (1).fbx,combat,4,349344,b50b5b2,license-review-required
SourceAssets/Animations/Raw/Unverified/Light Hit To Head (2).fbx,Light Hit To Head (2).fbx,combat,4,328928,b50b5b2,license-review-required
SourceAssets/Animations/Raw/Unverified/Light Hit To Head (3).fbx,Light Hit To Head (3).fbx,combat,4,326304,b50b5b2,license-review-required
SourceAssets/Animations/Raw/Unverified/Light Hit To Head.fbx,Light Hit To Head.fbx,combat,4,349344,b50b5b2,license-review-required
SourceAssets/Animations/Raw/Unverified/Listening To Music.fbx,Listening To Music.fbx,other,1,551456,b50b5b2,license-review-required
SourceAssets/Animations/Raw/Unverified/Livershot Knockdown.fbx,Livershot Knockdown.fbx,other,1,490032,b50b5b2,license-review-required
SourceAssets/Animations/Raw/Unverified/Locking Hip Hop Dance.fbx,Locking Hip Hop Dance.fbx,dance,1,1609344,b50b5b2,license-review-required
SourceAssets/Animations/Raw/Unverified/Long Left Side Step.fbx,Long Left Side Step.fbx,other,1,328032,b50b5b2,license-review-required
SourceAssets/Animations/Raw/Unverified/Long Right Side Step (1).fbx,Long Right Side Step (1).fbx,other,2,330736,b50b5b2,license-review-required
SourceAssets/Animations/Raw/Unverified/Long Right Side Step.fbx,Long Right Side Step.fbx,other,2,330736,b50b5b2,license-review-required
SourceAssets/Animations/Raw/Unverified/Long Step Forward.fbx,Long Step Forward.fbx,other,1,344240,b50b5b2,license-review-required
SourceAssets/Animations/Raw/Unverified/Look Around (1).fbx,Look Around (1).fbx,idle,4,1347008,b50b5b2,license-review-required
SourceAssets/Animations/Raw/Unverified/Look Around (2).fbx,Look Around (2).fbx,idle,4,1347008,b50b5b2,license-review-required
SourceAssets/Animations/Raw/Unverified/Look Around (3).fbx,Look Around (3).fbx,idle,4,829296,b50b5b2,license-review-required
SourceAssets/Animations/Raw/Unverified/Look Around.fbx,Look Around.fbx,idle,4,628320,b50b5b2,license-review-required
SourceAssets/Animations/Raw/Unverified/Look Away Gesture.fbx,Look Away Gesture.fbx,social,1,527840,b50b5b2,license-review-required
SourceAssets/Animations/Raw/Unverified/Look Behind Run.fbx,Look Behind Run.fbx,locomotion,1,325328,b50b5b2,license-review-required
SourceAssets/Animations/Raw/Unverified/Look Over Shoulder.fbx,Look Over Shoulder.fbx,other,1,641552,b50b5b2,license-review-required
SourceAssets/Animations/Raw/Unverified/Looking (1).fbx,Looking (1).fbx,other,3,971360,b50b5b2,license-review-required
SourceAssets/Animations/Raw/Unverified/Looking (2).fbx,Looking (2).fbx,other,3,651984,b50b5b2,license-review-required
SourceAssets/Animations/Raw/Unverified/Looking Around (1).fbx,Looking Around (1).fbx,other,2,675888,b50b5b2,license-review-required
SourceAssets/Animations/Raw/Unverified/Looking Around.fbx,Looking Around.fbx,other,2,829296,b50b5b2,license-review-required
SourceAssets/Animations/Raw/Unverified/Looking Behind.fbx,Looking Behind.fbx,other,1,637856,b50b5b2,license-review-required
SourceAssets/Animations/Raw/Unverified/Looking Right.fbx,Looking Right.fbx,other,1,345312,b50b5b2,license-review-required
SourceAssets/Animations/Raw/Unverified/Looking Through Files Low.fbx,Looking Through Files Low.fbx,other,1,1476720,b50b5b2,license-review-required
SourceAssets/Animations/Raw/Unverified/Looking.fbx,Looking.fbx,other,3,704864,b50b5b2,license-review-required
SourceAssets/Animations/Raw/Unverified/Loser.fbx,Loser.fbx,other,1,623088,b50b5b2,license-review-required
SourceAssets/Animations/Raw/Unverified/Low Crawl.fbx,Low Crawl.fbx,locomotion,1,526176,b50b5b2,license-review-required
SourceAssets/Animations/Raw/Unverified/Lower Pistol.fbx,Lower Pistol.fbx,combat,1,700992,b50b5b2,license-review-required
SourceAssets/Animations/Raw/Unverified/Lying Down.fbx,Lying Down.fbx,other,1,778256,b50b5b2,license-review-required
SourceAssets/Animations/Raw/Unverified/Macaco Side.fbx,Macaco Side.fbx,other,1,638064,b50b5b2,license-review-required
SourceAssets/Animations/Raw/Unverified/Macarena Dance.fbx,Macarena Dance.fbx,dance,1,958032,b50b5b2,license-review-required
SourceAssets/Animations/Raw/Unverified/Magic Heal (1).fbx,Magic Heal (1).fbx,other,2,522432,b50b5b2,license-review-required
SourceAssets/Animations/Raw/Unverified/Magic Heal.fbx,Magic Heal.fbx,other,2,522432,b50b5b2,license-review-required
SourceAssets/Animations/Raw/Unverified/Magic Spell Casting.fbx,Magic Spell Casting.fbx,other,1,600336,b50b5b2,license-review-required
SourceAssets/Animations/Raw/Unverified/Male Action Pose (1).fbx,Male Action Pose (1).fbx,other,7,268960,b50b5b2,license-review-required
SourceAssets/Animations/Raw/Unverified/Male Action Pose (2).fbx,Male Action Pose (2).fbx,other,7,268960,b50b5b2,license-review-required
SourceAssets/Animations/Raw/Unverified/Male Action Pose (3).fbx,Male Action Pose (3).fbx,other,7,268960,b50b5b2,license-review-required
SourceAssets/Animations/Raw/Unverified/Male Action Pose (4).fbx,Male Action Pose (4).fbx,other,7,268960,b50b5b2,license-review-required
SourceAssets/Animations/Raw/Unverified/Male Action Pose (5).fbx,Male Action Pose (5).fbx,other,7,268960,b50b5b2,license-review-required
SourceAssets/Animations/Raw/Unverified/Male Action Pose (6).fbx,Male Action Pose (6).fbx,other,7,268960,b50b5b2,license-review-required
SourceAssets/Animations/Raw/Unverified/Male Action Pose.fbx,Male Action Pose.fbx,other,7,268960,b50b5b2,license-review-required
SourceAssets/Animations/Raw/Unverified/Male Crouch Pose (1).fbx,Male Crouch Pose (1).fbx,other,4,268960,b50b5b2,license-review-required
SourceAssets/Animations/Raw/Unverified/Male Crouch Pose (2).fbx,Male Crouch Pose (2).fbx,other,4,268960,b50b5b2,license-review-required
SourceAssets/Animations/Raw/Unverified/Male Crouch Pose (3).fbx,Male Crouch Pose (3).fbx,other,4,268960,b50b5b2,license-review-required
SourceAssets/Animations/Raw/Unverified/Male Crouch Pose.fbx,Male Crouch Pose.fbx,other,4,268960,b50b5b2,license-review-required
SourceAssets/Animations/Raw/Unverified/Male Dance Pose (1).fbx,Male Dance Pose (1).fbx,dance,3,268960,b50b5b2,license-review-required
SourceAssets/Animations/Raw/Unverified/Male Dance Pose (2).fbx,Male Dance Pose (2).fbx,dance,3,268960,b50b5b2,license-review-required
SourceAssets/Animations/Raw/Unverified/Male Dance Pose.fbx,Male Dance Pose.fbx,dance,3,268960,b50b5b2,license-review-required
SourceAssets/Animations/Raw/Unverified/Male Dynamic Pose (1).fbx,Male Dynamic Pose (1).fbx,other,3,268960,b50b5b2,license-review-required
SourceAssets/Animations/Raw/Unverified/Male Dynamic Pose (2).fbx,Male Dynamic Pose (2).fbx,other,3,268960,b50b5b2,license-review-required
SourceAssets/Animations/Raw/Unverified/Male Dynamic Pose.fbx,Male Dynamic Pose.fbx,other,3,268960,b50b5b2,license-review-required
SourceAssets/Animations/Raw/Unverified/Male Laying Pose (1).fbx,Male Laying Pose (1).fbx,other,6,268960,b50b5b2,license-review-required
SourceAssets/Animations/Raw/Unverified/Male Laying Pose (2).fbx,Male Laying Pose (2).fbx,other,6,268960,b50b5b2,license-review-required
SourceAssets/Animations/Raw/Unverified/Male Laying Pose (3).fbx,Male Laying Pose (3).fbx,other,6,268960,b50b5b2,license-review-required
SourceAssets/Animations/Raw/Unverified/Male Laying Pose (4).fbx,Male Laying Pose (4).fbx,other,6,268960,b50b5b2,license-review-required
SourceAssets/Animations/Raw/Unverified/Male Laying Pose (5).fbx,Male Laying Pose (5).fbx,other,6,268960,b50b5b2,license-review-required
SourceAssets/Animations/Raw/Unverified/Male Laying Pose.fbx,Male Laying Pose.fbx,other,6,268960,b50b5b2,license-review-required
SourceAssets/Animations/Raw/Unverified/Male Locomotion Pose (1).fbx,Male Locomotion Pose (1).fbx,other,7,268960,b50b5b2,license-review-required
SourceAssets/Animations/Raw/Unverified/Male Locomotion Pose (2).fbx,Male Locomotion Pose (2).fbx,other,7,268960,b50b5b2,license-review-required
SourceAssets/Animations/Raw/Unverified/Male Locomotion Pose (3).fbx,Male Locomotion Pose (3).fbx,other,7,268960,b50b5b2,license-review-required
SourceAssets/Animations/Raw/Unverified/Male Locomotion Pose (4).fbx,Male Locomotion Pose (4).fbx,other,7,268960,b50b5b2,license-review-required
SourceAssets/Animations/Raw/Unverified/Male Locomotion Pose (5).fbx,Male Locomotion Pose (5).fbx,other,7,268960,b50b5b2,license-review-required
SourceAssets/Animations/Raw/Unverified/Male Locomotion Pose (6).fbx,Male Locomotion Pose (6).fbx,other,7,268960,b50b5b2,license-review-required
SourceAssets/Animations/Raw/Unverified/Male Locomotion Pose.fbx,Male Locomotion Pose.fbx,other,7,268960,b50b5b2,license-review-required
SourceAssets/Animations/Raw/Unverified/Male Sitting Pose (1).fbx,Male Sitting Pose (1).fbx,interaction,21,268960,b50b5b2,license-review-required
SourceAssets/Animations/Raw/Unverified/Male Sitting Pose (10).fbx,Male Sitting Pose (10).fbx,interaction,21,268960,b50b5b2,license-review-required
SourceAssets/Animations/Raw/Unverified/Male Sitting Pose (11).fbx,Male Sitting Pose (11).fbx,interaction,21,268960,b50b5b2,license-review-required
SourceAssets/Animations/Raw/Unverified/Male Sitting Pose (12).fbx,Male Sitting Pose (12).fbx,interaction,21,268960,b50b5b2,license-review-required
SourceAssets/Animations/Raw/Unverified/Male Sitting Pose (13).fbx,Male Sitting Pose (13).fbx,interaction,21,268960,b50b5b2,license-review-required
SourceAssets/Animations/Raw/Unverified/Male Sitting Pose (14).fbx,Male Sitting Pose (14).fbx,interaction,21,268960,b50b5b2,license-review-required
SourceAssets/Animations/Raw/Unverified/Male Sitting Pose (15).fbx,Male Sitting Pose (15).fbx,interaction,21,268960,b50b5b2,license-review-required
SourceAssets/Animations/Raw/Unverified/Male Sitting Pose (16).fbx,Male Sitting Pose (16).fbx,interaction,21,268960,b50b5b2,license-review-required
SourceAssets/Animations/Raw/Unverified/Male Sitting Pose (17).fbx,Male Sitting Pose (17).fbx,interaction,21,268960,b50b5b2,license-review-required
SourceAssets/Animations/Raw/Unverified/Male Sitting Pose (18).fbx,Male Sitting Pose (18).fbx,interaction,21,268960,b50b5b2,license-review-required
SourceAssets/Animations/Raw/Unverified/Male Sitting Pose (19).fbx,Male Sitting Pose (19).fbx,interaction,21,268960,b50b5b2,license-review-required
SourceAssets/Animations/Raw/Unverified/Male Sitting Pose (2).fbx,Male Sitting Pose (2).fbx,interaction,21,268960,b50b5b2,license-review-required
SourceAssets/Animations/Raw/Unverified/Male Sitting Pose (20).fbx,Male Sitting Pose (20).fbx,interaction,21,268960,b50b5b2,license-review-required
SourceAssets/Animations/Raw/Unverified/Male Sitting Pose (3).fbx,Male Sitting Pose (3).fbx,interaction,21,268960,b50b5b2,license-review-required
SourceAssets/Animations/Raw/Unverified/Male Sitting Pose (4).fbx,Male Sitting Pose (4).fbx,interaction,21,268960,b50b5b2,license-review-required
SourceAssets/Animations/Raw/Unverified/Male Sitting Pose (5).fbx,Male Sitting Pose (5).fbx,interaction,21,268960,b50b5b2,license-review-required
SourceAssets/Animations/Raw/Unverified/Male Sitting Pose (6).fbx,Male Sitting Pose (6).fbx,interaction,21,268960,b50b5b2,license-review-required
SourceAssets/Animations/Raw/Unverified/Male Sitting Pose (7).fbx,Male Sitting Pose (7).fbx,interaction,21,268960,b50b5b2,license-review-required
SourceAssets/Animations/Raw/Unverified/Male Sitting Pose (8).fbx,Male Sitting Pose (8).fbx,interaction,21,268960,b50b5b2,license-review-required
SourceAssets/Animations/Raw/Unverified/Male Sitting Pose (9).fbx,Male Sitting Pose (9).fbx,interaction,21,268960,b50b5b2,license-review-required
SourceAssets/Animations/Raw/Unverified/Male Sitting Pose.fbx,Male Sitting Pose.fbx,interaction,21,268960,b50b5b2,license-review-required
SourceAssets/Animations/Raw/Unverified/Male Standing Pose (1).fbx,Male Standing Pose (1).fbx,other,14,268960,b50b5b2,license-review-required
SourceAssets/Animations/Raw/Unverified/Male Standing Pose (10).fbx,Male Standing Pose (10).fbx,other,14,268960,b50b5b2,license-review-required
SourceAssets/Animations/Raw/Unverified/Male Standing Pose (11).fbx,Male Standing Pose (11).fbx,other,14,268960,b50b5b2,license-review-required
SourceAssets/Animations/Raw/Unverified/Male Standing Pose (12).fbx,Male Standing Pose (12).fbx,other,14,268960,b50b5b2,license-review-required
SourceAssets/Animations/Raw/Unverified/Male Standing Pose (13).fbx,Male Standing Pose (13).fbx,other,14,268960,b50b5b2,license-review-required
SourceAssets/Animations/Raw/Unverified/Male Standing Pose (2).fbx,Male Standing Pose (2).fbx,other,14,268960,b50b5b2,license-review-required
SourceAssets/Animations/Raw/Unverified/Male Standing Pose (3).fbx,Male Standing Pose (3).fbx,other,14,268960,b50b5b2,license-review-required
SourceAssets/Animations/Raw/Unverified/Male Standing Pose (4).fbx,Male Standing Pose (4).fbx,other,14,268960,b50b5b2,license-review-required
SourceAssets/Animations/Raw/Unverified/Male Standing Pose (5).fbx,Male Standing Pose (5).fbx,other,14,268960,b50b5b2,license-review-required
SourceAssets/Animations/Raw/Unverified/Male Standing Pose (6).fbx,Male Standing Pose (6).fbx,other,14,268960,b50b5b2,license-review-required
SourceAssets/Animations/Raw/Unverified/Male Standing Pose (7).fbx,Male Standing Pose (7).fbx,other,14,268960,b50b5b2,license-review-required
SourceAssets/Animations/Raw/Unverified/Male Standing Pose (8).fbx,Male Standing Pose (8).fbx,other,14,268960,b50b5b2,license-review-required
SourceAssets/Animations/Raw/Unverified/Male Standing Pose (9).fbx,Male Standing Pose (9).fbx,other,14,268960,b50b5b2,license-review-required
SourceAssets/Animations/Raw/Unverified/Male Standing Pose.fbx,Male Standing Pose.fbx,other,14,268960,b50b5b2,license-review-required
SourceAssets/Animations/Raw/Unverified/Martelo 2 (1).fbx,Martelo 2 (1).fbx,other,2,410656,b50b5b2,license-review-required
SourceAssets/Animations/Raw/Unverified/Martelo 2.fbx,Martelo 2.fbx,other,2,410656,b50b5b2,license-review-required
SourceAssets/Animations/Raw/Unverified/Martelo 3.fbx,Martelo 3.fbx,other,1,486256,b50b5b2,license-review-required
SourceAssets/Animations/Raw/Unverified/Martelo Do Chau Sem Mao.fbx,Martelo Do Chau Sem Mao.fbx,other,1,612000,b50b5b2,license-review-required
SourceAssets/Animations/Raw/Unverified/Martelo Do Chau.fbx,Martelo Do Chau.fbx,other,1,608048,b50b5b2,license-review-required
SourceAssets/Animations/Raw/Unverified/Medium Hit To Head (1).fbx,Medium Hit To Head (1).fbx,combat,3,336816,b50b5b2,license-review-required
SourceAssets/Animations/Raw/Unverified/Medium Hit To Head (2).fbx,Medium Hit To Head (2).fbx,combat,3,349632,b50b5b2,license-review-required
SourceAssets/Animations/Raw/Unverified/Medium Hit To Head.fbx,Medium Hit To Head.fbx,combat,3,336816,b50b5b2,license-review-required
SourceAssets/Animations/Raw/Unverified/Medium Run (1).fbx,Medium Run (1).fbx,locomotion,2,325664,b50b5b2,license-review-required
SourceAssets/Animations/Raw/Unverified/Medium Run.fbx,Medium Run.fbx,locomotion,2,325664,b50b5b2,license-review-required
SourceAssets/Animations/Raw/Unverified/Medium Step Forward.fbx,Medium Step Forward.fbx,other,1,338832,b50b5b2,license-review-required
SourceAssets/Animations/Raw/Unverified/Meia Lua De Compasso Back.fbx,Meia Lua De Compasso Back.fbx,other,1,512720,b50b5b2,license-review-required
SourceAssets/Animations/Raw/Unverified/Meia Lua De Compasso.fbx,Meia Lua De Compasso.fbx,other,1,457920,b50b5b2,license-review-required
SourceAssets/Animations/Raw/Unverified/Meia Lua De Frente.fbx,Meia Lua De Frente.fbx,other,1,542960,b50b5b2,license-review-required
SourceAssets/Animations/Raw/Unverified/Military Signaling (1).fbx,Military Signaling (1).fbx,other,5,746784,b50b5b2,license-review-required
SourceAssets/Animations/Raw/Unverified/Military Signaling (2).fbx,Military Signaling (2).fbx,other,5,698272,b50b5b2,license-review-required
SourceAssets/Animations/Raw/Unverified/Military Signaling (3).fbx,Military Signaling (3).fbx,other,5,661776,b50b5b2,license-review-required
SourceAssets/Animations/Raw/Unverified/Military Signaling (4).fbx,Military Signaling (4).fbx,other,5,638288,b50b5b2,license-review-required
SourceAssets/Animations/Raw/Unverified/Military Signaling.fbx,Military Signaling.fbx,other,5,744000,b50b5b2,license-review-required
SourceAssets/Animations/Raw/Unverified/Mma Idle.fbx,Mma Idle.fbx,idle,1,586560,b50b5b2,license-review-required
SourceAssets/Animations/Raw/Unverified/Mma Kick (1).fbx,Mma Kick (1).fbx,combat,4,452240,b50b5b2,license-review-required
SourceAssets/Animations/Raw/Unverified/Mma Kick (2).fbx,Mma Kick (2).fbx,combat,4,444672,b50b5b2,license-review-required
SourceAssets/Animations/Raw/Unverified/Mma Kick (3).fbx,Mma Kick (3).fbx,combat,4,433328,b50b5b2,license-review-required
SourceAssets/Animations/Raw/Unverified/Mma Kick.fbx,Mma Kick.fbx,combat,4,494720,b50b5b2,license-review-required
SourceAssets/Animations/Raw/Unverified/Moonwalk.fbx,Moonwalk.fbx,dance,1,378176,b50b5b2,license-review-required
SourceAssets/Animations/Raw/Unverified/Moving Backward In Crawl Position.fbx,Moving Backward In Crawl Position.fbx,locomotion,1,402048,b50b5b2,license-review-required
SourceAssets/Animations/Raw/Unverified/Moving Backward In Prone Position.fbx,Moving Backward In Prone Position.fbx,interaction,1,417136,b50b5b2,license-review-required
SourceAssets/Animations/Raw/Unverified/Moving Object.fbx,Moving Object.fbx,other,1,744320,b50b5b2,license-review-required
SourceAssets/Animations/Raw/Unverified/Moving While Hanging.fbx,Moving While Hanging.fbx,other,1,422000,b50b5b2,license-review-required
SourceAssets/Animations/Raw/Unverified/Mutant Breathing Idle.fbx,Mutant Breathing Idle.fbx,interaction,1,659632,b50b5b2,license-review-required
SourceAssets/Animations/Raw/Unverified/Mutant Dying.fbx,Mutant Dying.fbx,combat,1,678400,b50b5b2,license-review-required
SourceAssets/Animations/Raw/Unverified/Mutant Flexing Muscles.fbx,Mutant Flexing Muscles.fbx,other,1,684384,b50b5b2,license-review-required
SourceAssets/Animations/Raw/Unverified/Mutant Idle (1).fbx,Mutant Idle (1).fbx,idle,2,1439920,b50b5b2,license-review-required
SourceAssets/Animations/Raw/Unverified/Mutant Idle.fbx,Mutant Idle.fbx,idle,2,673248,b50b5b2,license-review-required
SourceAssets/Animations/Raw/Unverified/Mutant Jump Attack.fbx,Mutant Jump Attack.fbx,combat,1,685056,b50b5b2,license-review-required
SourceAssets/Animations/Raw/Unverified/Mutant Jumping.fbx,Mutant Jumping.fbx,locomotion,1,615488,b50b5b2,license-review-required
SourceAssets/Animations/Raw/Unverified/Mutant Left Turn 45.fbx,Mutant Left Turn 45.fbx,locomotion,1,414432,b50b5b2,license-review-required
SourceAssets/Animations/Raw/Unverified/Mutant Punch.fbx,Mutant Punch.fbx,combat,1,383216,b50b5b2,license-review-required
SourceAssets/Animations/Raw/Unverified/Mutant Right Turn 45 (1).fbx,Mutant Right Turn 45 (1).fbx,locomotion,3,414432,b50b5b2,license-review-required
SourceAssets/Animations/Raw/Unverified/Mutant Right Turn 45 (2).fbx,Mutant Right Turn 45 (2).fbx,locomotion,3,486256,b50b5b2,license-review-required
SourceAssets/Animations/Raw/Unverified/Mutant Right Turn 45.fbx,Mutant Right Turn 45.fbx,locomotion,3,414432,b50b5b2,license-review-required
SourceAssets/Animations/Raw/Unverified/Mutant Roaring.fbx,Mutant Roaring.fbx,other,1,745584,b50b5b2,license-review-required
SourceAssets/Animations/Raw/Unverified/Mutant Run.fbx,Mutant Run.fbx,locomotion,1,347472,b50b5b2,license-review-required
SourceAssets/Animations/Raw/Unverified/Mutant Swiping.fbx,Mutant Swiping.fbx,other,1,522432,b50b5b2,license-review-required
SourceAssets/Animations/Raw/Unverified/Mutant Walking (1).fbx,Mutant Walking (1).fbx,locomotion,2,408752,b50b5b2,license-review-required
SourceAssets/Animations/Raw/Unverified/Mutant Walking.fbx,Mutant Walking.fbx,locomotion,2,408752,b50b5b2,license-review-required
SourceAssets/Animations/Raw/Unverified/Neck Stretching.fbx,Neck Stretching.fbx,other,1,626112,b50b5b2,license-review-required
SourceAssets/Animations/Raw/Unverified/Neutral Idle.fbx,Neutral Idle.fbx,idle,1,933584,b50b5b2,license-review-required
SourceAssets/Animations/Raw/Unverified/Ninja Idle (1).fbx,Ninja Idle (1).fbx,idle,4,533232,b50b5b2,license-review-required
SourceAssets/Animations/Raw/Unverified/Ninja Idle (2).fbx,Ninja Idle (2).fbx,idle,4,710528,b50b5b2,license-review-required
SourceAssets/Animations/Raw/Unverified/Ninja Idle (3).fbx,Ninja Idle (3).fbx,idle,4,710528,b50b5b2,license-review-required
SourceAssets/Animations/Raw/Unverified/Ninja Idle.fbx,Ninja Idle.fbx,idle,4,986896,b50b5b2,license-review-required
SourceAssets/Animations/Raw/Unverified/No.fbx,No.fbx,other,1,715888,b50b5b2,license-review-required
SourceAssets/Animations/Raw/Unverified/Northern Soul Dance.fbx,Northern Soul Dance.fbx,dance,1,1614496,b50b5b2,license-review-required
SourceAssets/Animations/Raw/Unverified/Northern Soul Floor Combo.fbx,Northern Soul Floor Combo.fbx,other,1,1189392,b50b5b2,license-review-required
SourceAssets/Animations/Raw/Unverified/Northern Soul Floor Spin (1).fbx,Northern Soul Floor Spin (1).fbx,other,2,927856,b50b5b2,license-review-required
SourceAssets/Animations/Raw/Unverified/Northern Soul Floor Spin.fbx,Northern Soul Floor Spin.fbx,other,2,927856,b50b5b2,license-review-required
SourceAssets/Animations/Raw/Unverified/Northern Soul Spin Combo.fbx,Northern Soul Spin Combo.fbx,other,1,1033024,b50b5b2,license-review-required
SourceAssets/Animations/Raw/Unverified/Offensive Idle (1).fbx,Offensive Idle (1).fbx,idle,2,1135600,b50b5b2,license-review-required
SourceAssets/Animations/Raw/Unverified/Offensive Idle.fbx,Offensive Idle.fbx,idle,2,1135600,b50b5b2,license-review-required
SourceAssets/Animations/Raw/Unverified/Old Man Walk.fbx,Old Man Walk.fbx,locomotion,1,365840,b50b5b2,license-review-required
SourceAssets/Animations/Raw/Unverified/One Hand Sword Combo.fbx,One Hand Sword Combo.fbx,combat,1,623264,b50b5b2,license-review-required
SourceAssets/Animations/Raw/Unverified/One Shoulder Lean.fbx,One Shoulder Lean.fbx,other,1,423072,b50b5b2,license-review-required
SourceAssets/Animations/Raw/Unverified/Open Door Outwards.fbx,Open Door Outwards.fbx,interaction,1,728176,b50b5b2,license-review-required
SourceAssets/Animations/Raw/Unverified/Opening (1).fbx,Opening (1).fbx,interaction,3,1182736,b50b5b2,license-review-required
SourceAssets/Animations/Raw/Unverified/Opening (2).fbx,Opening (2).fbx,interaction,3,690272,b50b5b2,license-review-required
SourceAssets/Animations/Raw/Unverified/Opening A Filing Cabinet.fbx,Opening A Filing Cabinet.fbx,interaction,1,1372448,b50b5b2,license-review-required
SourceAssets/Animations/Raw/Unverified/Opening A Lid.fbx,Opening A Lid.fbx,interaction,1,1035936,b50b5b2,license-review-required
SourceAssets/Animations/Raw/Unverified/Opening Door Inwards.fbx,Opening Door Inwards.fbx,interaction,1,833152,b50b5b2,license-review-required
SourceAssets/Animations/Raw/Unverified/Opening.fbx,Opening.fbx,interaction,3,682016,b50b5b2,license-review-required
SourceAssets/Animations/Raw/Unverified/Orc Idle (1).fbx,Orc Idle (1).fbx,idle,3,682144,b50b5b2,license-review-required
SourceAssets/Animations/Raw/Unverified/Orc Idle (2).fbx,Orc Idle (2).fbx,idle,3,842432,b50b5b2,license-review-required
SourceAssets/Animations/Raw/Unverified/Orc Idle.fbx,Orc Idle.fbx,idle,3,716752,b50b5b2,license-review-required
SourceAssets/Animations/Raw/Unverified/Orc Walk (1).fbx,Orc Walk (1).fbx,locomotion,3,360432,b50b5b2,license-review-required
SourceAssets/Animations/Raw/Unverified/Orc Walk (2).fbx,Orc Walk (2).fbx,locomotion,3,355040,b50b5b2,license-review-required
SourceAssets/Animations/Raw/Unverified/Orc Walk.fbx,Orc Walk.fbx,locomotion,3,360432,b50b5b2,license-review-required
SourceAssets/Animations/Raw/Unverified/Outward Block.fbx,Outward Block.fbx,combat,1,468432,b50b5b2,license-review-required
SourceAssets/Animations/Raw/Unverified/Overhead Squat (1).fbx,Overhead Squat (1).fbx,other,4,663920,b50b5b2,license-review-required
SourceAssets/Animations/Raw/Unverified/Overhead Squat (2).fbx,Overhead Squat (2).fbx,other,4,783936,b50b5b2,license-review-required
SourceAssets/Animations/Raw/Unverified/Overhead Squat (3).fbx,Overhead Squat (3).fbx,other,4,783936,b50b5b2,license-review-required
SourceAssets/Animations/Raw/Unverified/Overhead Squat.fbx,Overhead Squat.fbx,other,4,432576,b50b5b2,license-review-required
SourceAssets/Animations/Raw/Unverified/Pacing And Talking On A Phone.fbx,Pacing And Talking On A Phone.fbx,interaction,1,2778592,b50b5b2,license-review-required
SourceAssets/Animations/Raw/Unverified/Paddling.fbx,Paddling.fbx,other,1,844640,b50b5b2,license-review-required
SourceAssets/Animations/Raw/Unverified/Pain Gesture.fbx,Pain Gesture.fbx,social,1,444496,b50b5b2,license-review-required
SourceAssets/Animations/Raw/Unverified/Patting.fbx,Patting.fbx,other,1,601632,b50b5b2,license-review-required
SourceAssets/Animations/Raw/Unverified/Petting Animal.fbx,Petting Animal.fbx,other,1,1439104,b50b5b2,license-review-required
SourceAssets/Animations/Raw/Unverified/Petting.fbx,Petting.fbx,other,1,672560,b50b5b2,license-review-required
SourceAssets/Animations/Raw/Unverified/Piano Playing (1).fbx,Piano Playing (1).fbx,other,2,1068768,b50b5b2,license-review-required
SourceAssets/Animations/Raw/Unverified/Piano Playing.fbx,Piano Playing.fbx,other,2,2142144,b50b5b2,license-review-required
SourceAssets/Animations/Raw/Unverified/Pick Fruit (1).fbx,Pick Fruit (1).fbx,interaction,3,965488,b50b5b2,license-review-required
SourceAssets/Animations/Raw/Unverified/Pick Fruit (2).fbx,Pick Fruit (2).fbx,interaction,3,888480,b50b5b2,license-review-required
SourceAssets/Animations/Raw/Unverified/Pick Fruit.fbx,Pick Fruit.fbx,interaction,3,807072,b50b5b2,license-review-required
SourceAssets/Animations/Raw/Unverified/Pick Up Item (1).fbx,Pick Up Item (1).fbx,interaction,2,386352,b50b5b2,license-review-required
SourceAssets/Animations/Raw/Unverified/Pick Up Item.fbx,Pick Up Item.fbx,interaction,2,386352,b50b5b2,license-review-required
SourceAssets/Animations/Raw/Unverified/Picking At Shirt.fbx,Picking At Shirt.fbx,interaction,1,427968,b50b5b2,license-review-required
SourceAssets/Animations/Raw/Unverified/Picking Up Object.fbx,Picking Up Object.fbx,interaction,1,596960,b50b5b2,license-review-required
SourceAssets/Animations/Raw/Unverified/Picking Up.fbx,Picking Up.fbx,interaction,1,1037552,b50b5b2,license-review-required
SourceAssets/Animations/Raw/Unverified/Pike Walk.fbx,Pike Walk.fbx,locomotion,1,843456,b50b5b2,license-review-required
SourceAssets/Animations/Raw/Unverified/Pilot Flips Switches (1).fbx,Pilot Flips Switches (1).fbx,other,2,633984,b50b5b2,license-review-required
SourceAssets/Animations/Raw/Unverified/Pilot Flips Switches.fbx,Pilot Flips Switches.fbx,other,2,636816,b50b5b2,license-review-required
SourceAssets/Animations/Raw/Unverified/Piloting.fbx,Piloting.fbx,other,1,810720,b50b5b2,license-review-required
SourceAssets/Animations/Raw/Unverified/Pistol Aim.fbx,Pistol Aim.fbx,combat,1,834368,b50b5b2,license-review-required
SourceAssets/Animations/Raw/Unverified/Pistol Idle (1).fbx,Pistol Idle (1).fbx,combat,2,368352,b50b5b2,license-review-required
SourceAssets/Animations/Raw/Unverified/Pistol Idle.fbx,Pistol Idle.fbx,combat,2,578592,b50b5b2,license-review-required
SourceAssets/Animations/Raw/Unverified/Pistol Jump (1).fbx,Pistol Jump (1).fbx,combat,2,425232,b50b5b2,license-review-required
SourceAssets/Animations/Raw/Unverified/Pistol Jump.fbx,Pistol Jump.fbx,combat,2,328032,b50b5b2,license-review-required
SourceAssets/Animations/Raw/Unverified/Pistol Kneel To Stand.fbx,Pistol Kneel To Stand.fbx,combat,1,373936,b50b5b2,license-review-required
SourceAssets/Animations/Raw/Unverified/Pistol Kneeling Idle (1).fbx,Pistol Kneeling Idle (1).fbx,combat,2,566928,b50b5b2,license-review-required
SourceAssets/Animations/Raw/Unverified/Pistol Kneeling Idle.fbx,Pistol Kneeling Idle.fbx,combat,2,566928,b50b5b2,license-review-required
SourceAssets/Animations/Raw/Unverified/Pistol Run (1).fbx,Pistol Run (1).fbx,combat,4,384736,b50b5b2,license-review-required
SourceAssets/Animations/Raw/Unverified/Pistol Run (2).fbx,Pistol Run (2).fbx,combat,4,332144,b50b5b2,license-review-required
SourceAssets/Animations/Raw/Unverified/Pistol Run (3).fbx,Pistol Run (3).fbx,combat,4,332144,b50b5b2,license-review-required
SourceAssets/Animations/Raw/Unverified/Pistol Run Arc (1).fbx,Pistol Run Arc (1).fbx,combat,2,311840,b50b5b2,license-review-required
SourceAssets/Animations/Raw/Unverified/Pistol Run Arc.fbx,Pistol Run Arc.fbx,combat,2,314528,b50b5b2,license-review-required
SourceAssets/Animations/Raw/Unverified/Pistol Run Backward Arc (1).fbx,Pistol Run Backward Arc (1).fbx,combat,3,384736,b50b5b2,license-review-required
SourceAssets/Animations/Raw/Unverified/Pistol Run Backward Arc (2).fbx,Pistol Run Backward Arc (2).fbx,combat,3,384736,b50b5b2,license-review-required
SourceAssets/Animations/Raw/Unverified/Pistol Run Backward Arc.fbx,Pistol Run Backward Arc.fbx,combat,3,384736,b50b5b2,license-review-required
SourceAssets/Animations/Raw/Unverified/Pistol Run Backward.fbx,Pistol Run Backward.fbx,combat,1,306432,b50b5b2,license-review-required
SourceAssets/Animations/Raw/Unverified/Pistol Run.fbx,Pistol Run.fbx,combat,4,384736,b50b5b2,license-review-required
SourceAssets/Animations/Raw/Unverified/Pistol Stand To Kneel.fbx,Pistol Stand To Kneel.fbx,combat,1,343152,b50b5b2,license-review-required
SourceAssets/Animations/Raw/Unverified/Pistol Start.fbx,Pistol Start.fbx,combat,1,459760,b50b5b2,license-review-required
SourceAssets/Animations/Raw/Unverified/Pistol Strafe (1).fbx,Pistol Strafe (1).fbx,combat,2,311840,b50b5b2,license-review-required
SourceAssets/Animations/Raw/Unverified/Pistol Strafe.fbx,Pistol Strafe.fbx,combat,2,309136,b50b5b2,license-review-required
SourceAssets/Animations/Raw/Unverified/Pistol To Idle.fbx,Pistol To Idle.fbx,combat,1,452336,b50b5b2,license-review-required
SourceAssets/Animations/Raw/Unverified/Pistol Walk Arc.fbx,Pistol Walk Arc.fbx,combat,1,325328,b50b5b2,license-review-required
SourceAssets/Animations/Raw/Unverified/Pistol Walk Backward Arc (1).fbx,Pistol Walk Backward Arc (1).fbx,combat,3,311840,b50b5b2,license-review-required
SourceAssets/Animations/Raw/Unverified/Pistol Walk Backward Arc (2).fbx,Pistol Walk Backward Arc (2).fbx,combat,3,311840,b50b5b2,license-review-required
SourceAssets/Animations/Raw/Unverified/Pistol Walk Backward Arc.fbx,Pistol Walk Backward Arc.fbx,combat,3,311840,b50b5b2,license-review-required
SourceAssets/Animations/Raw/Unverified/Pistol Walk Backward.fbx,Pistol Walk Backward.fbx,combat,1,346928,b50b5b2,license-review-required
SourceAssets/Animations/Raw/Unverified/Pistol Walk.fbx,Pistol Walk.fbx,combat,1,328032,b50b5b2,license-review-required
SourceAssets/Animations/Raw/Unverified/Pistol Whip.fbx,Pistol Whip.fbx,combat,1,523808,b50b5b2,license-review-required
SourceAssets/Animations/Raw/Unverified/Pistol.fbx,Pistol.fbx,combat,1,716256,b50b5b2,license-review-required
SourceAssets/Animations/Raw/Unverified/Pivot.fbx,Pivot.fbx,other,1,555088,b50b5b2,license-review-required
SourceAssets/Animations/Raw/Unverified/Plank.fbx,Plank.fbx,other,1,528912,b50b5b2,license-review-required
SourceAssets/Animations/Raw/Unverified/Plant A Plant.fbx,Plant A Plant.fbx,other,1,927792,b50b5b2,license-review-required
SourceAssets/Animations/Raw/Unverified/Playing The Violin.fbx,Playing The Violin.fbx,other,1,3547376,b50b5b2,license-review-required
SourceAssets/Animations/Raw/Unverified/Plotting.fbx,Plotting.fbx,other,1,637456,b50b5b2,license-review-required
SourceAssets/Animations/Raw/Unverified/Pointing (1).fbx,Pointing (1).fbx,social,3,596960,b50b5b2,license-review-required
SourceAssets/Animations/Raw/Unverified/Pointing (2).fbx,Pointing (2).fbx,social,3,520208,b50b5b2,license-review-required
SourceAssets/Animations/Raw/Unverified/Pointing Gesture.fbx,Pointing Gesture.fbx,social,1,447376,b50b5b2,license-review-required
SourceAssets/Animations/Raw/Unverified/Pointing.fbx,Pointing.fbx,social,3,609264,b50b5b2,license-review-required
SourceAssets/Animations/Raw/Unverified/Pontera.fbx,Pontera.fbx,other,1,415264,b50b5b2,license-review-required
SourceAssets/Animations/Raw/Unverified/Praying (1).fbx,Praying (1).fbx,other,4,834992,b50b5b2,license-review-required
SourceAssets/Animations/Raw/Unverified/Praying (2).fbx,Praying (2).fbx,other,4,353952,b50b5b2,license-review-required
SourceAssets/Animations/Raw/Unverified/Praying (3).fbx,Praying (3).fbx,other,4,442800,b50b5b2,license-review-required
SourceAssets/Animations/Raw/Unverified/Praying.fbx,Praying.fbx,other,4,857184,b50b5b2,license-review-required
SourceAssets/Animations/Raw/Unverified/Prone Backwards Stop (1).fbx,Prone Backwards Stop (1).fbx,other,2,403168,b50b5b2,license-review-required
SourceAssets/Animations/Raw/Unverified/Prone Backwards Stop.fbx,Prone Backwards Stop.fbx,other,2,403168,b50b5b2,license-review-required
SourceAssets/Animations/Raw/Unverified/Prone Death.fbx,Prone Death.fbx,combat,1,452048,b50b5b2,license-review-required
SourceAssets/Animations/Raw/Unverified/Prone Firing Rifle (1).fbx,Prone Firing Rifle (1).fbx,combat,3,393808,b50b5b2,license-review-required
SourceAssets/Animations/Raw/Unverified/Prone Firing Rifle (2).fbx,Prone Firing Rifle (2).fbx,combat,3,346944,b50b5b2,license-review-required
SourceAssets/Animations/Raw/Unverified/Prone Firing Rifle.fbx,Prone Firing Rifle.fbx,combat,3,393808,b50b5b2,license-review-required
SourceAssets/Animations/Raw/Unverified/Prone Forward Stop (1).fbx,Prone Forward Stop (1).fbx,other,2,413936,b50b5b2,license-review-required
SourceAssets/Animations/Raw/Unverified/Prone Forward Stop.fbx,Prone Forward Stop.fbx,other,2,413936,b50b5b2,license-review-required
SourceAssets/Animations/Raw/Unverified/Prone Forward.fbx,Prone Forward.fbx,other,1,527840,b50b5b2,license-review-required
SourceAssets/Animations/Raw/Unverified/Prone Idle.fbx,Prone Idle.fbx,idle,1,706304,b50b5b2,license-review-required
SourceAssets/Animations/Raw/Unverified/Prone Left Turn (1).fbx,Prone Left Turn (1).fbx,locomotion,2,373968,b50b5b2,license-review-required
SourceAssets/Animations/Raw/Unverified/Prone Left Turn.fbx,Prone Left Turn.fbx,locomotion,2,373968,b50b5b2,license-review-required
SourceAssets/Animations/Raw/Unverified/Prone Reloading.fbx,Prone Reloading.fbx,combat,1,832512,b50b5b2,license-review-required
SourceAssets/Animations/Raw/Unverified/Prone Right Turn (1).fbx,Prone Right Turn (1).fbx,locomotion,2,409392,b50b5b2,license-review-required
SourceAssets/Animations/Raw/Unverified/Prone Right Turn.fbx,Prone Right Turn.fbx,locomotion,2,413168,b50b5b2,license-review-required
SourceAssets/Animations/Raw/Unverified/Prone Roll (1).fbx,Prone Roll (1).fbx,other,2,454256,b50b5b2,license-review-required
SourceAssets/Animations/Raw/Unverified/Prone Roll.fbx,Prone Roll.fbx,other,2,634688,b50b5b2,license-review-required
SourceAssets/Animations/Raw/Unverified/Prone To Crouch Transition.fbx,Prone To Crouch Transition.fbx,interaction,1,465408,b50b5b2,license-review-required
SourceAssets/Animations/Raw/Unverified/Pull Heavy Object Stop (1).fbx,Pull Heavy Object Stop (1).fbx,interaction,2,400032,b50b5b2,license-review-required
SourceAssets/Animations/Raw/Unverified/Pull Heavy Object Stop.fbx,Pull Heavy Object Stop.fbx,interaction,2,400032,b50b5b2,license-review-required
SourceAssets/Animations/Raw/Unverified/Pull Heavy Object.fbx,Pull Heavy Object.fbx,interaction,1,376096,b50b5b2,license-review-required
SourceAssets/Animations/Raw/Unverified/Pull Pilot From Seat.fbx,Pull Pilot From Seat.fbx,interaction,1,966160,b50b5b2,license-review-required
SourceAssets/Animations/Raw/Unverified/Pull Plant (1).fbx,Pull Plant (1).fbx,interaction,2,687264,b50b5b2,license-review-required
SourceAssets/Animations/Raw/Unverified/Pull Plant.fbx,Pull Plant.fbx,interaction,2,691680,b50b5b2,license-review-required
SourceAssets/Animations/Raw/Unverified/Pulled From Seat.fbx,Pulled From Seat.fbx,interaction,1,644272,b50b5b2,license-review-required
SourceAssets/Animations/Raw/Unverified/Pulling A Rope.fbx,Pulling A Rope.fbx,interaction,1,1486864,b50b5b2,license-review-required
SourceAssets/Animations/Raw/Unverified/Punch Combo.fbx,Punch Combo.fbx,combat,1,443808,b50b5b2,license-review-required
SourceAssets/Animations/Raw/Unverified/Punch To Elbow Combo.fbx,Punch To Elbow Combo.fbx,combat,1,717584,b50b5b2,license-review-required
SourceAssets/Animations/Raw/Unverified/Punching (1).fbx,Punching (1).fbx,combat,4,332496,b50b5b2,license-review-required
SourceAssets/Animations/Raw/Unverified/Punching (2).fbx,Punching (2).fbx,combat,4,344240,b50b5b2,license-review-required
SourceAssets/Animations/Raw/Unverified/Punching (3).fbx,Punching (3).fbx,combat,4,345824,b50b5b2,license-review-required
SourceAssets/Animations/Raw/Unverified/Punching Bag.fbx,Punching Bag.fbx,combat,1,525136,b50b5b2,license-review-required
SourceAssets/Animations/Raw/Unverified/Punching.fbx,Punching.fbx,combat,4,365840,b50b5b2,license-review-required
SourceAssets/Animations/Raw/Unverified/Push (1).fbx,Push (1).fbx,interaction,2,971360,b50b5b2,license-review-required
SourceAssets/Animations/Raw/Unverified/Push Start.fbx,Push Start.fbx,interaction,1,649408,b50b5b2,license-review-required
SourceAssets/Animations/Raw/Unverified/Push Stop.fbx,Push Stop.fbx,interaction,1,530000,b50b5b2,license-review-required
SourceAssets/Animations/Raw/Unverified/Push Up.fbx,Push Up.fbx,interaction,1,389088,b50b5b2,license-review-required
SourceAssets/Animations/Raw/Unverified/Push.fbx,Push.fbx,interaction,2,454176,b50b5b2,license-review-required
SourceAssets/Animations/Raw/Unverified/Pushing (1).fbx,Pushing (1).fbx,interaction,2,670208,b50b5b2,license-review-required
SourceAssets/Animations/Raw/Unverified/Pushing.fbx,Pushing.fbx,interaction,2,479232,b50b5b2,license-review-required
SourceAssets/Animations/Raw/Unverified/Put Back Rifle (1).fbx,Put Back Rifle (1).fbx,combat,2,554288,b50b5b2,license-review-required
SourceAssets/Animations/Raw/Unverified/Put Back Rifle Behind Shoulder.fbx,Put Back Rifle Behind Shoulder.fbx,combat,1,712336,b50b5b2,license-review-required
SourceAssets/Animations/Raw/Unverified/Put Back Rifle.fbx,Put Back Rifle.fbx,combat,2,633680,b50b5b2,license-review-required
SourceAssets/Animations/Raw/Unverified/Putting Down.fbx,Putting Down.fbx,other,1,1113520,b50b5b2,license-review-required
SourceAssets/Animations/Raw/Unverified/Quad Punch.fbx,Quad Punch.fbx,combat,1,441072,b50b5b2,license-review-required
SourceAssets/Animations/Raw/Unverified/Quarterback Pass.fbx,Quarterback Pass.fbx,other,1,944352,b50b5b2,license-review-required
SourceAssets/Animations/Raw/Unverified/Queshada 1.fbx,Queshada 1.fbx,other,1,558080,b50b5b2,license-review-required
SourceAssets/Animations/Raw/Unverified/Queshada 2.fbx,Queshada 2.fbx,other,1,490032,b50b5b2,license-review-required
SourceAssets/Animations/Raw/Unverified/Quick 180 Turn.fbx,Quick 180 Turn.fbx,locomotion,1,396608,b50b5b2,license-review-required
SourceAssets/Animations/Raw/Unverified/Quick Formal Bow.fbx,Quick Formal Bow.fbx,social,1,570240,b50b5b2,license-review-required
SourceAssets/Animations/Raw/Unverified/Quick Informal Bow.fbx,Quick Informal Bow.fbx,social,1,573200,b50b5b2,license-review-required
SourceAssets/Animations/Raw/Unverified/Quick Roll To Run.fbx,Quick Roll To Run.fbx,locomotion,1,422000,b50b5b2,license-review-required
SourceAssets/Animations/Raw/Unverified/Quick Steps.fbx,Quick Steps.fbx,other,1,914032,b50b5b2,license-review-required
SourceAssets/Animations/Raw/Unverified/Rallying.fbx,Rallying.fbx,other,1,812352,b50b5b2,license-review-required
SourceAssets/Animations/Raw/Unverified/Rapping.fbx,Rapping.fbx,other,1,955568,b50b5b2,license-review-required
SourceAssets/Animations/Raw/Unverified/Rasteira 1.fbx,Rasteira 1.fbx,other,1,476288,b50b5b2,license-review-required
SourceAssets/Animations/Raw/Unverified/Rasteira 2.fbx,Rasteira 2.fbx,other,1,542960,b50b5b2,license-review-required
SourceAssets/Animations/Raw/Unverified/Reaching Down.fbx,Reaching Down.fbx,other,1,571040,b50b5b2,license-review-required
SourceAssets/Animations/Raw/Unverified/Reacting.fbx,Reacting.fbx,other,1,631520,b50b5b2,license-review-required
SourceAssets/Animations/Raw/Unverified/Reaction.fbx,Reaction.fbx,other,1,398240,b50b5b2,license-review-required
SourceAssets/Animations/Raw/Unverified/Ready Idle.fbx,Ready Idle.fbx,idle,1,460336,b50b5b2,license-review-required
SourceAssets/Animations/Raw/Unverified/Receive Punch To The Face.fbx,Receive Punch To The Face.fbx,combat,1,403632,b50b5b2,license-review-required
SourceAssets/Animations/Raw/Unverified/Receive Soccerball.fbx,Receive Soccerball.fbx,sports,1,728176,b50b5b2,license-review-required
SourceAssets/Animations/Raw/Unverified/Receive Stomach Uppercut.fbx,Receive Stomach Uppercut.fbx,other,1,433328,b50b5b2,license-review-required
SourceAssets/Animations/Raw/Unverified/Receive Uppercut To The Face.fbx,Receive Uppercut To The Face.fbx,other,1,400432,b50b5b2,license-review-required
SourceAssets/Animations/Raw/Unverified/Receive.fbx,Receive.fbx,other,1,422000,b50b5b2,license-review-required
SourceAssets/Animations/Raw/Unverified/Receiver Catch.fbx,Receiver Catch.fbx,other,1,656352,b50b5b2,license-review-required
SourceAssets/Animations/Raw/Unverified/Receiving A Big Uppercut.fbx,Receiving A Big Uppercut.fbx,other,1,460336,b50b5b2,license-review-required
SourceAssets/Animations/Raw/Unverified/Receiving An Uppercut.fbx,Receiving An Uppercut.fbx,other,1,398240,b50b5b2,license-review-required
SourceAssets/Animations/Raw/Unverified/Receiving Cpr.fbx,Receiving Cpr.fbx,medical,1,738464,b50b5b2,license-review-required
SourceAssets/Animations/Raw/Unverified/Rejected.fbx,Rejected.fbx,other,1,574192,b50b5b2,license-review-required
SourceAssets/Animations/Raw/Unverified/Release Hostage - Hostage.fbx,Release Hostage - Hostage.fbx,other,1,610992,b50b5b2,license-review-required
SourceAssets/Animations/Raw/Unverified/Release Hostage - Villain.fbx,Release Hostage - Villain.fbx,other,1,561312,b50b5b2,license-review-required
SourceAssets/Animations/Raw/Unverified/Relieved Sigh (1).fbx,Relieved Sigh (1).fbx,other,2,603440,b50b5b2,license-review-required
SourceAssets/Animations/Raw/Unverified/Relieved Sigh.fbx,Relieved Sigh.fbx,other,2,603440,b50b5b2,license-review-required
SourceAssets/Animations/Raw/Unverified/Reload (1).fbx,Reload (1).fbx,combat,2,681056,b50b5b2,license-review-required
SourceAssets/Animations/Raw/Unverified/Reload.fbx,Reload.fbx,combat,2,877344,b50b5b2,license-review-required
SourceAssets/Animations/Raw/Unverified/Reloading (1).fbx,Reloading (1).fbx,combat,2,640128,b50b5b2,license-review-required
SourceAssets/Animations/Raw/Unverified/Reloading.fbx,Reloading.fbx,combat,2,623616,b50b5b2,license-review-required
SourceAssets/Animations/Raw/Unverified/Removing Driver (1).fbx,Removing Driver (1).fbx,other,2,1016336,b50b5b2,license-review-required
SourceAssets/Animations/Raw/Unverified/Removing Driver.fbx,Removing Driver.fbx,other,2,1016336,b50b5b2,license-review-required
SourceAssets/Animations/Raw/Unverified/Restrain.fbx,Restrain.fbx,other,1,762416,b50b5b2,license-review-required
SourceAssets/Animations/Raw/Unverified/Revealing Dice.fbx,Revealing Dice.fbx,other,1,664992,b50b5b2,license-review-required
SourceAssets/Animations/Raw/Unverified/Rib Hit.fbx,Rib Hit.fbx,combat,1,344240,b50b5b2,license-review-required
SourceAssets/Animations/Raw/Unverified/Rifle Aim To Down.fbx,Rifle Aim To Down.fbx,combat,1,433328,b50b5b2,license-review-required
SourceAssets/Animations/Raw/Unverified/Rifle Aim To Kneel.fbx,Rifle Aim To Kneel.fbx,combat,1,353952,b50b5b2,license-review-required
SourceAssets/Animations/Raw/Unverified/Rifle Aiming Idle.fbx,Rifle Aiming Idle.fbx,combat,1,598032,b50b5b2,license-review-required
SourceAssets/Animations/Raw/Unverified/Rifle Backward Run To Stop.fbx,Rifle Backward Run To Stop.fbx,combat,1,437120,b50b5b2,license-review-required
SourceAssets/Animations/Raw/Unverified/Rifle Backward Walk To Stop.fbx,Rifle Backward Walk To Stop.fbx,combat,1,588320,b50b5b2,license-review-required
SourceAssets/Animations/Raw/Unverified/Rifle Block.fbx,Rifle Block.fbx,combat,1,490032,b50b5b2,license-review-required
SourceAssets/Animations/Raw/Unverified/Rifle Crouch Backward Walk.fbx,Rifle Crouch Backward Walk.fbx,combat,1,440352,b50b5b2,license-review-required
SourceAssets/Animations/Raw/Unverified/Rifle Crouch Idle To Walk.fbx,Rifle Crouch Idle To Walk.fbx,combat,1,532800,b50b5b2,license-review-required
SourceAssets/Animations/Raw/Unverified/Rifle Crouch Turn (1).fbx,Rifle Crouch Turn (1).fbx,combat,11,404176,b50b5b2,license-review-required
SourceAssets/Animations/Raw/Unverified/Rifle Crouch Turn (10).fbx,Rifle Crouch Turn (10).fbx,combat,11,459648,b50b5b2,license-review-required
SourceAssets/Animations/Raw/Unverified/Rifle Crouch Turn (2).fbx,Rifle Crouch Turn (2).fbx,combat,11,404176,b50b5b2,license-review-required
SourceAssets/Animations/Raw/Unverified/Rifle Crouch Turn (3).fbx,Rifle Crouch Turn (3).fbx,combat,11,379520,b50b5b2,license-review-required
SourceAssets/Animations/Raw/Unverified/Rifle Crouch Turn (4).fbx,Rifle Crouch Turn (4).fbx,combat,11,382032,b50b5b2,license-review-required
SourceAssets/Animations/Raw/Unverified/Rifle Crouch Turn (5).fbx,Rifle Crouch Turn (5).fbx,combat,11,382032,b50b5b2,license-review-required
SourceAssets/Animations/Raw/Unverified/Rifle Crouch Turn (6).fbx,Rifle Crouch Turn (6).fbx,combat,11,404176,b50b5b2,license-review-required
SourceAssets/Animations/Raw/Unverified/Rifle Crouch Turn (7).fbx,Rifle Crouch Turn (7).fbx,combat,11,379520,b50b5b2,license-review-required
SourceAssets/Animations/Raw/Unverified/Rifle Crouch Turn (8).fbx,Rifle Crouch Turn (8).fbx,combat,11,399456,b50b5b2,license-review-required
SourceAssets/Animations/Raw/Unverified/Rifle Crouch Turn (9).fbx,Rifle Crouch Turn (9).fbx,combat,11,459648,b50b5b2,license-review-required
SourceAssets/Animations/Raw/Unverified/Rifle Crouch Turn.fbx,Rifle Crouch Turn.fbx,combat,11,401040,b50b5b2,license-review-required
SourceAssets/Animations/Raw/Unverified/Rifle Crouch Walk To Idle.fbx,Rifle Crouch Walk To Idle.fbx,combat,1,592784,b50b5b2,license-review-required
SourceAssets/Animations/Raw/Unverified/Rifle Crouch Walk To Kneel.fbx,Rifle Crouch Walk To Kneel.fbx,combat,1,570352,b50b5b2,license-review-required
SourceAssets/Animations/Raw/Unverified/Rifle Crouch Walk.fbx,Rifle Crouch Walk.fbx,combat,1,442800,b50b5b2,license-review-required
SourceAssets/Animations/Raw/Unverified/Rifle Death.fbx,Rifle Death.fbx,combat,1,694336,b50b5b2,license-review-required
SourceAssets/Animations/Raw/Unverified/Rifle Down To Aim.fbx,Rifle Down To Aim.fbx,combat,1,361520,b50b5b2,license-review-required
SourceAssets/Animations/Raw/Unverified/Rifle Hit To Back.fbx,Rifle Hit To Back.fbx,combat,1,464144,b50b5b2,license-review-required
SourceAssets/Animations/Raw/Unverified/Rifle Idle (1).fbx,Rifle Idle (1).fbx,combat,5,486608,b50b5b2,license-review-required
SourceAssets/Animations/Raw/Unverified/Rifle Idle (2).fbx,Rifle Idle (2).fbx,combat,5,720288,b50b5b2,license-review-required
SourceAssets/Animations/Raw/Unverified/Rifle Idle (3).fbx,Rifle Idle (3).fbx,combat,5,643072,b50b5b2,license-review-required
SourceAssets/Animations/Raw/Unverified/Rifle Idle (4).fbx,Rifle Idle (4).fbx,combat,5,743920,b50b5b2,license-review-required
SourceAssets/Animations/Raw/Unverified/Rifle Idle To Crouch.fbx,Rifle Idle To Crouch.fbx,combat,1,536544,b50b5b2,license-review-required
SourceAssets/Animations/Raw/Unverified/Rifle Idle.fbx,Rifle Idle.fbx,combat,5,819232,b50b5b2,license-review-required
SourceAssets/Animations/Raw/Unverified/Rifle Jump (1).fbx,Rifle Jump (1).fbx,combat,2,325696,b50b5b2,license-review-required
SourceAssets/Animations/Raw/Unverified/Rifle Jump In Place.fbx,Rifle Jump In Place.fbx,combat,1,482480,b50b5b2,license-review-required
SourceAssets/Animations/Raw/Unverified/Rifle Jump.fbx,Rifle Jump.fbx,combat,2,520272,b50b5b2,license-review-required
SourceAssets/Animations/Raw/Unverified/Rifle Kneel Idle.fbx,Rifle Kneel Idle.fbx,combat,1,399088,b50b5b2,license-review-required
SourceAssets/Animations/Raw/Unverified/Rifle Kneel To Prone.fbx,Rifle Kneel To Prone.fbx,combat,1,488448,b50b5b2,license-review-required
SourceAssets/Animations/Raw/Unverified/Rifle Kneel To Stand.fbx,Rifle Kneel To Stand.fbx,combat,1,380448,b50b5b2,license-review-required
SourceAssets/Animations/Raw/Unverified/Rifle Prone Hit Reaction.fbx,Rifle Prone Hit Reaction.fbx,combat,1,401760,b50b5b2,license-review-required
SourceAssets/Animations/Raw/Unverified/Rifle Prone To Kneel (1).fbx,Rifle Prone To Kneel (1).fbx,combat,2,488480,b50b5b2,license-review-required
SourceAssets/Animations/Raw/Unverified/Rifle Prone To Kneel.fbx,Rifle Prone To Kneel.fbx,combat,2,488496,b50b5b2,license-review-required
SourceAssets/Animations/Raw/Unverified/Rifle Punch.fbx,Rifle Punch.fbx,combat,1,488720,b50b5b2,license-review-required
SourceAssets/Animations/Raw/Unverified/Rifle Put Away.fbx,Rifle Put Away.fbx,combat,1,522512,b50b5b2,license-review-required
SourceAssets/Animations/Raw/Unverified/Rifle Rubbing Eyes.fbx,Rifle Rubbing Eyes.fbx,combat,1,471136,b50b5b2,license-review-required
SourceAssets/Animations/Raw/Unverified/Rifle Run (1).fbx,Rifle Run (1).fbx,combat,3,317232,b50b5b2,license-review-required
SourceAssets/Animations/Raw/Unverified/Rifle Run (2).fbx,Rifle Run (2).fbx,combat,3,343232,b50b5b2,license-review-required
SourceAssets/Animations/Raw/Unverified/Rifle Run To Dying.fbx,Rifle Run To Dying.fbx,combat,1,504848,b50b5b2,license-review-required
SourceAssets/Animations/Raw/Unverified/Rifle Run To Stop (1).fbx,Rifle Run To Stop (1).fbx,combat,2,429552,b50b5b2,license-review-required
SourceAssets/Animations/Raw/Unverified/Rifle Run To Stop.fbx,Rifle Run To Stop.fbx,combat,2,429552,b50b5b2,license-review-required
SourceAssets/Animations/Raw/Unverified/Rifle Run.fbx,Rifle Run.fbx,combat,3,317232,b50b5b2,license-review-required
SourceAssets/Animations/Raw/Unverified/Rifle Shielding Face.fbx,Rifle Shielding Face.fbx,combat,1,599168,b50b5b2,license-review-required
SourceAssets/Animations/Raw/Unverified/Rifle Side Step (1).fbx,Rifle Side Step (1).fbx,combat,2,383120,b50b5b2,license-review-required
SourceAssets/Animations/Raw/Unverified/Rifle Side Step.fbx,Rifle Side Step.fbx,combat,2,357728,b50b5b2,license-review-required
SourceAssets/Animations/Raw/Unverified/Rifle Stand To Kneel.fbx,Rifle Stand To Kneel.fbx,combat,1,348912,b50b5b2,license-review-required
SourceAssets/Animations/Raw/Unverified/Rifle Start Run.fbx,Rifle Start Run.fbx,combat,1,441072,b50b5b2,license-review-required
SourceAssets/Animations/Raw/Unverified/Rifle Turn (1).fbx,Rifle Turn (1).fbx,combat,7,384128,b50b5b2,license-review-required
SourceAssets/Animations/Raw/Unverified/Rifle Turn (2).fbx,Rifle Turn (2).fbx,combat,7,422528,b50b5b2,license-review-required
SourceAssets/Animations/Raw/Unverified/Rifle Turn (3).fbx,Rifle Turn (3).fbx,combat,7,422528,b50b5b2,license-review-required
SourceAssets/Animations/Raw/Unverified/Rifle Turn (4).fbx,Rifle Turn (4).fbx,combat,7,399104,b50b5b2,license-review-required
SourceAssets/Animations/Raw/Unverified/Rifle Turn (5).fbx,Rifle Turn (5).fbx,combat,7,414432,b50b5b2,license-review-required
SourceAssets/Animations/Raw/Unverified/Rifle Turn (6).fbx,Rifle Turn (6).fbx,combat,7,414432,b50b5b2,license-review-required
SourceAssets/Animations/Raw/Unverified/Rifle Turn.fbx,Rifle Turn.fbx,combat,7,382032,b50b5b2,license-review-required
SourceAssets/Animations/Raw/Unverified/Rifle Walk To Stop.fbx,Rifle Walk To Stop.fbx,combat,1,667696,b50b5b2,license-review-required
SourceAssets/Animations/Raw/Unverified/Rifle Walk.fbx,Rifle Walk.fbx,combat,1,367136,b50b5b2,license-review-required
SourceAssets/Animations/Raw/Unverified/Right Block (1).fbx,Right Block (1).fbx,combat,2,399104,b50b5b2,license-review-required
SourceAssets/Animations/Raw/Unverified/Right Block.fbx,Right Block.fbx,combat,2,376240,b50b5b2,license-review-required
SourceAssets/Animations/Raw/Unverified/Right Cover Sneak (1).fbx,Right Cover Sneak (1).fbx,other,2,374624,b50b5b2,license-review-required
SourceAssets/Animations/Raw/Unverified/Right Cover Sneak W_ Rifle.fbx,Right Cover Sneak W_ Rifle.fbx,combat,1,355040,b50b5b2,license-review-required
SourceAssets/Animations/Raw/Unverified/Right Cover Sneak.fbx,Right Cover Sneak.fbx,other,2,374624,b50b5b2,license-review-required
SourceAssets/Animations/Raw/Unverified/Right Hook.fbx,Right Hook.fbx,other,1,376096,b50b5b2,license-review-required
SourceAssets/Animations/Raw/Unverified/Right Pivot (1).fbx,Right Pivot (1).fbx,other,4,341536,b50b5b2,license-review-required
SourceAssets/Animations/Raw/Unverified/Right Pivot (2).fbx,Right Pivot (2).fbx,other,4,363136,b50b5b2,license-review-required
SourceAssets/Animations/Raw/Unverified/Right Pivot (3).fbx,Right Pivot (3).fbx,other,4,341536,b50b5b2,license-review-required
SourceAssets/Animations/Raw/Unverified/Right Pivot.fbx,Right Pivot.fbx,other,4,363136,b50b5b2,license-review-required
SourceAssets/Animations/Raw/Unverified/Right Shimmy.fbx,Right Shimmy.fbx,other,1,405360,b50b5b2,license-review-required
SourceAssets/Animations/Raw/Unverified/Right Strafe Walk (1).fbx,Right Strafe Walk (1).fbx,locomotion,2,369072,b50b5b2,license-review-required
SourceAssets/Animations/Raw/Unverified/Right Strafe Walk.fbx,Right Strafe Walk.fbx,locomotion,2,369072,b50b5b2,license-review-required
SourceAssets/Animations/Raw/Unverified/Right Strafe Walking.fbx,Right Strafe Walking.fbx,locomotion,1,378176,b50b5b2,license-review-required
SourceAssets/Animations/Raw/Unverified/Right Turn (1).fbx,Right Turn (1).fbx,locomotion,13,352336,b50b5b2,license-review-required
SourceAssets/Animations/Raw/Unverified/Right Turn (10).fbx,Right Turn (10).fbx,locomotion,13,409248,b50b5b2,license-review-required
SourceAssets/Animations/Raw/Unverified/Right Turn (11).fbx,Right Turn (11).fbx,locomotion,13,409248,b50b5b2,license-review-required
SourceAssets/Animations/Raw/Unverified/Right Turn (12).fbx,Right Turn (12).fbx,locomotion,13,374480,b50b5b2,license-review-required
SourceAssets/Animations/Raw/Unverified/Right Turn (2).fbx,Right Turn (2).fbx,locomotion,13,448640,b50b5b2,license-review-required
SourceAssets/Animations/Raw/Unverified/Right Turn (3).fbx,Right Turn (3).fbx,locomotion,13,352336,b50b5b2,license-review-required
SourceAssets/Animations/Raw/Unverified/Right Turn (4).fbx,Right Turn (4).fbx,locomotion,13,369248,b50b5b2,license-review-required
SourceAssets/Animations/Raw/Unverified/Right Turn (5).fbx,Right Turn (5).fbx,locomotion,13,367056,b50b5b2,license-review-required
SourceAssets/Animations/Raw/Unverified/Right Turn (6).fbx,Right Turn (6).fbx,locomotion,13,360432,b50b5b2,license-review-required
SourceAssets/Animations/Raw/Unverified/Right Turn (7).fbx,Right Turn (7).fbx,locomotion,13,350352,b50b5b2,license-review-required
SourceAssets/Animations/Raw/Unverified/Right Turn (8).fbx,Right Turn (8).fbx,locomotion,13,369248,b50b5b2,license-review-required
SourceAssets/Animations/Raw/Unverified/Right Turn (9).fbx,Right Turn (9).fbx,locomotion,13,395536,b50b5b2,license-review-required
SourceAssets/Animations/Raw/Unverified/Right Turn 90.fbx,Right Turn 90.fbx,locomotion,1,367056,b50b5b2,license-review-required
SourceAssets/Animations/Raw/Unverified/Right Turn W_ Briefcase (1).fbx,Right Turn W_ Briefcase (1).fbx,locomotion,3,352336,b50b5b2,license-review-required
SourceAssets/Animations/Raw/Unverified/Right Turn W_ Briefcase (2).fbx,Right Turn W_ Briefcase (2).fbx,locomotion,3,352336,b50b5b2,license-review-required
SourceAssets/Animations/Raw/Unverified/Right Turn W_ Briefcase.fbx,Right Turn W_ Briefcase.fbx,locomotion,3,436032,b50b5b2,license-review-required
SourceAssets/Animations/Raw/Unverified/Right Turn.fbx,Right Turn.fbx,locomotion,13,395536,b50b5b2,license-review-required
SourceAssets/Animations/Raw/Unverified/Roar.fbx,Roar.fbx,other,1,750224,b50b5b2,license-review-required
SourceAssets/Animations/Raw/Unverified/Rockin' Shackle A.fbx,Rockin' Shackle A.fbx,other,1,722416,b50b5b2,license-review-required
SourceAssets/Animations/Raw/Unverified/Rockin' Shackle B.fbx,Rockin' Shackle B.fbx,other,1,720864,b50b5b2,license-review-required
SourceAssets/Animations/Raw/Unverified/Roll Kicking.fbx,Roll Kicking.fbx,combat,1,498656,b50b5b2,license-review-required
SourceAssets/Animations/Raw/Unverified/Roll Left (1).fbx,Roll Left (1).fbx,other,2,435808,b50b5b2,license-review-required
SourceAssets/Animations/Raw/Unverified/Roll Left.fbx,Roll Left.fbx,other,2,546736,b50b5b2,license-review-required
SourceAssets/Animations/Raw/Unverified/Rope Climb.fbx,Rope Climb.fbx,locomotion,1,553952,b50b5b2,license-review-required
SourceAssets/Animations/Raw/Unverified/Rope Swinging.fbx,Rope Swinging.fbx,other,1,663920,b50b5b2,license-review-required
SourceAssets/Animations/Raw/Unverified/Roundhouse Kick.fbx,Roundhouse Kick.fbx,combat,1,437376,b50b5b2,license-review-required
SourceAssets/Animations/Raw/Unverified/Rumba Dancing.fbx,Rumba Dancing.fbx,dance,1,495824,b50b5b2,license-review-required
SourceAssets/Animations/Raw/Unverified/Rummaging.fbx,Rummaging.fbx,other,1,658832,b50b5b2,license-review-required
SourceAssets/Animations/Raw/Unverified/Run And Swing.fbx,Run And Swing.fbx,locomotion,1,512896,b50b5b2,license-review-required
SourceAssets/Animations/Raw/Unverified/Run And Throw Grenade.fbx,Run And Throw Grenade.fbx,combat,1,590928,b50b5b2,license-review-required
SourceAssets/Animations/Raw/Unverified/Run Arc Left.fbx,Run Arc Left.fbx,locomotion,1,306432,b50b5b2,license-review-required
SourceAssets/Animations/Raw/Unverified/Run Backward (1).fbx,Run Backward (1).fbx,locomotion,3,330624,b50b5b2,license-review-required
SourceAssets/Animations/Raw/Unverified/Run Backward (2).fbx,Run Backward (2).fbx,locomotion,3,382176,b50b5b2,license-review-required
SourceAssets/Animations/Raw/Unverified/Run Backward Arc Right (1).fbx,Run Backward Arc Right (1).fbx,locomotion,3,403088,b50b5b2,license-review-required
SourceAssets/Animations/Raw/Unverified/Run Backward Arc Right (2).fbx,Run Backward Arc Right (2).fbx,locomotion,3,337392,b50b5b2,license-review-required
SourceAssets/Animations/Raw/Unverified/Run Backward Arc Right.fbx,Run Backward Arc Right.fbx,locomotion,3,322560,b50b5b2,license-review-required
SourceAssets/Animations/Raw/Unverified/Run Backward Left (1).fbx,Run Backward Left (1).fbx,locomotion,2,383808,b50b5b2,license-review-required
SourceAssets/Animations/Raw/Unverified/Run Backward Left.fbx,Run Backward Left.fbx,locomotion,2,383808,b50b5b2,license-review-required
SourceAssets/Animations/Raw/Unverified/Run Backward Right (1).fbx,Run Backward Right (1).fbx,locomotion,2,384736,b50b5b2,license-review-required
SourceAssets/Animations/Raw/Unverified/Run Backward Right.fbx,Run Backward Right.fbx,locomotion,2,384736,b50b5b2,license-review-required
SourceAssets/Animations/Raw/Unverified/Run Backward.fbx,Run Backward.fbx,locomotion,3,333872,b50b5b2,license-review-required
SourceAssets/Animations/Raw/Unverified/Run Backwards (1).fbx,Run Backwards (1).fbx,locomotion,5,399312,b50b5b2,license-review-required
SourceAssets/Animations/Raw/Unverified/Run Backwards (2).fbx,Run Backwards (2).fbx,locomotion,5,350064,b50b5b2,license-review-required
SourceAssets/Animations/Raw/Unverified/Run Backwards (3).fbx,Run Backwards (3).fbx,locomotion,5,320336,b50b5b2,license-review-required
SourceAssets/Animations/Raw/Unverified/Run Backwards (4).fbx,Run Backwards (4).fbx,locomotion,5,388160,b50b5b2,license-review-required
SourceAssets/Animations/Raw/Unverified/Run Backwards.fbx,Run Backwards.fbx,locomotion,5,433344,b50b5b2,license-review-required
SourceAssets/Animations/Raw/Unverified/Run Forward (1).fbx,Run Forward (1).fbx,locomotion,5,384080,b50b5b2,license-review-required
SourceAssets/Animations/Raw/Unverified/Run Forward (2).fbx,Run Forward (2).fbx,locomotion,5,311840,b50b5b2,license-review-required
SourceAssets/Animations/Raw/Unverified/Run Forward (3).fbx,Run Forward (3).fbx,locomotion,5,363344,b50b5b2,license-review-required
SourceAssets/Animations/Raw/Unverified/Run Forward (4).fbx,Run Forward (4).fbx,locomotion,5,344816,b50b5b2,license-review-required
SourceAssets/Animations/Raw/Unverified/Run Forward Arc Left (1).fbx,Run Forward Arc Left (1).fbx,locomotion,2,344816,b50b5b2,license-review-required
SourceAssets/Animations/Raw/Unverified/Run Forward Arc Left.fbx,Run Forward Arc Left.fbx,locomotion,2,344816,b50b5b2,license-review-required
SourceAssets/Animations/Raw/Unverified/Run Forward Arc Right (1).fbx,Run Forward Arc Right (1).fbx,locomotion,2,363360,b50b5b2,license-review-required
SourceAssets/Animations/Raw/Unverified/Run Forward Arc Right.fbx,Run Forward Arc Right.fbx,locomotion,2,363344,b50b5b2,license-review-required
SourceAssets/Animations/Raw/Unverified/Run Forward Right.fbx,Run Forward Right.fbx,locomotion,1,383952,b50b5b2,license-review-required
SourceAssets/Animations/Raw/Unverified/Run Forward.fbx,Run Forward.fbx,locomotion,5,384080,b50b5b2,license-review-required
SourceAssets/Animations/Raw/Unverified/Run Left.fbx,Run Left.fbx,locomotion,1,384736,b50b5b2,license-review-required
SourceAssets/Animations/Raw/Unverified/Run Right.fbx,Run Right.fbx,locomotion,1,383728,b50b5b2,license-review-required
SourceAssets/Animations/Raw/Unverified/Run Strafing Jump.fbx,Run Strafing Jump.fbx,locomotion,1,376704,b50b5b2,license-review-required
SourceAssets/Animations/Raw/Unverified/Run To Dive.fbx,Run To Dive.fbx,locomotion,1,399312,b50b5b2,license-review-required
SourceAssets/Animations/Raw/Unverified/Run To Flip.fbx,Run To Flip.fbx,locomotion,1,492368,b50b5b2,license-review-required
SourceAssets/Animations/Raw/Unverified/Run To Stop (1).fbx,Run To Stop (1).fbx,locomotion,3,398240,b50b5b2,license-review-required
SourceAssets/Animations/Raw/Unverified/Run To Stop (2).fbx,Run To Stop (2).fbx,locomotion,3,355568,b50b5b2,license-review-required
SourceAssets/Animations/Raw/Unverified/Run To Stop.fbx,Run To Stop.fbx,locomotion,3,447920,b50b5b2,license-review-required
SourceAssets/Animations/Raw/Unverified/Run With Sword.fbx,Run With Sword.fbx,combat,1,328032,b50b5b2,license-review-required
SourceAssets/Animations/Raw/Unverified/Run.fbx,Run.fbx,locomotion,1,346400,b50b5b2,license-review-required
SourceAssets/Animations/Raw/Unverified/Running (1).fbx,Running (1).fbx,locomotion,8,430816,b50b5b2,license-review-required
SourceAssets/Animations/Raw/Unverified/Running (2).fbx,Running (2).fbx,locomotion,8,393664,b50b5b2,license-review-required
SourceAssets/Animations/Raw/Unverified/Running (3).fbx,Running (3).fbx,locomotion,8,333536,b50b5b2,license-review-required
SourceAssets/Animations/Raw/Unverified/Running (4).fbx,Running (4).fbx,locomotion,8,341104,b50b5b2,license-review-required
SourceAssets/Animations/Raw/Unverified/Running (5).fbx,Running (5).fbx,locomotion,8,330736,b50b5b2,license-review-required
SourceAssets/Animations/Raw/Unverified/Running (6).fbx,Running (6).fbx,locomotion,8,341104,b50b5b2,license-review-required
SourceAssets/Animations/Raw/Unverified/Running (7).fbx,Running (7).fbx,locomotion,8,335056,b50b5b2,license-review-required
SourceAssets/Animations/Raw/Unverified/Running Arc.fbx,Running Arc.fbx,locomotion,1,311840,b50b5b2,license-review-required
SourceAssets/Animations/Raw/Unverified/Running Backward (1).fbx,Running Backward (1).fbx,locomotion,2,306432,b50b5b2,license-review-required
SourceAssets/Animations/Raw/Unverified/Running Backward Arc (1).fbx,Running Backward Arc (1).fbx,locomotion,2,309136,b50b5b2,license-review-required
SourceAssets/Animations/Raw/Unverified/Running Backward Arc.fbx,Running Backward Arc.fbx,locomotion,2,384736,b50b5b2,license-review-required
SourceAssets/Animations/Raw/Unverified/Running Backward.fbx,Running Backward.fbx,locomotion,2,333680,b50b5b2,license-review-required
SourceAssets/Animations/Raw/Unverified/Running Crawl.fbx,Running Crawl.fbx,locomotion,1,338832,b50b5b2,license-review-required
SourceAssets/Animations/Raw/Unverified/Running Forward Flip.fbx,Running Forward Flip.fbx,locomotion,1,376096,b50b5b2,license-review-required
SourceAssets/Animations/Raw/Unverified/Running Jump (1).fbx,Running Jump (1).fbx,locomotion,2,485536,b50b5b2,license-review-required
SourceAssets/Animations/Raw/Unverified/Running Jump.fbx,Running Jump.fbx,locomotion,2,365296,b50b5b2,license-review-required
SourceAssets/Animations/Raw/Unverified/Running Right Turn (1).fbx,Running Right Turn (1).fbx,locomotion,2,348512,b50b5b2,license-review-required
SourceAssets/Animations/Raw/Unverified/Running Right Turn.fbx,Running Right Turn.fbx,locomotion,2,348512,b50b5b2,license-review-required
SourceAssets/Animations/Raw/Unverified/Running Slide.fbx,Running Slide.fbx,locomotion,1,420560,b50b5b2,license-review-required
SourceAssets/Animations/Raw/Unverified/Running Tired.fbx,Running Tired.fbx,locomotion,1,826672,b50b5b2,license-review-required
SourceAssets/Animations/Raw/Unverified/Running To Stop (1).fbx,Running To Stop (1).fbx,locomotion,2,450144,b50b5b2,license-review-required
SourceAssets/Animations/Raw/Unverified/Running To Stop.fbx,Running To Stop.fbx,locomotion,2,450144,b50b5b2,license-review-required
SourceAssets/Animations/Raw/Unverified/Running To Turn.fbx,Running To Turn.fbx,locomotion,1,495792,b50b5b2,license-review-required
SourceAssets/Animations/Raw/Unverified/Running Turn 180.fbx,Running Turn 180.fbx,locomotion,1,331632,b50b5b2,license-review-required
SourceAssets/Animations/Raw/Unverified/Running Up Stairs.fbx,Running Up Stairs.fbx,locomotion,1,326736,b50b5b2,license-review-required
SourceAssets/Animations/Raw/Unverified/Running.fbx,Running.fbx,locomotion,8,526240,b50b5b2,license-review-required
SourceAssets/Animations/Raw/Unverified/Sad Idle (1).fbx,Sad Idle (1).fbx,idle,3,479232,b50b5b2,license-review-required
SourceAssets/Animations/Raw/Unverified/Sad Idle (2).fbx,Sad Idle (2).fbx,idle,3,529344,b50b5b2,license-review-required
SourceAssets/Animations/Raw/Unverified/Sad Idle.fbx,Sad Idle.fbx,idle,3,708192,b50b5b2,license-review-required
SourceAssets/Animations/Raw/Unverified/Sad Walk.fbx,Sad Walk.fbx,locomotion,1,426384,b50b5b2,license-review-required
SourceAssets/Animations/Raw/Unverified/Salsa Dancing (1).fbx,Salsa Dancing (1).fbx,dance,10,1056480,b50b5b2,license-review-required
SourceAssets/Animations/Raw/Unverified/Salsa Dancing (2).fbx,Salsa Dancing (2).fbx,dance,10,510480,b50b5b2,license-review-required
SourceAssets/Animations/Raw/Unverified/Salsa Dancing (3).fbx,Salsa Dancing (3).fbx,dance,10,546144,b50b5b2,license-review-required
SourceAssets/Animations/Raw/Unverified/Salsa Dancing (4).fbx,Salsa Dancing (4).fbx,dance,10,1842832,b50b5b2,license-review-required
SourceAssets/Animations/Raw/Unverified/Salsa Dancing (5).fbx,Salsa Dancing (5).fbx,dance,10,553488,b50b5b2,license-review-required
SourceAssets/Animations/Raw/Unverified/Salsa Dancing (6).fbx,Salsa Dancing (6).fbx,dance,10,1891984,b50b5b2,license-review-required
SourceAssets/Animations/Raw/Unverified/Salsa Dancing (7).fbx,Salsa Dancing (7).fbx,dance,10,1832016,b50b5b2,license-review-required
SourceAssets/Animations/Raw/Unverified/Salsa Dancing (8).fbx,Salsa Dancing (8).fbx,dance,10,511888,b50b5b2,license-review-required
SourceAssets/Animations/Raw/Unverified/Salsa Dancing (9).fbx,Salsa Dancing (9).fbx,dance,10,523408,b50b5b2,license-review-required
SourceAssets/Animations/Raw/Unverified/Salsa Dancing.fbx,Salsa Dancing.fbx,dance,10,2618992,b50b5b2,license-review-required
SourceAssets/Animations/Raw/Unverified/Salute.fbx,Salute.fbx,other,1,581472,b50b5b2,license-review-required
SourceAssets/Animations/Raw/Unverified/Samba Dancing (1).fbx,Samba Dancing (1).fbx,dance,6,2447744,b50b5b2,license-review-required
SourceAssets/Animations/Raw/Unverified/Samba Dancing (2).fbx,Samba Dancing (2).fbx,dance,6,1123808,b50b5b2,license-review-required
SourceAssets/Animations/Raw/Unverified/Samba Dancing (3).fbx,Samba Dancing (3).fbx,dance,6,1798960,b50b5b2,license-review-required
SourceAssets/Animations/Raw/Unverified/Samba Dancing (4).fbx,Samba Dancing (4).fbx,dance,6,2544720,b50b5b2,license-review-required
SourceAssets/Animations/Raw/Unverified/Samba Dancing (5).fbx,Samba Dancing (5).fbx,dance,6,2288048,b50b5b2,license-review-required
SourceAssets/Animations/Raw/Unverified/Samba Dancing.fbx,Samba Dancing.fbx,dance,6,1835168,b50b5b2,license-review-required
SourceAssets/Animations/Raw/Unverified/Scared.fbx,Scared.fbx,other,1,1123264,b50b5b2,license-review-required
SourceAssets/Animations/Raw/Unverified/Scary Clown Idle.fbx,Scary Clown Idle.fbx,idle,1,459792,b50b5b2,license-review-required
SourceAssets/Animations/Raw/Unverified/Scary Clown Start Walking.fbx,Scary Clown Start Walking.fbx,locomotion,1,448448,b50b5b2,license-review-required
SourceAssets/Animations/Raw/Unverified/Scary Clown Stopping (1).fbx,Scary Clown Stopping (1).fbx,other,2,520272,b50b5b2,license-review-required
SourceAssets/Animations/Raw/Unverified/Scary Clown Stopping.fbx,Scary Clown Stopping.fbx,other,2,520272,b50b5b2,license-review-required
SourceAssets/Animations/Raw/Unverified/Scary Clown Walk.fbx,Scary Clown Walk.fbx,locomotion,1,341536,b50b5b2,license-review-required
SourceAssets/Animations/Raw/Unverified/Scissor Kick (1).fbx,Scissor Kick (1).fbx,combat,2,576976,b50b5b2,license-review-required
SourceAssets/Animations/Raw/Unverified/Scissor Kick.fbx,Scissor Kick.fbx,combat,2,576976,b50b5b2,license-review-required
SourceAssets/Animations/Raw/Unverified/Searching Files High.fbx,Searching Files High.fbx,other,1,1099584,b50b5b2,license-review-required
SourceAssets/Animations/Raw/Unverified/Searching Pockets.fbx,Searching Pockets.fbx,other,1,715888,b50b5b2,license-review-required
SourceAssets/Animations/Raw/Unverified/Seated Idle (1).fbx,Seated Idle (1).fbx,interaction,2,668240,b50b5b2,license-review-required
SourceAssets/Animations/Raw/Unverified/Seated Idle.fbx,Seated Idle.fbx,interaction,2,668240,b50b5b2,license-review-required
SourceAssets/Animations/Raw/Unverified/Sending Fax.fbx,Sending Fax.fbx,other,1,2014224,b50b5b2,license-review-required
SourceAssets/Animations/Raw/Unverified/Shake Fist.fbx,Shake Fist.fbx,other,1,526032,b50b5b2,license-review-required
SourceAssets/Animations/Raw/Unverified/Shake Gesture.fbx,Shake Gesture.fbx,social,1,459792,b50b5b2,license-review-required
SourceAssets/Animations/Raw/Unverified/Shaking Dice.fbx,Shaking Dice.fbx,other,1,980688,b50b5b2,license-review-required
SourceAssets/Animations/Raw/Unverified/Shaking Hands 1.fbx,Shaking Hands 1.fbx,other,1,658240,b50b5b2,license-review-required
SourceAssets/Animations/Raw/Unverified/Shaking Hands 2.fbx,Shaking Hands 2.fbx,other,1,654480,b50b5b2,license-review-required
SourceAssets/Animations/Raw/Unverified/Shaking Head No.fbx,Shaking Head No.fbx,other,1,467360,b50b5b2,license-review-required
SourceAssets/Animations/Raw/Unverified/Shaking It Off.fbx,Shaking It Off.fbx,other,1,786448,b50b5b2,license-review-required
SourceAssets/Animations/Raw/Unverified/Sheath A Great Sword 1.fbx,Sheath A Great Sword 1.fbx,combat,1,346400,b50b5b2,license-review-required
SourceAssets/Animations/Raw/Unverified/Sheath A Great Sword 2.fbx,Sheath A Great Sword 2.fbx,combat,1,391760,b50b5b2,license-review-required
SourceAssets/Animations/Raw/Unverified/Sheath Sword 1.fbx,Sheath Sword 1.fbx,combat,1,390464,b50b5b2,license-review-required
SourceAssets/Animations/Raw/Unverified/Sheath Sword 2.fbx,Sheath Sword 2.fbx,combat,1,357728,b50b5b2,license-review-required
SourceAssets/Animations/Raw/Unverified/Sheathing Sword.fbx,Sheathing Sword.fbx,combat,1,450464,b50b5b2,license-review-required
SourceAssets/Animations/Raw/Unverified/Shoot Rifle.fbx,Shoot Rifle.fbx,combat,1,367056,b50b5b2,license-review-required
SourceAssets/Animations/Raw/Unverified/Shooting Arrow.fbx,Shooting Arrow.fbx,combat,1,651248,b50b5b2,license-review-required
SourceAssets/Animations/Raw/Unverified/Shooting Gun.fbx,Shooting Gun.fbx,combat,1,727744,b50b5b2,license-review-required
SourceAssets/Animations/Raw/Unverified/Shooting Pistol.fbx,Shooting Pistol.fbx,combat,1,479232,b50b5b2,license-review-required
SourceAssets/Animations/Raw/Unverified/Shooting.fbx,Shooting.fbx,combat,1,382928,b50b5b2,license-review-required
SourceAssets/Animations/Raw/Unverified/Shopping Cart Dance.fbx,Shopping Cart Dance.fbx,dance,1,1519248,b50b5b2,license-review-required
SourceAssets/Animations/Raw/Unverified/Short Left Side Step.fbx,Short Left Side Step.fbx,other,1,328032,b50b5b2,license-review-required
SourceAssets/Animations/Raw/Unverified/Short Right Side Step.fbx,Short Right Side Step.fbx,other,1,333440,b50b5b2,license-review-required
SourceAssets/Animations/Raw/Unverified/Short Step Forward (1).fbx,Short Step Forward (1).fbx,other,2,344240,b50b5b2,license-review-required
SourceAssets/Animations/Raw/Unverified/Short Step Forward.fbx,Short Step Forward.fbx,other,2,344240,b50b5b2,license-review-required
SourceAssets/Animations/Raw/Unverified/Shoulder Hit And Fall.fbx,Shoulder Hit And Fall.fbx,combat,1,581296,b50b5b2,license-review-required
SourceAssets/Animations/Raw/Unverified/Shoulder Rubbing.fbx,Shoulder Rubbing.fbx,other,1,786448,b50b5b2,license-review-required
"SourceAssets/Animations/Raw/Unverified/Shoulder Throw, Aggressor.fbx","Shoulder Throw, Aggressor.fbx",other,1,861744,b50b5b2,license-review-required
"SourceAssets/Animations/Raw/Unverified/Shoulder Throw, Victim.fbx","Shoulder Throw, Victim.fbx",other,1,857632,b50b5b2,license-review-required
SourceAssets/Animations/Raw/Unverified/Shove Reaction (1).fbx,Shove Reaction (1).fbx,other,2,603440,b50b5b2,license-review-required
SourceAssets/Animations/Raw/Unverified/Shove Reaction.fbx,Shove Reaction.fbx,other,2,497120,b50b5b2,license-review-required
SourceAssets/Animations/Raw/Unverified/Shoved Reaction With Spin.fbx,Shoved Reaction With Spin.fbx,other,1,559536,b50b5b2,license-review-required
SourceAssets/Animations/Raw/Unverified/Shoved.fbx,Shoved.fbx,other,1,588096,b50b5b2,license-review-required
SourceAssets/Animations/Raw/Unverified/Shrugging.fbx,Shrugging.fbx,other,1,420912,b50b5b2,license-review-required
SourceAssets/Animations/Raw/Unverified/Shuffling (1).fbx,Shuffling (1).fbx,other,2,928192,b50b5b2,license-review-required
SourceAssets/Animations/Raw/Unverified/Shuffling.fbx,Shuffling.fbx,other,2,928192,b50b5b2,license-review-required
SourceAssets/Animations/Raw/Unverified/Side Kick.fbx,Side Kick.fbx,combat,1,425232,b50b5b2,license-review-required
SourceAssets/Animations/Raw/Unverified/Side Step.fbx,Side Step.fbx,other,1,427968,b50b5b2,license-review-required
SourceAssets/Animations/Raw/Unverified/Silly Dancing (1).fbx,Silly Dancing (1).fbx,other,2,613104,b50b5b2,license-review-required
SourceAssets/Animations/Raw/Unverified/Silly Dancing.fbx,Silly Dancing.fbx,other,2,573728,b50b5b2,license-review-required
SourceAssets/Animations/Raw/Unverified/Single Step Right.fbx,Single Step Right.fbx,other,1,432144,b50b5b2,license-review-required
SourceAssets/Animations/Raw/Unverified/Sit To Stand.fbx,Sit To Stand.fbx,interaction,1,520272,b50b5b2,license-review-required
SourceAssets/Animations/Raw/Unverified/Sit To Type.fbx,Sit To Type.fbx,interaction,1,399312,b50b5b2,license-review-required
SourceAssets/Animations/Raw/Unverified/Sitting (1).fbx,Sitting (1).fbx,interaction,6,885984,b50b5b2,license-review-required
SourceAssets/Animations/Raw/Unverified/Sitting (2).fbx,Sitting (2).fbx,interaction,6,357728,b50b5b2,license-review-required
SourceAssets/Animations/Raw/Unverified/Sitting (3).fbx,Sitting (3).fbx,interaction,6,1039296,b50b5b2,license-review-required
SourceAssets/Animations/Raw/Unverified/Sitting (4).fbx,Sitting (4).fbx,interaction,6,582912,b50b5b2,license-review-required
SourceAssets/Animations/Raw/Unverified/Sitting (5).fbx,Sitting (5).fbx,interaction,6,660096,b50b5b2,license-review-required
SourceAssets/Animations/Raw/Unverified/Sitting And Pointing.fbx,Sitting And Pointing.fbx,interaction,1,571040,b50b5b2,license-review-required
SourceAssets/Animations/Raw/Unverified/Sitting Angry (1).fbx,Sitting Angry (1).fbx,interaction,4,648864,b50b5b2,license-review-required
SourceAssets/Animations/Raw/Unverified/Sitting Angry (2).fbx,Sitting Angry (2).fbx,interaction,4,570992,b50b5b2,license-review-required
SourceAssets/Animations/Raw/Unverified/Sitting Angry (3).fbx,Sitting Angry (3).fbx,interaction,4,570992,b50b5b2,license-review-required
SourceAssets/Animations/Raw/Unverified/Sitting Angry.fbx,Sitting Angry.fbx,interaction,4,641232,b50b5b2,license-review-required
SourceAssets/Animations/Raw/Unverified/Sitting Clap (1).fbx,Sitting Clap (1).fbx,interaction,7,762880,b50b5b2,license-review-required
SourceAssets/Animations/Raw/Unverified/Sitting Clap (2).fbx,Sitting Clap (2).fbx,interaction,7,845024,b50b5b2,license-review-required
SourceAssets/Animations/Raw/Unverified/Sitting Clap (3).fbx,Sitting Clap (3).fbx,interaction,7,729296,b50b5b2,license-review-required
SourceAssets/Animations/Raw/Unverified/Sitting Clap (4).fbx,Sitting Clap (4).fbx,interaction,7,652576,b50b5b2,license-review-required
SourceAssets/Animations/Raw/Unverified/Sitting Clap (5).fbx,Sitting Clap (5).fbx,interaction,7,937616,b50b5b2,license-review-required
SourceAssets/Animations/Raw/Unverified/Sitting Clap (6).fbx,Sitting Clap (6).fbx,interaction,7,652576,b50b5b2,license-review-required
SourceAssets/Animations/Raw/Unverified/Sitting Clap.fbx,Sitting Clap.fbx,interaction,7,762880,b50b5b2,license-review-required
SourceAssets/Animations/Raw/Unverified/Sitting Dazed.fbx,Sitting Dazed.fbx,interaction,1,999712,b50b5b2,license-review-required
SourceAssets/Animations/Raw/Unverified/Sitting Disapproval.fbx,Sitting Disapproval.fbx,interaction,1,686112,b50b5b2,license-review-required
SourceAssets/Animations/Raw/Unverified/Sitting Disbelief (1).fbx,Sitting Disbelief (1).fbx,interaction,3,673280,b50b5b2,license-review-required
SourceAssets/Animations/Raw/Unverified/Sitting Disbelief (2).fbx,Sitting Disbelief (2).fbx,interaction,3,726752,b50b5b2,license-review-required
SourceAssets/Animations/Raw/Unverified/Sitting Disbelief.fbx,Sitting Disbelief.fbx,interaction,3,692896,b50b5b2,license-review-required
SourceAssets/Animations/Raw/Unverified/Sitting Dodges.fbx,Sitting Dodges.fbx,interaction,1,928896,b50b5b2,license-review-required
SourceAssets/Animations/Raw/Unverified/Sitting Drinking.fbx,Sitting Drinking.fbx,interaction,1,1504960,b50b5b2,license-review-required
SourceAssets/Animations/Raw/Unverified/Sitting Fist Pump.fbx,Sitting Fist Pump.fbx,interaction,1,633680,b50b5b2,license-review-required
SourceAssets/Animations/Raw/Unverified/Sitting Gun Motion.fbx,Sitting Gun Motion.fbx,combat,1,657104,b50b5b2,license-review-required
SourceAssets/Animations/Raw/Unverified/Sitting Idle (1).fbx,Sitting Idle (1).fbx,interaction,5,1063648,b50b5b2,license-review-required
SourceAssets/Animations/Raw/Unverified/Sitting Idle (2).fbx,Sitting Idle (2).fbx,interaction,5,534352,b50b5b2,license-review-required
SourceAssets/Animations/Raw/Unverified/Sitting Idle (3).fbx,Sitting Idle (3).fbx,interaction,5,590048,b50b5b2,license-review-required
SourceAssets/Animations/Raw/Unverified/Sitting Idle (4).fbx,Sitting Idle (4).fbx,interaction,5,726576,b50b5b2,license-review-required
SourceAssets/Animations/Raw/Unverified/Sitting Idle.fbx,Sitting Idle.fbx,interaction,5,845152,b50b5b2,license-review-required
SourceAssets/Animations/Raw/Unverified/Sitting Rubbing Arm.fbx,Sitting Rubbing Arm.fbx,interaction,1,901072,b50b5b2,license-review-required
SourceAssets/Animations/Raw/Unverified/Sitting Swinging Weapon.fbx,Sitting Swinging Weapon.fbx,interaction,1,635264,b50b5b2,license-review-required
SourceAssets/Animations/Raw/Unverified/Sitting Talking (1).fbx,Sitting Talking (1).fbx,interaction,2,3776992,b50b5b2,license-review-required
SourceAssets/Animations/Raw/Unverified/Sitting Talking.fbx,Sitting Talking.fbx,interaction,2,3776992,b50b5b2,license-review-required
SourceAssets/Animations/Raw/Unverified/Sitting Victory.fbx,Sitting Victory.fbx,interaction,1,757328,b50b5b2,license-review-required
SourceAssets/Animations/Raw/Unverified/Sitting Weapon Grab.fbx,Sitting Weapon Grab.fbx,interaction,1,577872,b50b5b2,license-review-required
SourceAssets/Animations/Raw/Unverified/Sitting Weapon Strike.fbx,Sitting Weapon Strike.fbx,interaction,1,550512,b50b5b2,license-review-required
SourceAssets/Animations/Raw/Unverified/Sitting Yell (1).fbx,Sitting Yell (1).fbx,interaction,7,682240,b50b5b2,license-review-required
SourceAssets/Animations/Raw/Unverified/Sitting Yell (2).fbx,Sitting Yell (2).fbx,interaction,7,482000,b50b5b2,license-review-required
SourceAssets/Animations/Raw/Unverified/Sitting Yell (3).fbx,Sitting Yell (3).fbx,interaction,7,711904,b50b5b2,license-review-required
SourceAssets/Animations/Raw/Unverified/Sitting Yell (4).fbx,Sitting Yell (4).fbx,interaction,7,526512,b50b5b2,license-review-required
SourceAssets/Animations/Raw/Unverified/Sitting Yell (5).fbx,Sitting Yell (5).fbx,interaction,7,526496,b50b5b2,license-review-required
SourceAssets/Animations/Raw/Unverified/Sitting Yell (6).fbx,Sitting Yell (6).fbx,interaction,7,648864,b50b5b2,license-review-required
SourceAssets/Animations/Raw/Unverified/Sitting Yell.fbx,Sitting Yell.fbx,interaction,7,682240,b50b5b2,license-review-required
SourceAssets/Animations/Raw/Unverified/Sitting.fbx,Sitting.fbx,interaction,6,433344,b50b5b2,license-review-required
SourceAssets/Animations/Raw/Unverified/Situp To Idle.fbx,Situp To Idle.fbx,interaction,1,661392,b50b5b2,license-review-required
SourceAssets/Animations/Raw/Unverified/Situps.fbx,Situps.fbx,interaction,1,516496,b50b5b2,license-review-required
SourceAssets/Animations/Raw/Unverified/Skateboarding (1).fbx,Skateboarding (1).fbx,sports,2,366912,b50b5b2,license-review-required
SourceAssets/Animations/Raw/Unverified/Skateboarding.fbx,Skateboarding.fbx,sports,2,501920,b50b5b2,license-review-required
SourceAssets/Animations/Raw/Unverified/Skinning Test (1).fbx,Skinning Test (1).fbx,other,2,517824,b50b5b2,license-review-required
SourceAssets/Animations/Raw/Unverified/Skinning Test.fbx,Skinning Test.fbx,other,2,517824,b50b5b2,license-review-required
SourceAssets/Animations/Raw/Unverified/Slash Advance.fbx,Slash Advance.fbx,other,1,465728,b50b5b2,license-review-required
SourceAssets/Animations/Raw/Unverified/Sleeping Idle (1).fbx,Sleeping Idle (1).fbx,idle,3,1631280,b50b5b2,license-review-required
SourceAssets/Animations/Raw/Unverified/Sleeping Idle (2).fbx,Sleeping Idle (2).fbx,idle,3,851360,b50b5b2,license-review-required
SourceAssets/Animations/Raw/Unverified/Sleeping Idle.fbx,Sleeping Idle.fbx,idle,3,1631296,b50b5b2,license-review-required
SourceAssets/Animations/Raw/Unverified/Slide Hip Hop Dance.fbx,Slide Hip Hop Dance.fbx,dance,1,1627824,b50b5b2,license-review-required
SourceAssets/Animations/Raw/Unverified/Slide Hip Hop Walk.fbx,Slide Hip Hop Walk.fbx,dance,1,366592,b50b5b2,license-review-required
SourceAssets/Animations/Raw/Unverified/Slipping.fbx,Slipping.fbx,other,1,567408,b50b5b2,license-review-required
SourceAssets/Animations/Raw/Unverified/Slow Jog Backwards.fbx,Slow Jog Backwards.fbx,locomotion,1,322640,b50b5b2,license-review-required
SourceAssets/Animations/Raw/Unverified/Slow Jog.fbx,Slow Jog.fbx,locomotion,1,352336,b50b5b2,license-review-required
SourceAssets/Animations/Raw/Unverified/Slow Run.fbx,Slow Run.fbx,locomotion,1,346400,b50b5b2,license-review-required
SourceAssets/Animations/Raw/Unverified/Smash.fbx,Smash.fbx,other,1,519200,b50b5b2,license-review-required
SourceAssets/Animations/Raw/Unverified/Smoking.fbx,Smoking.fbx,other,1,1697392,b50b5b2,license-review-required
SourceAssets/Animations/Raw/Unverified/Snatch (1).fbx,Snatch (1).fbx,other,3,675568,b50b5b2,license-review-required
SourceAssets/Animations/Raw/Unverified/Snatch (2).fbx,Snatch (2).fbx,other,3,641104,b50b5b2,license-review-required
SourceAssets/Animations/Raw/Unverified/Snatch.fbx,Snatch.fbx,other,3,395536,b50b5b2,license-review-required
SourceAssets/Animations/Raw/Unverified/Sneak Walk (1).fbx,Sneak Walk (1).fbx,locomotion,2,349632,b50b5b2,license-review-required
SourceAssets/Animations/Raw/Unverified/Sneak Walk.fbx,Sneak Walk.fbx,locomotion,2,336128,b50b5b2,license-review-required
SourceAssets/Animations/Raw/Unverified/Soccer Idle.fbx,Soccer Idle.fbx,idle,1,817632,b50b5b2,license-review-required
SourceAssets/Animations/Raw/Unverified/Soccer Pass.fbx,Soccer Pass.fbx,sports,1,444672,b50b5b2,license-review-required
SourceAssets/Animations/Raw/Unverified/Soccer Penalty Kick.fbx,Soccer Penalty Kick.fbx,combat,1,384736,b50b5b2,license-review-required
SourceAssets/Animations/Raw/Unverified/Soccer Tackle (1).fbx,Soccer Tackle (1).fbx,sports,4,573200,b50b5b2,license-review-required
SourceAssets/Animations/Raw/Unverified/Soccer Tackle (2).fbx,Soccer Tackle (2).fbx,sports,4,524048,b50b5b2,license-review-required
SourceAssets/Animations/Raw/Unverified/Soccer Tackle (3).fbx,Soccer Tackle (3).fbx,sports,4,524048,b50b5b2,license-review-required
SourceAssets/Animations/Raw/Unverified/Soccer Tackle.fbx,Soccer Tackle.fbx,sports,4,463568,b50b5b2,license-review-required
SourceAssets/Animations/Raw/Unverified/Spat In Face (1).fbx,Spat In Face (1).fbx,other,2,523152,b50b5b2,license-review-required
SourceAssets/Animations/Raw/Unverified/Spat In Face.fbx,Spat In Face.fbx,other,2,523152,b50b5b2,license-review-required
SourceAssets/Animations/Raw/Unverified/Speedbag.fbx,Speedbag.fbx,other,1,855120,b50b5b2,license-review-required
SourceAssets/Animations/Raw/Unverified/Spell Casting.fbx,Spell Casting.fbx,other,1,739520,b50b5b2,license-review-required
SourceAssets/Animations/Raw/Unverified/Spin Flip Kick.fbx,Spin Flip Kick.fbx,combat,1,685728,b50b5b2,license-review-required
SourceAssets/Animations/Raw/Unverified/Spin In Place.fbx,Spin In Place.fbx,other,1,718992,b50b5b2,license-review-required
SourceAssets/Animations/Raw/Unverified/Spinning.fbx,Spinning.fbx,other,1,405104,b50b5b2,license-review-required
SourceAssets/Animations/Raw/Unverified/Spit Reaction (1).fbx,Spit Reaction (1).fbx,other,2,614960,b50b5b2,license-review-required
SourceAssets/Animations/Raw/Unverified/Spit Reaction.fbx,Spit Reaction.fbx,other,2,614960,b50b5b2,license-review-required
SourceAssets/Animations/Raw/Unverified/Sprint Backward Left (1).fbx,Sprint Backward Left (1).fbx,locomotion,2,384736,b50b5b2,license-review-required
SourceAssets/Animations/Raw/Unverified/Sprint Backward Left.fbx,Sprint Backward Left.fbx,locomotion,2,384736,b50b5b2,license-review-required
SourceAssets/Animations/Raw/Unverified/Sprint Backward Right (1).fbx,Sprint Backward Right (1).fbx,locomotion,2,384272,b50b5b2,license-review-required
SourceAssets/Animations/Raw/Unverified/Sprint Backward Right.fbx,Sprint Backward Right.fbx,locomotion,2,384272,b50b5b2,license-review-required
SourceAssets/Animations/Raw/Unverified/Sprint Forward (1).fbx,Sprint Forward (1).fbx,locomotion,2,387440,b50b5b2,license-review-required
SourceAssets/Animations/Raw/Unverified/Sprint Forward Left.fbx,Sprint Forward Left.fbx,locomotion,1,384736,b50b5b2,license-review-required
SourceAssets/Animations/Raw/Unverified/Sprint Forward.fbx,Sprint Forward.fbx,locomotion,2,387440,b50b5b2,license-review-required
SourceAssets/Animations/Raw/Unverified/Sprint Left.fbx,Sprint Left.fbx,locomotion,1,384880,b50b5b2,license-review-required
SourceAssets/Animations/Raw/Unverified/Sprint Right.fbx,Sprint Right.fbx,locomotion,1,385456,b50b5b2,license-review-required
SourceAssets/Animations/Raw/Unverified/Sprint To Backslide.fbx,Sprint To Backslide.fbx,locomotion,1,501248,b50b5b2,license-review-required
SourceAssets/Animations/Raw/Unverified/Sprint To Wall Climb.fbx,Sprint To Wall Climb.fbx,locomotion,1,447920,b50b5b2,license-review-required
SourceAssets/Animations/Raw/Unverified/Sprint Turn (1).fbx,Sprint Turn (1).fbx,locomotion,2,344240,b50b5b2,license-review-required
SourceAssets/Animations/Raw/Unverified/Sprint Turn.fbx,Sprint Turn.fbx,locomotion,2,344240,b50b5b2,license-review-required
SourceAssets/Animations/Raw/Unverified/Sprint.fbx,Sprint.fbx,locomotion,1,317376,b50b5b2,license-review-required
SourceAssets/Animations/Raw/Unverified/Stabbing (1).fbx,Stabbing (1).fbx,other,2,476528,b50b5b2,license-review-required
SourceAssets/Animations/Raw/Unverified/Stabbing.fbx,Stabbing.fbx,other,2,454928,b50b5b2,license-review-required
SourceAssets/Animations/Raw/Unverified/Stable Sword Inward Slash.fbx,Stable Sword Inward Slash.fbx,combat,1,441440,b50b5b2,license-review-required
SourceAssets/Animations/Raw/Unverified/Stall Soccerball (1).fbx,Stall Soccerball (1).fbx,sports,5,626624,b50b5b2,license-review-required
SourceAssets/Animations/Raw/Unverified/Stall Soccerball (2).fbx,Stall Soccerball (2).fbx,sports,5,516608,b50b5b2,license-review-required
SourceAssets/Animations/Raw/Unverified/Stall Soccerball (3).fbx,Stall Soccerball (3).fbx,sports,5,471136,b50b5b2,license-review-required
SourceAssets/Animations/Raw/Unverified/Stall Soccerball (4).fbx,Stall Soccerball (4).fbx,sports,5,471136,b50b5b2,license-review-required
SourceAssets/Animations/Raw/Unverified/Stall Soccerball.fbx,Stall Soccerball.fbx,sports,5,500544,b50b5b2,license-review-required
SourceAssets/Animations/Raw/Unverified/Stand To Cover (1).fbx,Stand To Cover (1).fbx,other,3,393200,b50b5b2,license-review-required
SourceAssets/Animations/Raw/Unverified/Stand To Cover (2).fbx,Stand To Cover (2).fbx,other,3,393200,b50b5b2,license-review-required
SourceAssets/Animations/Raw/Unverified/Stand To Cover.fbx,Stand To Cover.fbx,other,3,379520,b50b5b2,license-review-required
SourceAssets/Animations/Raw/Unverified/Stand To Crouch.fbx,Stand To Crouch.fbx,other,1,407408,b50b5b2,license-review-required
SourceAssets/Animations/Raw/Unverified/Stand To Freehang.fbx,Stand To Freehang.fbx,other,1,437648,b50b5b2,license-review-required
SourceAssets/Animations/Raw/Unverified/Stand To Roll.fbx,Stand To Roll.fbx,other,1,506064,b50b5b2,license-review-required
SourceAssets/Animations/Raw/Unverified/Stand To Sit.fbx,Stand To Sit.fbx,interaction,1,514080,b50b5b2,license-review-required
SourceAssets/Animations/Raw/Unverified/Stand Up (1).fbx,Stand Up (1).fbx,interaction,3,696288,b50b5b2,license-review-required
SourceAssets/Animations/Raw/Unverified/Stand Up (2).fbx,Stand Up (2).fbx,interaction,3,994032,b50b5b2,license-review-required
SourceAssets/Animations/Raw/Unverified/Stand Up.fbx,Stand Up.fbx,interaction,3,502640,b50b5b2,license-review-required
SourceAssets/Animations/Raw/Unverified/Stand.fbx,Stand.fbx,other,1,614768,b50b5b2,license-review-required
SourceAssets/Animations/Raw/Unverified/Standard Idle.fbx,Standard Idle.fbx,idle,1,596960,b50b5b2,license-review-required
SourceAssets/Animations/Raw/Unverified/Standard Run.fbx,Standard Run.fbx,locomotion,1,344816,b50b5b2,license-review-required
SourceAssets/Animations/Raw/Unverified/Standing (1).fbx,Standing (1).fbx,other,3,615488,b50b5b2,license-review-required
SourceAssets/Animations/Raw/Unverified/Standing (2).fbx,Standing (2).fbx,other,3,656528,b50b5b2,license-review-required
SourceAssets/Animations/Raw/Unverified/Standing 1H Cast Spell 01 (1).fbx,Standing 1H Cast Spell 01 (1).fbx,other,2,520272,b50b5b2,license-review-required
SourceAssets/Animations/Raw/Unverified/Standing 1H Cast Spell 01.fbx,Standing 1H Cast Spell 01.fbx,other,2,520272,b50b5b2,license-review-required
SourceAssets/Animations/Raw/Unverified/Standing 1H Magic Attack 01.fbx,Standing 1H Magic Attack 01.fbx,combat,1,522880,b50b5b2,license-review-required
SourceAssets/Animations/Raw/Unverified/Standing 1H Magic Attack 02.fbx,Standing 1H Magic Attack 02.fbx,combat,1,513952,b50b5b2,license-review-required
SourceAssets/Animations/Raw/Unverified/Standing 2H Cast Spell 01.fbx,Standing 2H Cast Spell 01.fbx,other,1,514064,b50b5b2,license-review-required
SourceAssets/Animations/Raw/Unverified/Standing 2H Magic Area Attack 01 (1).fbx,Standing 2H Magic Area Attack 01 (1).fbx,combat,2,600736,b50b5b2,license-review-required
SourceAssets/Animations/Raw/Unverified/Standing 2H Magic Area Attack 01.fbx,Standing 2H Magic Area Attack 01.fbx,combat,2,600736,b50b5b2,license-review-required
SourceAssets/Animations/Raw/Unverified/Standing 2H Magic Area Attack 02.fbx,Standing 2H Magic Area Attack 02.fbx,combat,1,633680,b50b5b2,license-review-required
SourceAssets/Animations/Raw/Unverified/Standing 2H Magic Attack 01.fbx,Standing 2H Magic Attack 01.fbx,combat,1,569408,b50b5b2,license-review-required
SourceAssets/Animations/Raw/Unverified/Standing 2H Magic Attack 02.fbx,Standing 2H Magic Attack 02.fbx,combat,1,563552,b50b5b2,license-review-required
SourceAssets/Animations/Raw/Unverified/Standing 2H Magic Attack 03 (1).fbx,Standing 2H Magic Attack 03 (1).fbx,combat,2,653200,b50b5b2,license-review-required
SourceAssets/Animations/Raw/Unverified/Standing 2H Magic Attack 03.fbx,Standing 2H Magic Attack 03.fbx,combat,2,653200,b50b5b2,license-review-required
SourceAssets/Animations/Raw/Unverified/Standing 2H Magic Attack 04.fbx,Standing 2H Magic Attack 04.fbx,combat,1,634032,b50b5b2,license-review-required
SourceAssets/Animations/Raw/Unverified/Standing 2H Magic Attack 05.fbx,Standing 2H Magic Attack 05.fbx,combat,1,663920,b50b5b2,license-review-required
SourceAssets/Animations/Raw/Unverified/Standing Aim Idle 01.fbx,Standing Aim Idle 01.fbx,combat,1,560208,b50b5b2,license-review-required
SourceAssets/Animations/Raw/Unverified/Standing Aim Idle 02 Looking.fbx,Standing Aim Idle 02 Looking.fbx,combat,1,586976,b50b5b2,license-review-required
SourceAssets/Animations/Raw/Unverified/Standing Aim Overdraw (1).fbx,Standing Aim Overdraw (1).fbx,combat,2,564272,b50b5b2,license-review-required
SourceAssets/Animations/Raw/Unverified/Standing Aim Overdraw.fbx,Standing Aim Overdraw.fbx,combat,2,564272,b50b5b2,license-review-required
SourceAssets/Animations/Raw/Unverified/Standing Aim Recoil.fbx,Standing Aim Recoil.fbx,combat,1,329872,b50b5b2,license-review-required
SourceAssets/Animations/Raw/Unverified/Standing Aim Walk Back (1).fbx,Standing Aim Walk Back (1).fbx,combat,2,382032,b50b5b2,license-review-required
SourceAssets/Animations/Raw/Unverified/Standing Aim Walk Back.fbx,Standing Aim Walk Back.fbx,combat,2,382032,b50b5b2,license-review-required
SourceAssets/Animations/Raw/Unverified/Standing Aim Walk Forward.fbx,Standing Aim Walk Forward.fbx,combat,1,360432,b50b5b2,license-review-required
SourceAssets/Animations/Raw/Unverified/Standing Aim Walk Left (1).fbx,Standing Aim Walk Left (1).fbx,combat,2,360432,b50b5b2,license-review-required
SourceAssets/Animations/Raw/Unverified/Standing Aim Walk Left.fbx,Standing Aim Walk Left.fbx,combat,2,360432,b50b5b2,license-review-required
SourceAssets/Animations/Raw/Unverified/Standing Aim Walk Right.fbx,Standing Aim Walk Right.fbx,combat,1,368544,b50b5b2,license-review-required
SourceAssets/Animations/Raw/Unverified/Standing Arguing.fbx,Standing Arguing.fbx,other,1,2016064,b50b5b2,license-review-required
SourceAssets/Animations/Raw/Unverified/Standing Block (1).fbx,Standing Block (1).fbx,combat,2,455472,b50b5b2,license-review-required
SourceAssets/Animations/Raw/Unverified/Standing Block End.fbx,Standing Block End.fbx,combat,1,410656,b50b5b2,license-review-required
SourceAssets/Animations/Raw/Unverified/Standing Block Idle (1).fbx,Standing Block Idle (1).fbx,combat,2,435504,b50b5b2,license-review-required
SourceAssets/Animations/Raw/Unverified/Standing Block Idle.fbx,Standing Block Idle.fbx,combat,2,535136,b50b5b2,license-review-required
SourceAssets/Animations/Raw/Unverified/Standing Block React Large.fbx,Standing Block React Large.fbx,combat,1,414432,b50b5b2,license-review-required
SourceAssets/Animations/Raw/Unverified/Standing Block Start.fbx,Standing Block Start.fbx,combat,1,433328,b50b5b2,license-review-required
SourceAssets/Animations/Raw/Unverified/Standing Block.fbx,Standing Block.fbx,combat,2,455472,b50b5b2,license-review-required
SourceAssets/Animations/Raw/Unverified/Standing Cheering (1).fbx,Standing Cheering (1).fbx,social,2,652576,b50b5b2,license-review-required
SourceAssets/Animations/Raw/Unverified/Standing Cheering.fbx,Standing Cheering.fbx,social,2,648864,b50b5b2,license-review-required
SourceAssets/Animations/Raw/Unverified/Standing Clap (1).fbx,Standing Clap (1).fbx,social,7,692896,b50b5b2,license-review-required
SourceAssets/Animations/Raw/Unverified/Standing Clap (2).fbx,Standing Clap (2).fbx,social,7,663920,b50b5b2,license-review-required
SourceAssets/Animations/Raw/Unverified/Standing Clap (3).fbx,Standing Clap (3).fbx,social,7,707072,b50b5b2,license-review-required
SourceAssets/Animations/Raw/Unverified/Standing Clap (4).fbx,Standing Clap (4).fbx,social,7,713376,b50b5b2,license-review-required
SourceAssets/Animations/Raw/Unverified/Standing Clap (5).fbx,Standing Clap (5).fbx,social,7,681232,b50b5b2,license-review-required
SourceAssets/Animations/Raw/Unverified/Standing Clap (6).fbx,Standing Clap (6).fbx,social,7,735728,b50b5b2,license-review-required
SourceAssets/Animations/Raw/Unverified/Standing Clap.fbx,Standing Clap.fbx,social,7,692896,b50b5b2,license-review-required
SourceAssets/Animations/Raw/Unverified/Standing Cover Turn (1).fbx,Standing Cover Turn (1).fbx,locomotion,2,365840,b50b5b2,license-review-required
SourceAssets/Animations/Raw/Unverified/Standing Cover Turn.fbx,Standing Cover Turn.fbx,locomotion,2,365840,b50b5b2,license-review-required
SourceAssets/Animations/Raw/Unverified/Standing Death Backward 01 (1).fbx,Standing Death Backward 01 (1).fbx,combat,2,564560,b50b5b2,license-review-required
SourceAssets/Animations/Raw/Unverified/Standing Death Backward 01.fbx,Standing Death Backward 01.fbx,combat,2,517808,b50b5b2,license-review-required
SourceAssets/Animations/Raw/Unverified/Standing Death Forward 01.fbx,Standing Death Forward 01.fbx,combat,1,571040,b50b5b2,license-review-required
SourceAssets/Animations/Raw/Unverified/Standing Death Forward 02.fbx,Standing Death Forward 02.fbx,combat,1,507904,b50b5b2,license-review-required
SourceAssets/Animations/Raw/Unverified/Standing Death Left 01.fbx,Standing Death Left 01.fbx,combat,1,484272,b50b5b2,license-review-required
SourceAssets/Animations/Raw/Unverified/Standing Death Left 02.fbx,Standing Death Left 02.fbx,combat,1,484880,b50b5b2,license-review-required
SourceAssets/Animations/Raw/Unverified/Standing Death Right 01.fbx,Standing Death Right 01.fbx,combat,1,462560,b50b5b2,license-review-required
SourceAssets/Animations/Raw/Unverified/Standing Death Right 02.fbx,Standing Death Right 02.fbx,combat,1,506912,b50b5b2,license-review-required
SourceAssets/Animations/Raw/Unverified/Standing Disarm Bow.fbx,Standing Disarm Bow.fbx,social,1,387968,b50b5b2,license-review-required
SourceAssets/Animations/Raw/Unverified/Standing Disarm Over Shoulder.fbx,Standing Disarm Over Shoulder.fbx,other,1,452240,b50b5b2,license-review-required
SourceAssets/Animations/Raw/Unverified/Standing Disarm Underarm.fbx,Standing Disarm Underarm.fbx,other,1,456016,b50b5b2,license-review-required
SourceAssets/Animations/Raw/Unverified/Standing Dive Forward.fbx,Standing Dive Forward.fbx,other,1,424224,b50b5b2,license-review-required
SourceAssets/Animations/Raw/Unverified/Standing Dodge Backward.fbx,Standing Dodge Backward.fbx,other,1,422000,b50b5b2,license-review-required
SourceAssets/Animations/Raw/Unverified/Standing Dodge Forward.fbx,Standing Dodge Forward.fbx,other,1,360432,b50b5b2,license-review-required
SourceAssets/Animations/Raw/Unverified/Standing Dodge Left.fbx,Standing Dodge Left.fbx,other,1,357200,b50b5b2,license-review-required
SourceAssets/Animations/Raw/Unverified/Standing Dodge Right.fbx,Standing Dodge Right.fbx,other,1,357200,b50b5b2,license-review-required
SourceAssets/Animations/Raw/Unverified/Standing Draw Arrow.fbx,Standing Draw Arrow.fbx,other,1,361440,b50b5b2,license-review-required
SourceAssets/Animations/Raw/Unverified/Standing Equip Bow.fbx,Standing Equip Bow.fbx,social,1,368384,b50b5b2,license-review-required
SourceAssets/Animations/Raw/Unverified/Standing Fist Pump.fbx,Standing Fist Pump.fbx,other,1,660128,b50b5b2,license-review-required
SourceAssets/Animations/Raw/Unverified/Standing Greeting.fbx,Standing Greeting.fbx,social,1,711824,b50b5b2,license-review-required
SourceAssets/Animations/Raw/Unverified/Standing Idle (1).fbx,Standing Idle (1).fbx,idle,3,435488,b50b5b2,license-review-required
SourceAssets/Animations/Raw/Unverified/Standing Idle (2).fbx,Standing Idle (2).fbx,idle,3,728976,b50b5b2,license-review-required
SourceAssets/Animations/Raw/Unverified/Standing Idle 01.fbx,Standing Idle 01.fbx,idle,1,650256,b50b5b2,license-review-required
SourceAssets/Animations/Raw/Unverified/Standing Idle 02 Looking.fbx,Standing Idle 02 Looking.fbx,idle,1,570816,b50b5b2,license-review-required
SourceAssets/Animations/Raw/Unverified/Standing Idle 03.fbx,Standing Idle 03.fbx,idle,1,1221136,b50b5b2,license-review-required
SourceAssets/Animations/Raw/Unverified/Standing Idle 04 (1).fbx,Standing Idle 04 (1).fbx,idle,2,925680,b50b5b2,license-review-required
SourceAssets/Animations/Raw/Unverified/Standing Idle 04.fbx,Standing Idle 04.fbx,idle,2,925680,b50b5b2,license-review-required
SourceAssets/Animations/Raw/Unverified/Standing Idle Looking Ver. 1.fbx,Standing Idle Looking Ver. 1.fbx,idle,1,1044976,b50b5b2,license-review-required
SourceAssets/Animations/Raw/Unverified/Standing Idle Looking Ver. 2.fbx,Standing Idle Looking Ver. 2.fbx,idle,1,857776,b50b5b2,license-review-required
SourceAssets/Animations/Raw/Unverified/Standing Idle To Action Idle.fbx,Standing Idle To Action Idle.fbx,idle,1,376640,b50b5b2,license-review-required
SourceAssets/Animations/Raw/Unverified/Standing Idle To Crouch (1).fbx,Standing Idle To Crouch (1).fbx,idle,2,375552,b50b5b2,license-review-required
SourceAssets/Animations/Raw/Unverified/Standing Idle To Crouch.fbx,Standing Idle To Crouch.fbx,idle,2,375552,b50b5b2,license-review-required
SourceAssets/Animations/Raw/Unverified/Standing Idle To Fight Idle.fbx,Standing Idle To Fight Idle.fbx,combat,1,376640,b50b5b2,license-review-required
SourceAssets/Animations/Raw/Unverified/Standing Idle.fbx,Standing Idle.fbx,idle,3,474912,b50b5b2,license-review-required
SourceAssets/Animations/Raw/Unverified/Standing Jump (1).fbx,Standing Jump (1).fbx,locomotion,3,437648,b50b5b2,license-review-required
SourceAssets/Animations/Raw/Unverified/Standing Jump (2).fbx,Standing Jump (2).fbx,locomotion,3,529056,b50b5b2,license-review-required
SourceAssets/Animations/Raw/Unverified/Standing Jump Running To Run Forward.fbx,Standing Jump Running To Run Forward.fbx,locomotion,1,460880,b50b5b2,license-review-required
SourceAssets/Animations/Raw/Unverified/Standing Jump Running.fbx,Standing Jump Running.fbx,locomotion,1,383040,b50b5b2,license-review-required
SourceAssets/Animations/Raw/Unverified/Standing Jump.fbx,Standing Jump.fbx,locomotion,3,405792,b50b5b2,license-review-required
SourceAssets/Animations/Raw/Unverified/Standing Land To Standing Idle (1).fbx,Standing Land To Standing Idle (1).fbx,locomotion,2,387968,b50b5b2,license-review-required
SourceAssets/Animations/Raw/Unverified/Standing Land To Standing Idle.fbx,Standing Land To Standing Idle.fbx,locomotion,2,387968,b50b5b2,license-review-required
SourceAssets/Animations/Raw/Unverified/Standing Melee Attack 360 High.fbx,Standing Melee Attack 360 High.fbx,combat,1,572192,b50b5b2,license-review-required
SourceAssets/Animations/Raw/Unverified/Standing Melee Attack 360 Low.fbx,Standing Melee Attack 360 Low.fbx,combat,1,506240,b50b5b2,license-review-required
SourceAssets/Animations/Raw/Unverified/Standing Melee Attack Backhand.fbx,Standing Melee Attack Backhand.fbx,combat,1,568736,b50b5b2,license-review-required
SourceAssets/Animations/Raw/Unverified/Standing Melee Attack Downward.fbx,Standing Melee Attack Downward.fbx,combat,1,484928,b50b5b2,license-review-required
SourceAssets/Animations/Raw/Unverified/Standing Melee Attack Horizontal.fbx,Standing Melee Attack Horizontal.fbx,combat,1,496112,b50b5b2,license-review-required
SourceAssets/Animations/Raw/Unverified/Standing Melee Attack Kick Ver. 2.fbx,Standing Melee Attack Kick Ver. 2.fbx,combat,1,399312,b50b5b2,license-review-required
SourceAssets/Animations/Raw/Unverified/Standing Melee Combo Attack Ver. 1.fbx,Standing Melee Combo Attack Ver. 1.fbx,combat,1,627536,b50b5b2,license-review-required
SourceAssets/Animations/Raw/Unverified/Standing Melee Combo Attack Ver. 2.fbx,Standing Melee Combo Attack Ver. 2.fbx,combat,1,672048,b50b5b2,license-review-required
SourceAssets/Animations/Raw/Unverified/Standing Melee Combo Attack Ver. 3 (1).fbx,Standing Melee Combo Attack Ver. 3 (1).fbx,combat,2,530320,b50b5b2,license-review-required
SourceAssets/Animations/Raw/Unverified/Standing Melee Combo Attack Ver. 3.fbx,Standing Melee Combo Attack Ver. 3.fbx,combat,2,530320,b50b5b2,license-review-required
SourceAssets/Animations/Raw/Unverified/Standing Melee Kick (1).fbx,Standing Melee Kick (1).fbx,combat,2,402560,b50b5b2,license-review-required
SourceAssets/Animations/Raw/Unverified/Standing Melee Kick.fbx,Standing Melee Kick.fbx,combat,2,402560,b50b5b2,license-review-required
SourceAssets/Animations/Raw/Unverified/Standing Melee Punch.fbx,Standing Melee Punch.fbx,combat,1,359360,b50b5b2,license-review-required
SourceAssets/Animations/Raw/Unverified/Standing Melee Run Jump Attack.fbx,Standing Melee Run Jump Attack.fbx,combat,1,619632,b50b5b2,license-review-required
SourceAssets/Animations/Raw/Unverified/Standing React Death Backward.fbx,Standing React Death Backward.fbx,combat,1,675248,b50b5b2,license-review-required
SourceAssets/Animations/Raw/Unverified/Standing React Death Forward (1).fbx,Standing React Death Forward (1).fbx,combat,2,679040,b50b5b2,license-review-required
SourceAssets/Animations/Raw/Unverified/Standing React Death Forward.fbx,Standing React Death Forward.fbx,combat,2,679040,b50b5b2,license-review-required
SourceAssets/Animations/Raw/Unverified/Standing React Death Left (1).fbx,Standing React Death Left (1).fbx,combat,2,671472,b50b5b2,license-review-required
SourceAssets/Animations/Raw/Unverified/Standing React Death Left.fbx,Standing React Death Left.fbx,combat,2,671472,b50b5b2,license-review-required
SourceAssets/Animations/Raw/Unverified/Standing React Death Right.fbx,Standing React Death Right.fbx,combat,1,661600,b50b5b2,license-review-required
SourceAssets/Animations/Raw/Unverified/Standing React Large From Back (1).fbx,Standing React Large From Back (1).fbx,other,2,360432,b50b5b2,license-review-required
SourceAssets/Animations/Raw/Unverified/Standing React Large From Back.fbx,Standing React Large From Back.fbx,other,2,453888,b50b5b2,license-review-required
SourceAssets/Animations/Raw/Unverified/Standing React Large From Front (1).fbx,Standing React Large From Front (1).fbx,other,2,418208,b50b5b2,license-review-required
SourceAssets/Animations/Raw/Unverified/Standing React Large From Front.fbx,Standing React Large From Front.fbx,other,2,360432,b50b5b2,license-review-required
SourceAssets/Animations/Raw/Unverified/Standing React Large From Left (1).fbx,Standing React Large From Left (1).fbx,other,3,440896,b50b5b2,license-review-required
SourceAssets/Animations/Raw/Unverified/Standing React Large From Left (2).fbx,Standing React Large From Left (2).fbx,other,3,360432,b50b5b2,license-review-required
SourceAssets/Animations/Raw/Unverified/Standing React Large From Left.fbx,Standing React Large From Left.fbx,other,3,440896,b50b5b2,license-review-required
SourceAssets/Animations/Raw/Unverified/Standing React Large From Right (1).fbx,Standing React Large From Right (1).fbx,other,3,434960,b50b5b2,license-review-required
SourceAssets/Animations/Raw/Unverified/Standing React Large From Right (2).fbx,Standing React Large From Right (2).fbx,other,3,448448,b50b5b2,license-review-required
SourceAssets/Animations/Raw/Unverified/Standing React Large From Right.fbx,Standing React Large From Right.fbx,other,3,358272,b50b5b2,license-review-required
SourceAssets/Animations/Raw/Unverified/Standing React Large Gut.fbx,Standing React Large Gut.fbx,other,1,415296,b50b5b2,license-review-required
SourceAssets/Animations/Raw/Unverified/Standing React Small From Back (1).fbx,Standing React Small From Back (1).fbx,other,2,326592,b50b5b2,license-review-required
SourceAssets/Animations/Raw/Unverified/Standing React Small From Back.fbx,Standing React Small From Back.fbx,other,2,406880,b50b5b2,license-review-required
SourceAssets/Animations/Raw/Unverified/Standing React Small From Front (1).fbx,Standing React Small From Front (1).fbx,other,2,384992,b50b5b2,license-review-required
SourceAssets/Animations/Raw/Unverified/Standing React Small From Front 02.fbx,Standing React Small From Front 02.fbx,other,1,336096,b50b5b2,license-review-required
SourceAssets/Animations/Raw/Unverified/Standing React Small From Front.fbx,Standing React Small From Front.fbx,other,2,398016,b50b5b2,license-review-required
SourceAssets/Animations/Raw/Unverified/Standing React Small From Headshot.fbx,Standing React Small From Headshot.fbx,other,1,356144,b50b5b2,license-review-required
SourceAssets/Animations/Raw/Unverified/Standing React Small From Left.fbx,Standing React Small From Left.fbx,other,1,398016,b50b5b2,license-review-required
SourceAssets/Animations/Raw/Unverified/Standing React Small From Right (1).fbx,Standing React Small From Right (1).fbx,other,3,336096,b50b5b2,license-review-required
SourceAssets/Animations/Raw/Unverified/Standing React Small From Right (2).fbx,Standing React Small From Right (2).fbx,other,3,374480,b50b5b2,license-review-required
SourceAssets/Animations/Raw/Unverified/Standing React Small From Right.fbx,Standing React Small From Right.fbx,other,3,336096,b50b5b2,license-review-required
SourceAssets/Animations/Raw/Unverified/Standing Run Back (1).fbx,Standing Run Back (1).fbx,locomotion,3,328032,b50b5b2,license-review-required
SourceAssets/Animations/Raw/Unverified/Standing Run Back (2).fbx,Standing Run Back (2).fbx,locomotion,3,340992,b50b5b2,license-review-required
SourceAssets/Animations/Raw/Unverified/Standing Run Back.fbx,Standing Run Back.fbx,locomotion,3,335056,b50b5b2,license-review-required
SourceAssets/Animations/Raw/Unverified/Standing Run Forward (1).fbx,Standing Run Forward (1).fbx,locomotion,3,334512,b50b5b2,license-review-required
SourceAssets/Animations/Raw/Unverified/Standing Run Forward (2).fbx,Standing Run Forward (2).fbx,locomotion,3,345600,b50b5b2,license-review-required
SourceAssets/Animations/Raw/Unverified/Standing Run Forward Stop (1).fbx,Standing Run Forward Stop (1).fbx,locomotion,2,350720,b50b5b2,license-review-required
SourceAssets/Animations/Raw/Unverified/Standing Run Forward Stop.fbx,Standing Run Forward Stop.fbx,locomotion,2,350720,b50b5b2,license-review-required
SourceAssets/Animations/Raw/Unverified/Standing Run Forward.fbx,Standing Run Forward.fbx,locomotion,3,334512,b50b5b2,license-review-required
SourceAssets/Animations/Raw/Unverified/Standing Run Left (1).fbx,Standing Run Left (1).fbx,locomotion,2,328032,b50b5b2,license-review-required
SourceAssets/Animations/Raw/Unverified/Standing Run Left.fbx,Standing Run Left.fbx,locomotion,2,347696,b50b5b2,license-review-required
SourceAssets/Animations/Raw/Unverified/Standing Run Right (1).fbx,Standing Run Right (1).fbx,locomotion,2,336096,b50b5b2,license-review-required
SourceAssets/Animations/Raw/Unverified/Standing Run Right.fbx,Standing Run Right.fbx,locomotion,2,349344,b50b5b2,license-review-required
SourceAssets/Animations/Raw/Unverified/Standing Sprint Forward (1).fbx,Standing Sprint Forward (1).fbx,locomotion,2,325664,b50b5b2,license-review-required
SourceAssets/Animations/Raw/Unverified/Standing Sprint Forward.fbx,Standing Sprint Forward.fbx,locomotion,2,405792,b50b5b2,license-review-required
SourceAssets/Animations/Raw/Unverified/Standing Taunt Chest Thump.fbx,Standing Taunt Chest Thump.fbx,other,1,532512,b50b5b2,license-review-required
SourceAssets/Animations/Raw/Unverified/Standing To Crouch (1).fbx,Standing To Crouch (1).fbx,other,2,358992,b50b5b2,license-review-required
SourceAssets/Animations/Raw/Unverified/Standing To Crouch.fbx,Standing To Crouch.fbx,other,2,358992,b50b5b2,license-review-required
SourceAssets/Animations/Raw/Unverified/Standing To Crouched.fbx,Standing To Crouched.fbx,other,1,328208,b50b5b2,license-review-required
SourceAssets/Animations/Raw/Unverified/Standing Torch Burn Webs.fbx,Standing Torch Burn Webs.fbx,other,1,677968,b50b5b2,license-review-required
SourceAssets/Animations/Raw/Unverified/Standing Torch Idle 02.fbx,Standing Torch Idle 02.fbx,idle,1,888096,b50b5b2,license-review-required
SourceAssets/Animations/Raw/Unverified/Standing Torch Idle 03.fbx,Standing Torch Idle 03.fbx,idle,1,1077920,b50b5b2,license-review-required
SourceAssets/Animations/Raw/Unverified/Standing Torch Idle 04 (1).fbx,Standing Torch Idle 04 (1).fbx,idle,2,748432,b50b5b2,license-review-required
SourceAssets/Animations/Raw/Unverified/Standing Torch Idle 04.fbx,Standing Torch Idle 04.fbx,idle,2,748432,b50b5b2,license-review-required
SourceAssets/Animations/Raw/Unverified/Standing Torch Inspect Forward.fbx,Standing Torch Inspect Forward.fbx,other,1,633136,b50b5b2,license-review-required
SourceAssets/Animations/Raw/Unverified/Standing Torch Inspect Upward.fbx,Standing Torch Inspect Upward.fbx,other,1,843552,b50b5b2,license-review-required
SourceAssets/Animations/Raw/Unverified/Standing Torch Jump Running (1).fbx,Standing Torch Jump Running (1).fbx,locomotion,2,443056,b50b5b2,license-review-required
SourceAssets/Animations/Raw/Unverified/Standing Torch Jump Running To Standing Idle.fbx,Standing Torch Jump Running To Standing Idle.fbx,locomotion,1,464112,b50b5b2,license-review-required
SourceAssets/Animations/Raw/Unverified/Standing Torch Jump Running.fbx,Standing Torch Jump Running.fbx,locomotion,2,443056,b50b5b2,license-review-required
SourceAssets/Animations/Raw/Unverified/Standing Torch Light Torch From Fire.fbx,Standing Torch Light Torch From Fire.fbx,other,1,595232,b50b5b2,license-review-required
SourceAssets/Animations/Raw/Unverified/Standing Torch Light Torch From Wall.fbx,Standing Torch Light Torch From Wall.fbx,other,1,652464,b50b5b2,license-review-required
SourceAssets/Animations/Raw/Unverified/Standing Torch Light Torch.fbx,Standing Torch Light Torch.fbx,other,1,643392,b50b5b2,license-review-required
SourceAssets/Animations/Raw/Unverified/Standing Torch Melee Attack 01.fbx,Standing Torch Melee Attack 01.fbx,combat,1,455888,b50b5b2,license-review-required
SourceAssets/Animations/Raw/Unverified/Standing Torch Melee Attack 02.fbx,Standing Torch Melee Attack 02.fbx,combat,1,492416,b50b5b2,license-review-required
SourceAssets/Animations/Raw/Unverified/Standing Torch Melee Attack 03.fbx,Standing Torch Melee Attack 03.fbx,combat,1,604016,b50b5b2,license-review-required
SourceAssets/Animations/Raw/Unverified/Standing Torch Melee Attack 04.fbx,Standing Torch Melee Attack 04.fbx,combat,1,575760,b50b5b2,license-review-required
SourceAssets/Animations/Raw/Unverified/Standing Torch Melee Attack 05.fbx,Standing Torch Melee Attack 05.fbx,combat,1,582176,b50b5b2,license-review-required
SourceAssets/Animations/Raw/Unverified/Standing Torch Melee Attack Stab.fbx,Standing Torch Melee Attack Stab.fbx,combat,1,541040,b50b5b2,license-review-required
SourceAssets/Animations/Raw/Unverified/Standing Torch Run Back.fbx,Standing Torch Run Back.fbx,locomotion,1,328544,b50b5b2,license-review-required
SourceAssets/Animations/Raw/Unverified/Standing Torch Run Forward Stop At Edge (1).fbx,Standing Torch Run Forward Stop At Edge (1).fbx,locomotion,2,586384,b50b5b2,license-review-required
SourceAssets/Animations/Raw/Unverified/Standing Torch Run Forward Stop At Edge.fbx,Standing Torch Run Forward Stop At Edge.fbx,locomotion,2,586384,b50b5b2,license-review-required
SourceAssets/Animations/Raw/Unverified/Standing Torch Run Forward Stop.fbx,Standing Torch Run Forward Stop.fbx,locomotion,1,457920,b50b5b2,license-review-required
SourceAssets/Animations/Raw/Unverified/Standing Torch Run Forward.fbx,Standing Torch Run Forward.fbx,locomotion,1,328032,b50b5b2,license-review-required
SourceAssets/Animations/Raw/Unverified/Standing Torch Run Left.fbx,Standing Torch Run Left.fbx,locomotion,1,326096,b50b5b2,license-review-required
SourceAssets/Animations/Raw/Unverified/Standing Torch Run Right.fbx,Standing Torch Run Right.fbx,locomotion,1,324800,b50b5b2,license-review-required
SourceAssets/Animations/Raw/Unverified/Standing Torch To Crouch Torch.fbx,Standing Torch To Crouch Torch.fbx,other,1,375552,b50b5b2,license-review-required
SourceAssets/Animations/Raw/Unverified/Standing Torch Turn Left 90.fbx,Standing Torch Turn Left 90.fbx,locomotion,1,431712,b50b5b2,license-review-required
SourceAssets/Animations/Raw/Unverified/Standing Torch Turn Right 180.fbx,Standing Torch Turn Right 180.fbx,locomotion,1,466096,b50b5b2,license-review-required
SourceAssets/Animations/Raw/Unverified/Standing Torch Turn Right 90.fbx,Standing Torch Turn Right 90.fbx,locomotion,1,422864,b50b5b2,license-review-required
SourceAssets/Animations/Raw/Unverified/Standing Torch Walk Back.fbx,Standing Torch Walk Back.fbx,locomotion,1,391760,b50b5b2,license-review-required
SourceAssets/Animations/Raw/Unverified/Standing Torch Walk Forward Stop Edge.fbx,Standing Torch Walk Forward Stop Edge.fbx,locomotion,1,556992,b50b5b2,license-review-required
SourceAssets/Animations/Raw/Unverified/Standing Torch Walk Forward Stop.fbx,Standing Torch Walk Forward Stop.fbx,locomotion,1,478688,b50b5b2,license-review-required
SourceAssets/Animations/Raw/Unverified/Standing Torch Walk Forward.fbx,Standing Torch Walk Forward.fbx,locomotion,1,368960,b50b5b2,license-review-required
SourceAssets/Animations/Raw/Unverified/Standing Torch Walk Left.fbx,Standing Torch Walk Left.fbx,locomotion,1,388080,b50b5b2,license-review-required
SourceAssets/Animations/Raw/Unverified/Standing Torch Walk Right.fbx,Standing Torch Walk Right.fbx,locomotion,1,375376,b50b5b2,license-review-required
SourceAssets/Animations/Raw/Unverified/Standing Turn 90 Left.fbx,Standing Turn 90 Left.fbx,locomotion,1,386352,b50b5b2,license-review-required
SourceAssets/Animations/Raw/Unverified/Standing Turn 90 Right.fbx,Standing Turn 90 Right.fbx,locomotion,1,370160,b50b5b2,license-review-required
SourceAssets/Animations/Raw/Unverified/Standing Turn Left 90 (1).fbx,Standing Turn Left 90 (1).fbx,locomotion,2,472896,b50b5b2,license-review-required
SourceAssets/Animations/Raw/Unverified/Standing Turn Left 90.fbx,Standing Turn Left 90.fbx,locomotion,2,434960,b50b5b2,license-review-required
SourceAssets/Animations/Raw/Unverified/Standing Turn Right 90 (1).fbx,Standing Turn Right 90 (1).fbx,locomotion,3,448880,b50b5b2,license-review-required
SourceAssets/Animations/Raw/Unverified/Standing Turn Right 90 (2).fbx,Standing Turn Right 90 (2).fbx,locomotion,3,448880,b50b5b2,license-review-required
SourceAssets/Animations/Raw/Unverified/Standing Turn Right 90.fbx,Standing Turn Right 90.fbx,locomotion,3,422576,b50b5b2,license-review-required
SourceAssets/Animations/Raw/Unverified/Standing Up (1).fbx,Standing Up (1).fbx,other,4,452240,b50b5b2,license-review-required
SourceAssets/Animations/Raw/Unverified/Standing Up (2).fbx,Standing Up (2).fbx,other,4,666800,b50b5b2,license-review-required
SourceAssets/Animations/Raw/Unverified/Standing Up (3).fbx,Standing Up (3).fbx,other,4,1234560,b50b5b2,license-review-required
SourceAssets/Animations/Raw/Unverified/Standing Up.fbx,Standing Up.fbx,other,4,754896,b50b5b2,license-review-required
SourceAssets/Animations/Raw/Unverified/Standing Using Touchscreen Tablet.fbx,Standing Using Touchscreen Tablet.fbx,other,1,2354640,b50b5b2,license-review-required
SourceAssets/Animations/Raw/Unverified/Standing W_Briefcase Idle (1).fbx,Standing W_Briefcase Idle (1).fbx,interaction,3,1236016,b50b5b2,license-review-required
SourceAssets/Animations/Raw/Unverified/Standing W_Briefcase Idle (2).fbx,Standing W_Briefcase Idle (2).fbx,interaction,3,1210464,b50b5b2,license-review-required
SourceAssets/Animations/Raw/Unverified/Standing W_Briefcase Idle.fbx,Standing W_Briefcase Idle.fbx,interaction,3,1236000,b50b5b2,license-review-required
SourceAssets/Animations/Raw/Unverified/Standing Walk Back (1).fbx,Standing Walk Back (1).fbx,locomotion,3,394592,b50b5b2,license-review-required
SourceAssets/Animations/Raw/Unverified/Standing Walk Back (2).fbx,Standing Walk Back (2).fbx,locomotion,3,401040,b50b5b2,license-review-required
SourceAssets/Animations/Raw/Unverified/Standing Walk Back.fbx,Standing Walk Back.fbx,locomotion,3,399312,b50b5b2,license-review-required
SourceAssets/Animations/Raw/Unverified/Standing Walk Forward (1).fbx,Standing Walk Forward (1).fbx,locomotion,3,391760,b50b5b2,license-review-required
SourceAssets/Animations/Raw/Unverified/Standing Walk Forward (2).fbx,Standing Walk Forward (2).fbx,locomotion,3,375984,b50b5b2,license-review-required
SourceAssets/Animations/Raw/Unverified/Standing Walk Forward.fbx,Standing Walk Forward.fbx,locomotion,3,391392,b50b5b2,license-review-required
SourceAssets/Animations/Raw/Unverified/Standing Walk Left (1).fbx,Standing Walk Left (1).fbx,locomotion,4,381776,b50b5b2,license-review-required
SourceAssets/Animations/Raw/Unverified/Standing Walk Left (2).fbx,Standing Walk Left (2).fbx,locomotion,4,381776,b50b5b2,license-review-required
SourceAssets/Animations/Raw/Unverified/Standing Walk Left (3).fbx,Standing Walk Left (3).fbx,locomotion,4,395536,b50b5b2,license-review-required
SourceAssets/Animations/Raw/Unverified/Standing Walk Left.fbx,Standing Walk Left.fbx,locomotion,4,375984,b50b5b2,license-review-required
SourceAssets/Animations/Raw/Unverified/Standing Walk Right (1).fbx,Standing Walk Right (1).fbx,locomotion,3,375984,b50b5b2,license-review-required
SourceAssets/Animations/Raw/Unverified/Standing Walk Right (2).fbx,Standing Walk Right (2).fbx,locomotion,3,384992,b50b5b2,license-review-required
SourceAssets/Animations/Raw/Unverified/Standing Walk Right.fbx,Standing Walk Right.fbx,locomotion,3,399312,b50b5b2,license-review-required
SourceAssets/Animations/Raw/Unverified/Standing Yell (1).fbx,Standing Yell (1).fbx,other,4,724400,b50b5b2,license-review-required
SourceAssets/Animations/Raw/Unverified/Standing Yell (2).fbx,Standing Yell (2).fbx,other,4,724400,b50b5b2,license-review-required
SourceAssets/Animations/Raw/Unverified/Standing Yell (3).fbx,Standing Yell (3).fbx,other,4,754240,b50b5b2,license-review-required
SourceAssets/Animations/Raw/Unverified/Standing Yell.fbx,Standing Yell.fbx,other,4,798112,b50b5b2,license-review-required
SourceAssets/Animations/Raw/Unverified/Standing.fbx,Standing.fbx,other,3,547088,b50b5b2,license-review-required
SourceAssets/Animations/Raw/Unverified/Start Bicycle Sit Up.fbx,Start Bicycle Sit Up.fbx,interaction,1,815120,b50b5b2,license-review-required
SourceAssets/Animations/Raw/Unverified/Start Climbing Ladder.fbx,Start Climbing Ladder.fbx,locomotion,1,473072,b50b5b2,license-review-required
SourceAssets/Animations/Raw/Unverified/Start Jumping Jacks.fbx,Start Jumping Jacks.fbx,locomotion,1,357744,b50b5b2,license-review-required
SourceAssets/Animations/Raw/Unverified/Start Plank.fbx,Start Plank.fbx,other,1,707072,b50b5b2,license-review-required
SourceAssets/Animations/Raw/Unverified/Start Swinging.fbx,Start Swinging.fbx,other,1,495792,b50b5b2,license-review-required
SourceAssets/Animations/Raw/Unverified/Start Walking (1).fbx,Start Walking (1).fbx,locomotion,2,396288,b50b5b2,license-review-required
SourceAssets/Animations/Raw/Unverified/Start Walking Backwards.fbx,Start Walking Backwards.fbx,locomotion,1,491616,b50b5b2,license-review-required
SourceAssets/Animations/Raw/Unverified/Start Walking.fbx,Start Walking.fbx,locomotion,2,564192,b50b5b2,license-review-required
SourceAssets/Animations/Raw/Unverified/Stealth Assassination (1).fbx,Stealth Assassination (1).fbx,other,2,885984,b50b5b2,license-review-required
SourceAssets/Animations/Raw/Unverified/Stealth Assassination.fbx,Stealth Assassination.fbx,other,2,886512,b50b5b2,license-review-required
SourceAssets/Animations/Raw/Unverified/Step Backward.fbx,Step Backward.fbx,other,1,329840,b50b5b2,license-review-required
SourceAssets/Animations/Raw/Unverified/Step Hip Hop Dance.fbx,Step Hip Hop Dance.fbx,dance,1,756432,b50b5b2,license-review-required
SourceAssets/Animations/Raw/Unverified/Stepping Backward (1).fbx,Stepping Backward (1).fbx,other,2,411728,b50b5b2,license-review-required
SourceAssets/Animations/Raw/Unverified/Stepping Backward.fbx,Stepping Backward.fbx,other,2,411728,b50b5b2,license-review-required
SourceAssets/Animations/Raw/Unverified/Stepping Forward.fbx,Stepping Forward.fbx,other,1,425232,b50b5b2,license-review-required
SourceAssets/Animations/Raw/Unverified/Stepping Left.fbx,Stepping Left.fbx,other,1,427968,b50b5b2,license-review-required
SourceAssets/Animations/Raw/Unverified/Stomach Hit.fbx,Stomach Hit.fbx,combat,1,360432,b50b5b2,license-review-required
SourceAssets/Animations/Raw/Unverified/Stomp.fbx,Stomp.fbx,other,1,454752,b50b5b2,license-review-required
SourceAssets/Animations/Raw/Unverified/Stop Jumping Jacks.fbx,Stop Jumping Jacks.fbx,locomotion,1,384736,b50b5b2,license-review-required
SourceAssets/Animations/Raw/Unverified/Stop Walking (1).fbx,Stop Walking (1).fbx,locomotion,2,571040,b50b5b2,license-review-required
SourceAssets/Animations/Raw/Unverified/Stop Walking With Rifle.fbx,Stop Walking With Rifle.fbx,combat,1,493344,b50b5b2,license-review-required
SourceAssets/Animations/Raw/Unverified/Stop Walking.fbx,Stop Walking.fbx,locomotion,2,505152,b50b5b2,license-review-required
SourceAssets/Animations/Raw/Unverified/Strafe (1).fbx,Strafe (1).fbx,locomotion,5,349632,b50b5b2,license-review-required
SourceAssets/Animations/Raw/Unverified/Strafe (2).fbx,Strafe (2).fbx,locomotion,5,313920,b50b5b2,license-review-required
SourceAssets/Animations/Raw/Unverified/Strafe (3).fbx,Strafe (3).fbx,locomotion,5,349632,b50b5b2,license-review-required
SourceAssets/Animations/Raw/Unverified/Strafe (4).fbx,Strafe (4).fbx,locomotion,5,357728,b50b5b2,license-review-required
SourceAssets/Animations/Raw/Unverified/Strafe Right (1).fbx,Strafe Right (1).fbx,locomotion,3,384736,b50b5b2,license-review-required
SourceAssets/Animations/Raw/Unverified/Strafe Right (2).fbx,Strafe Right (2).fbx,locomotion,3,435456,b50b5b2,license-review-required
SourceAssets/Animations/Raw/Unverified/Strafe Right Stop.fbx,Strafe Right Stop.fbx,locomotion,1,495360,b50b5b2,license-review-required
SourceAssets/Animations/Raw/Unverified/Strafe Right.fbx,Strafe Right.fbx,locomotion,3,424224,b50b5b2,license-review-required
SourceAssets/Animations/Raw/Unverified/Strafe.fbx,Strafe.fbx,locomotion,5,357728,b50b5b2,license-review-required
SourceAssets/Animations/Raw/Unverified/Strafing (1).fbx,Strafing (1).fbx,other,13,375120,b50b5b2,license-review-required
SourceAssets/Animations/Raw/Unverified/Strafing (10).fbx,Strafing (10).fbx,other,13,379664,b50b5b2,license-review-required
SourceAssets/Animations/Raw/Unverified/Strafing (11).fbx,Strafing (11).fbx,other,13,355040,b50b5b2,license-review-required
SourceAssets/Animations/Raw/Unverified/Strafing (12).fbx,Strafing (12).fbx,other,13,358096,b50b5b2,license-review-required
SourceAssets/Animations/Raw/Unverified/Strafing (2).fbx,Strafing (2).fbx,other,13,379520,b50b5b2,license-review-required
SourceAssets/Animations/Raw/Unverified/Strafing (3).fbx,Strafing (3).fbx,other,13,365840,b50b5b2,license-review-required
SourceAssets/Animations/Raw/Unverified/Strafing (4).fbx,Strafing (4).fbx,other,13,375120,b50b5b2,license-review-required
SourceAssets/Animations/Raw/Unverified/Strafing (5).fbx,Strafing (5).fbx,other,13,444672,b50b5b2,license-review-required
SourceAssets/Animations/Raw/Unverified/Strafing (6).fbx,Strafing (6).fbx,other,13,360000,b50b5b2,license-review-required
SourceAssets/Animations/Raw/Unverified/Strafing (7).fbx,Strafing (7).fbx,other,13,467424,b50b5b2,license-review-required
SourceAssets/Animations/Raw/Unverified/Strafing (8).fbx,Strafing (8).fbx,other,13,359360,b50b5b2,license-review-required
SourceAssets/Animations/Raw/Unverified/Strafing (9).fbx,Strafing (9).fbx,other,13,371376,b50b5b2,license-review-required
SourceAssets/Animations/Raw/Unverified/Strafing Jump.fbx,Strafing Jump.fbx,locomotion,1,414432,b50b5b2,license-review-required
SourceAssets/Animations/Raw/Unverified/Strafing.fbx,Strafing.fbx,other,13,365840,b50b5b2,license-review-required
SourceAssets/Animations/Raw/Unverified/Strangling (1).fbx,Strangling (1).fbx,other,2,1576864,b50b5b2,license-review-required
SourceAssets/Animations/Raw/Unverified/Strangling.fbx,Strangling.fbx,other,2,1576864,b50b5b2,license-review-required
SourceAssets/Animations/Raw/Unverified/Strike Foward Jog.fbx,Strike Foward Jog.fbx,locomotion,1,410656,b50b5b2,license-review-required
SourceAssets/Animations/Raw/Unverified/Stroke Hand Gesture (1).fbx,Stroke Hand Gesture (1).fbx,social,2,418752,b50b5b2,license-review-required
SourceAssets/Animations/Raw/Unverified/Stroke Hand Gesture.fbx,Stroke Hand Gesture.fbx,social,2,418752,b50b5b2,license-review-required
SourceAssets/Animations/Raw/Unverified/Stroke Nodding.fbx,Stroke Nodding.fbx,other,1,395536,b50b5b2,license-review-required
SourceAssets/Animations/Raw/Unverified/Strong Gesture.fbx,Strong Gesture.fbx,social,1,454064,b50b5b2,license-review-required
SourceAssets/Animations/Raw/Unverified/Struck In Head.fbx,Struck In Head.fbx,other,1,747168,b50b5b2,license-review-required
SourceAssets/Animations/Raw/Unverified/Strut Walking.fbx,Strut Walking.fbx,locomotion,1,379344,b50b5b2,license-review-required
SourceAssets/Animations/Raw/Unverified/Stumble Backwards.fbx,Stumble Backwards.fbx,other,1,605232,b50b5b2,license-review-required
SourceAssets/Animations/Raw/Unverified/Stunned.fbx,Stunned.fbx,other,1,506448,b50b5b2,license-review-required
SourceAssets/Animations/Raw/Unverified/Stylish Flip.fbx,Stylish Flip.fbx,other,1,505152,b50b5b2,license-review-required
SourceAssets/Animations/Raw/Unverified/Sumo High Pull (1).fbx,Sumo High Pull (1).fbx,interaction,3,476640,b50b5b2,license-review-required
SourceAssets/Animations/Raw/Unverified/Sumo High Pull (2).fbx,Sumo High Pull (2).fbx,interaction,3,406880,b50b5b2,license-review-required
SourceAssets/Animations/Raw/Unverified/Sumo High Pull.fbx,Sumo High Pull.fbx,interaction,3,716832,b50b5b2,license-review-required
SourceAssets/Animations/Raw/Unverified/Superhuman Choke Lift.fbx,Superhuman Choke Lift.fbx,other,1,707504,b50b5b2,license-review-required
SourceAssets/Animations/Raw/Unverified/Surprise Uppercut (1).fbx,Surprise Uppercut (1).fbx,other,3,603440,b50b5b2,license-review-required
SourceAssets/Animations/Raw/Unverified/Surprise Uppercut (2).fbx,Surprise Uppercut (2).fbx,other,3,603440,b50b5b2,license-review-required
SourceAssets/Animations/Raw/Unverified/Surprise Uppercut.fbx,Surprise Uppercut.fbx,other,3,666704,b50b5b2,license-review-required
SourceAssets/Animations/Raw/Unverified/Surprised.fbx,Surprised.fbx,other,1,716832,b50b5b2,license-review-required
SourceAssets/Animations/Raw/Unverified/Swatting Bugs.fbx,Swatting Bugs.fbx,other,1,802560,b50b5b2,license-review-required
SourceAssets/Animations/Raw/Unverified/Sweep Fall.fbx,Sweep Fall.fbx,locomotion,1,546736,b50b5b2,license-review-required
SourceAssets/Animations/Raw/Unverified/Swimming To Edge.fbx,Swimming To Edge.fbx,locomotion,1,655536,b50b5b2,license-review-required
SourceAssets/Animations/Raw/Unverified/Swing Dancing (1).fbx,Swing Dancing (1).fbx,other,4,1719280,b50b5b2,license-review-required
SourceAssets/Animations/Raw/Unverified/Swing Dancing (2).fbx,Swing Dancing (2).fbx,other,4,2076224,b50b5b2,license-review-required
SourceAssets/Animations/Raw/Unverified/Swing Dancing (3).fbx,Swing Dancing (3).fbx,other,4,526976,b50b5b2,license-review-required
SourceAssets/Animations/Raw/Unverified/Swing Dancing.fbx,Swing Dancing.fbx,other,4,706368,b50b5b2,license-review-required
SourceAssets/Animations/Raw/Unverified/Swing Into Wall.fbx,Swing Into Wall.fbx,other,1,603936,b50b5b2,license-review-required
SourceAssets/Animations/Raw/Unverified/Swing To Land (1).fbx,Swing To Land (1).fbx,locomotion,3,497024,b50b5b2,license-review-required
SourceAssets/Animations/Raw/Unverified/Swing To Land (2).fbx,Swing To Land (2).fbx,locomotion,3,474912,b50b5b2,license-review-required
SourceAssets/Animations/Raw/Unverified/Swing To Land.fbx,Swing To Land.fbx,locomotion,3,508928,b50b5b2,license-review-required
SourceAssets/Animations/Raw/Unverified/Swinging (1).fbx,Swinging (1).fbx,other,3,486256,b50b5b2,license-review-required
SourceAssets/Animations/Raw/Unverified/Swinging (2).fbx,Swinging (2).fbx,other,3,486256,b50b5b2,license-review-required
SourceAssets/Animations/Raw/Unverified/Swinging.fbx,Swinging.fbx,other,3,539168,b50b5b2,license-review-required
SourceAssets/Animations/Raw/Unverified/Sword And Shield 180 Turn (1).fbx,Sword And Shield 180 Turn (1).fbx,combat,2,330736,b50b5b2,license-review-required
SourceAssets/Animations/Raw/Unverified/Sword And Shield 180 Turn.fbx,Sword And Shield 180 Turn.fbx,combat,2,329216,b50b5b2,license-review-required
SourceAssets/Animations/Raw/Unverified/Sword And Shield Attack (1).fbx,Sword And Shield Attack (1).fbx,combat,5,392048,b50b5b2,license-review-required
SourceAssets/Animations/Raw/Unverified/Sword And Shield Attack (2).fbx,Sword And Shield Attack (2).fbx,combat,5,437760,b50b5b2,license-review-required
SourceAssets/Animations/Raw/Unverified/Sword And Shield Attack (3).fbx,Sword And Shield Attack (3).fbx,combat,5,490032,b50b5b2,license-review-required
SourceAssets/Animations/Raw/Unverified/Sword And Shield Attack (4).fbx,Sword And Shield Attack (4).fbx,combat,5,346544,b50b5b2,license-review-required
SourceAssets/Animations/Raw/Unverified/Sword And Shield Attack.fbx,Sword And Shield Attack.fbx,combat,5,392048,b50b5b2,license-review-required
SourceAssets/Animations/Raw/Unverified/Sword And Shield Block (1).fbx,Sword And Shield Block (1).fbx,combat,2,317952,b50b5b2,license-review-required
SourceAssets/Animations/Raw/Unverified/Sword And Shield Block Idle.fbx,Sword And Shield Block Idle.fbx,combat,1,414432,b50b5b2,license-review-required
SourceAssets/Animations/Raw/Unverified/Sword And Shield Block.fbx,Sword And Shield Block.fbx,combat,2,309744,b50b5b2,license-review-required
SourceAssets/Animations/Raw/Unverified/Sword And Shield Casting (1).fbx,Sword And Shield Casting (1).fbx,combat,2,362208,b50b5b2,license-review-required
SourceAssets/Animations/Raw/Unverified/Sword And Shield Casting.fbx,Sword And Shield Casting.fbx,combat,2,503536,b50b5b2,license-review-required
SourceAssets/Animations/Raw/Unverified/Sword And Shield Crouch Block (1).fbx,Sword And Shield Crouch Block (1).fbx,combat,2,428464,b50b5b2,license-review-required
SourceAssets/Animations/Raw/Unverified/Sword And Shield Crouch Block Idle.fbx,Sword And Shield Crouch Block Idle.fbx,combat,1,425232,b50b5b2,license-review-required
SourceAssets/Animations/Raw/Unverified/Sword And Shield Crouch Block.fbx,Sword And Shield Crouch Block.fbx,combat,2,328032,b50b5b2,license-review-required
SourceAssets/Animations/Raw/Unverified/Sword And Shield Crouch Idle.fbx,Sword And Shield Crouch Idle.fbx,combat,1,452448,b50b5b2,license-review-required
SourceAssets/Animations/Raw/Unverified/Sword And Shield Crouch.fbx,Sword And Shield Crouch.fbx,combat,1,309136,b50b5b2,license-review-required
SourceAssets/Animations/Raw/Unverified/Sword And Shield Crouching (1).fbx,Sword And Shield Crouching (1).fbx,combat,3,329328,b50b5b2,license-review-required
SourceAssets/Animations/Raw/Unverified/Sword And Shield Crouching (2).fbx,Sword And Shield Crouching (2).fbx,combat,3,314544,b50b5b2,license-review-required
SourceAssets/Animations/Raw/Unverified/Sword And Shield Crouching.fbx,Sword And Shield Crouching.fbx,combat,3,384736,b50b5b2,license-review-required
SourceAssets/Animations/Raw/Unverified/Sword And Shield Death (1).fbx,Sword And Shield Death (1).fbx,combat,2,579216,b50b5b2,license-review-required
SourceAssets/Animations/Raw/Unverified/Sword And Shield Death.fbx,Sword And Shield Death.fbx,combat,2,449536,b50b5b2,license-review-required
SourceAssets/Animations/Raw/Unverified/Sword And Shield Idle (1).fbx,Sword And Shield Idle (1).fbx,combat,3,734096,b50b5b2,license-review-required
SourceAssets/Animations/Raw/Unverified/Sword And Shield Idle (2).fbx,Sword And Shield Idle (2).fbx,combat,3,748688,b50b5b2,license-review-required
SourceAssets/Animations/Raw/Unverified/Sword And Shield Idle.fbx,Sword And Shield Idle.fbx,combat,3,552320,b50b5b2,license-review-required
SourceAssets/Animations/Raw/Unverified/Sword And Shield Impact (1).fbx,Sword And Shield Impact (1).fbx,combat,4,322192,b50b5b2,license-review-required
SourceAssets/Animations/Raw/Unverified/Sword And Shield Impact (2).fbx,Sword And Shield Impact (2).fbx,combat,4,341536,b50b5b2,license-review-required
SourceAssets/Animations/Raw/Unverified/Sword And Shield Impact (3).fbx,Sword And Shield Impact (3).fbx,combat,4,341536,b50b5b2,license-review-required
SourceAssets/Animations/Raw/Unverified/Sword And Shield Impact.fbx,Sword And Shield Impact.fbx,combat,4,346864,b50b5b2,license-review-required
SourceAssets/Animations/Raw/Unverified/Sword And Shield Jump.fbx,Sword And Shield Jump.fbx,combat,1,358240,b50b5b2,license-review-required
SourceAssets/Animations/Raw/Unverified/Sword And Shield Kick.fbx,Sword And Shield Kick.fbx,combat,1,379872,b50b5b2,license-review-required
SourceAssets/Animations/Raw/Unverified/Sword And Shield Power Up.fbx,Sword And Shield Power Up.fbx,combat,1,454944,b50b5b2,license-review-required
SourceAssets/Animations/Raw/Unverified/Sword And Shield Run.fbx,Sword And Shield Run.fbx,combat,1,319936,b50b5b2,license-review-required
SourceAssets/Animations/Raw/Unverified/Sword And Shield Slash (1).fbx,Sword And Shield Slash (1).fbx,combat,3,607040,b50b5b2,license-review-required
SourceAssets/Animations/Raw/Unverified/Sword And Shield Slash (2).fbx,Sword And Shield Slash (2).fbx,combat,3,398240,b50b5b2,license-review-required
SourceAssets/Animations/Raw/Unverified/Sword And Shield Slash.fbx,Sword And Shield Slash.fbx,combat,3,376592,b50b5b2,license-review-required
SourceAssets/Animations/Raw/Unverified/Sword And Shield Strafe (1).fbx,Sword And Shield Strafe (1).fbx,combat,4,368528,b50b5b2,license-review-required
SourceAssets/Animations/Raw/Unverified/Sword And Shield Strafe (2).fbx,Sword And Shield Strafe (2).fbx,combat,4,332352,b50b5b2,license-review-required
SourceAssets/Animations/Raw/Unverified/Sword And Shield Strafe (3).fbx,Sword And Shield Strafe (3).fbx,combat,4,319168,b50b5b2,license-review-required
SourceAssets/Animations/Raw/Unverified/Sword And Shield Strafe.fbx,Sword And Shield Strafe.fbx,combat,4,355040,b50b5b2,license-review-required
SourceAssets/Animations/Raw/Unverified/Sword And Shield Turn (1).fbx,Sword And Shield Turn (1).fbx,combat,3,338832,b50b5b2,license-review-required
SourceAssets/Animations/Raw/Unverified/Sword And Shield Turn (2).fbx,Sword And Shield Turn (2).fbx,combat,3,338832,b50b5b2,license-review-required
SourceAssets/Animations/Raw/Unverified/Sword And Shield Turn.fbx,Sword And Shield Turn.fbx,combat,3,338832,b50b5b2,license-review-required
SourceAssets/Animations/Raw/Unverified/Sword And Shield Walk (1).fbx,Sword And Shield Walk (1).fbx,combat,2,367200,b50b5b2,license-review-required
SourceAssets/Animations/Raw/Unverified/Sword And Shield Walk.fbx,Sword And Shield Walk.fbx,combat,2,384416,b50b5b2,license-review-required
SourceAssets/Animations/Raw/Unverified/Sword Fight One (1).fbx,Sword Fight One (1).fbx,combat,2,783488,b50b5b2,license-review-required
SourceAssets/Animations/Raw/Unverified/Sword Fight One.fbx,Sword Fight One.fbx,combat,2,985840,b50b5b2,license-review-required
SourceAssets/Animations/Raw/Unverified/T-Pose.fbx,T-Pose.fbx,other,1,268960,b50b5b2,license-review-required
SourceAssets/Animations/Raw/Unverified/Taken Hostage - Victim.fbx,Taken Hostage - Victim.fbx,other,1,500832,b50b5b2,license-review-required
SourceAssets/Animations/Raw/Unverified/Taken Hostage - Villain.fbx,Taken Hostage - Villain.fbx,other,1,473840,b50b5b2,license-review-required
SourceAssets/Animations/Raw/Unverified/Taking A Pill.fbx,Taking A Pill.fbx,other,1,438192,b50b5b2,license-review-required
SourceAssets/Animations/Raw/Unverified/Taking Cover Idle.fbx,Taking Cover Idle.fbx,idle,1,444384,b50b5b2,license-review-required
SourceAssets/Animations/Raw/Unverified/Taking Cover.fbx,Taking Cover.fbx,other,1,448016,b50b5b2,license-review-required
SourceAssets/Animations/Raw/Unverified/Taking Item.fbx,Taking Item.fbx,other,1,646848,b50b5b2,license-review-required
SourceAssets/Animations/Raw/Unverified/Talking (1).fbx,Talking (1).fbx,social,6,636368,b50b5b2,license-review-required
SourceAssets/Animations/Raw/Unverified/Talking (2).fbx,Talking (2).fbx,social,6,665968,b50b5b2,license-review-required
SourceAssets/Animations/Raw/Unverified/Talking (3).fbx,Talking (3).fbx,social,6,794960,b50b5b2,license-review-required
SourceAssets/Animations/Raw/Unverified/Talking (4).fbx,Talking (4).fbx,social,6,577936,b50b5b2,license-review-required
SourceAssets/Animations/Raw/Unverified/Talking (5).fbx,Talking (5).fbx,social,6,688032,b50b5b2,license-review-required
SourceAssets/Animations/Raw/Unverified/Talking At Watercooler (1).fbx,Talking At Watercooler (1).fbx,social,2,3143536,b50b5b2,license-review-required
SourceAssets/Animations/Raw/Unverified/Talking At Watercooler.fbx,Talking At Watercooler.fbx,social,2,3143536,b50b5b2,license-review-required
SourceAssets/Animations/Raw/Unverified/Talking On A Cell Phone.fbx,Talking On A Cell Phone.fbx,interaction,1,2942880,b50b5b2,license-review-required
SourceAssets/Animations/Raw/Unverified/Talking On Phone.fbx,Talking On Phone.fbx,interaction,1,3311664,b50b5b2,license-review-required
SourceAssets/Animations/Raw/Unverified/Talking Phone Pacing (1).fbx,Talking Phone Pacing (1).fbx,interaction,2,3722928,b50b5b2,license-review-required
SourceAssets/Animations/Raw/Unverified/Talking Phone Pacing.fbx,Talking Phone Pacing.fbx,interaction,2,3722928,b50b5b2,license-review-required
SourceAssets/Animations/Raw/Unverified/Talking.fbx,Talking.fbx,social,6,721792,b50b5b2,license-review-required
SourceAssets/Animations/Raw/Unverified/Taunt (1).fbx,Taunt (1).fbx,other,4,393776,b50b5b2,license-review-required
SourceAssets/Animations/Raw/Unverified/Taunt (2).fbx,Taunt (2).fbx,other,4,663920,b50b5b2,license-review-required
SourceAssets/Animations/Raw/Unverified/Taunt (3).fbx,Taunt (3).fbx,other,4,701712,b50b5b2,license-review-required
SourceAssets/Animations/Raw/Unverified/Taunt Gesture (1).fbx,Taunt Gesture (1).fbx,social,2,460768,b50b5b2,license-review-required
SourceAssets/Animations/Raw/Unverified/Taunt Gesture.fbx,Taunt Gesture.fbx,social,2,460768,b50b5b2,license-review-required
SourceAssets/Animations/Raw/Unverified/Taunt.fbx,Taunt.fbx,other,4,626400,b50b5b2,license-review-required
SourceAssets/Animations/Raw/Unverified/Teeter (1).fbx,Teeter (1).fbx,other,2,575536,b50b5b2,license-review-required
SourceAssets/Animations/Raw/Unverified/Teeter Transition.fbx,Teeter Transition.fbx,interaction,1,353952,b50b5b2,license-review-required
SourceAssets/Animations/Raw/Unverified/Teeter.fbx,Teeter.fbx,other,2,411728,b50b5b2,license-review-required
SourceAssets/Animations/Raw/Unverified/Telling A Secret.fbx,Telling A Secret.fbx,other,1,1118560,b50b5b2,license-review-required
SourceAssets/Animations/Raw/Unverified/Tender Placement (1).fbx,Tender Placement (1).fbx,other,2,1005888,b50b5b2,license-review-required
SourceAssets/Animations/Raw/Unverified/Tender Placement.fbx,Tender Placement.fbx,other,2,990656,b50b5b2,license-review-required
SourceAssets/Animations/Raw/Unverified/Texting And Walking.fbx,Texting And Walking.fbx,locomotion,1,584000,b50b5b2,license-review-required
SourceAssets/Animations/Raw/Unverified/Texting While Standing.fbx,Texting While Standing.fbx,other,1,2202208,b50b5b2,license-review-required
SourceAssets/Animations/Raw/Unverified/Texting.fbx,Texting.fbx,other,1,1729072,b50b5b2,license-review-required
SourceAssets/Animations/Raw/Unverified/Thankful.fbx,Thankful.fbx,other,1,603440,b50b5b2,license-review-required
SourceAssets/Animations/Raw/Unverified/Thinking.fbx,Thinking.fbx,other,1,636256,b50b5b2,license-review-required
SourceAssets/Animations/Raw/Unverified/Thoughtful Head Nod.fbx,Thoughtful Head Nod.fbx,other,1,595872,b50b5b2,license-review-required
SourceAssets/Animations/Raw/Unverified/Thoughtful Head Shake.fbx,Thoughtful Head Shake.fbx,other,1,610992,b50b5b2,license-review-required
SourceAssets/Animations/Raw/Unverified/Threatening.fbx,Threatening.fbx,interaction,1,661392,b50b5b2,license-review-required
SourceAssets/Animations/Raw/Unverified/Thriller Idle.fbx,Thriller Idle.fbx,idle,1,656032,b50b5b2,license-review-required
SourceAssets/Animations/Raw/Unverified/Thriller Part 1.fbx,Thriller Part 1.fbx,other,1,2761680,b50b5b2,license-review-required
SourceAssets/Animations/Raw/Unverified/Thriller Part 2.fbx,Thriller Part 2.fbx,other,1,1869200,b50b5b2,license-review-required
SourceAssets/Animations/Raw/Unverified/Thriller Part 3 (1).fbx,Thriller Part 3 (1).fbx,other,2,2407264,b50b5b2,license-review-required
SourceAssets/Animations/Raw/Unverified/Thriller Part 3.fbx,Thriller Part 3.fbx,other,2,2407264,b50b5b2,license-review-required
SourceAssets/Animations/Raw/Unverified/Thriller Part 4.fbx,Thriller Part 4.fbx,other,1,3388944,b50b5b2,license-review-required
SourceAssets/Animations/Raw/Unverified/Throw Grenade (1).fbx,Throw Grenade (1).fbx,combat,2,656352,b50b5b2,license-review-required
SourceAssets/Animations/Raw/Unverified/Throw Grenade.fbx,Throw Grenade.fbx,combat,2,627504,b50b5b2,license-review-required
SourceAssets/Animations/Raw/Unverified/Throw In.fbx,Throw In.fbx,other,1,577616,b50b5b2,license-review-required
SourceAssets/Animations/Raw/Unverified/Throw Object.fbx,Throw Object.fbx,other,1,706720,b50b5b2,license-review-required
SourceAssets/Animations/Raw/Unverified/Throwing Dice.fbx,Throwing Dice.fbx,other,1,601824,b50b5b2,license-review-required
SourceAssets/Animations/Raw/Unverified/Thrust Slash.fbx,Thrust Slash.fbx,other,1,557264,b50b5b2,license-review-required
SourceAssets/Animations/Raw/Unverified/Tonic Seizure.fbx,Tonic Seizure.fbx,other,1,973872,b50b5b2,license-review-required
SourceAssets/Animations/Raw/Unverified/Toss Grenade.fbx,Toss Grenade.fbx,combat,1,619872,b50b5b2,license-review-required
SourceAssets/Animations/Raw/Unverified/Transition.fbx,Transition.fbx,interaction,1,348512,b50b5b2,license-review-required
SourceAssets/Animations/Raw/Unverified/Treading Water.fbx,Treading Water.fbx,other,1,561312,b50b5b2,license-review-required
SourceAssets/Animations/Raw/Unverified/Treadmill Running.fbx,Treadmill Running.fbx,locomotion,1,959392,b50b5b2,license-review-required
SourceAssets/Animations/Raw/Unverified/Tripping (1).fbx,Tripping (1).fbx,other,3,501376,b50b5b2,license-review-required
SourceAssets/Animations/Raw/Unverified/Tripping (2).fbx,Tripping (2).fbx,other,3,576976,b50b5b2,license-review-required
SourceAssets/Animations/Raw/Unverified/Tripping.fbx,Tripping.fbx,other,3,501376,b50b5b2,license-review-required
SourceAssets/Animations/Raw/Unverified/Troca 1.fbx,Troca 1.fbx,other,1,721792,b50b5b2,license-review-required
SourceAssets/Animations/Raw/Unverified/Turn 90 Left.fbx,Turn 90 Left.fbx,locomotion,1,344240,b50b5b2,license-review-required
SourceAssets/Animations/Raw/Unverified/Turn 90 Right (1).fbx,Turn 90 Right (1).fbx,locomotion,2,345216,b50b5b2,license-review-required
SourceAssets/Animations/Raw/Unverified/Turn 90 Right.fbx,Turn 90 Right.fbx,locomotion,2,345200,b50b5b2,license-review-required
SourceAssets/Animations/Raw/Unverified/Turn Left (1).fbx,Turn Left (1).fbx,locomotion,3,369072,b50b5b2,license-review-required
SourceAssets/Animations/Raw/Unverified/Turn Left (2).fbx,Turn Left (2).fbx,locomotion,3,363136,b50b5b2,license-review-required
SourceAssets/Animations/Raw/Unverified/Turn Left 45 Degrees.fbx,Turn Left 45 Degrees.fbx,locomotion,1,391760,b50b5b2,license-review-required
SourceAssets/Animations/Raw/Unverified/Turn Left.fbx,Turn Left.fbx,locomotion,3,369072,b50b5b2,license-review-required
SourceAssets/Animations/Raw/Unverified/Turn Right.fbx,Turn Right.fbx,locomotion,1,330736,b50b5b2,license-review-required
SourceAssets/Animations/Raw/Unverified/Turn To Knocked Unconscious.fbx,Turn To Knocked Unconscious.fbx,locomotion,1,679072,b50b5b2,license-review-required
SourceAssets/Animations/Raw/Unverified/Turn To Running.fbx,Turn To Running.fbx,locomotion,1,433008,b50b5b2,license-review-required
SourceAssets/Animations/Raw/Unverified/Turning (1).fbx,Turning (1).fbx,locomotion,2,560240,b50b5b2,license-review-required
SourceAssets/Animations/Raw/Unverified/Turning Right 45 Degrees (1).fbx,Turning Right 45 Degrees (1).fbx,locomotion,2,374480,b50b5b2,license-review-required
SourceAssets/Animations/Raw/Unverified/Turning Right 45 Degrees.fbx,Turning Right 45 Degrees.fbx,locomotion,2,483552,b50b5b2,license-review-required
SourceAssets/Animations/Raw/Unverified/Turning Right 90 Degrees.fbx,Turning Right 90 Degrees.fbx,locomotion,1,527616,b50b5b2,license-review-required
SourceAssets/Animations/Raw/Unverified/Turning Right.fbx,Turning Right.fbx,locomotion,1,550512,b50b5b2,license-review-required
SourceAssets/Animations/Raw/Unverified/Turning.fbx,Turning.fbx,locomotion,2,360432,b50b5b2,license-review-required
SourceAssets/Animations/Raw/Unverified/Tut Hip Hop Dance (1).fbx,Tut Hip Hop Dance (1).fbx,dance,2,1239072,b50b5b2,license-review-required
SourceAssets/Animations/Raw/Unverified/Tut Hip Hop Dance.fbx,Tut Hip Hop Dance.fbx,dance,2,1594272,b50b5b2,license-review-required
SourceAssets/Animations/Raw/Unverified/Two Cycle Sprint.fbx,Two Cycle Sprint.fbx,locomotion,1,383040,b50b5b2,license-review-required
SourceAssets/Animations/Raw/Unverified/Two Hand Club Combo.fbx,Two Hand Club Combo.fbx,other,1,614736,b50b5b2,license-review-required
SourceAssets/Animations/Raw/Unverified/Two Hand Spell Casting.fbx,Two Hand Spell Casting.fbx,other,1,652576,b50b5b2,license-review-required
SourceAssets/Animations/Raw/Unverified/Two Hand Sword Combo.fbx,Two Hand Sword Combo.fbx,combat,1,590128,b50b5b2,license-review-required
SourceAssets/Animations/Raw/Unverified/Two Handed Sword Death (1).fbx,Two Handed Sword Death (1).fbx,combat,3,558080,b50b5b2,license-review-required
SourceAssets/Animations/Raw/Unverified/Two Handed Sword Death (2).fbx,Two Handed Sword Death (2).fbx,combat,3,558080,b50b5b2,license-review-required
SourceAssets/Animations/Raw/Unverified/Two Handed Sword Death.fbx,Two Handed Sword Death.fbx,combat,3,497696,b50b5b2,license-review-required
SourceAssets/Animations/Raw/Unverified/Type To Sit.fbx,Type To Sit.fbx,interaction,1,367056,b50b5b2,license-review-required
SourceAssets/Animations/Raw/Unverified/Typing.fbx,Typing.fbx,interaction,1,1607072,b50b5b2,license-review-required
SourceAssets/Animations/Raw/Unverified/Unarmed Equip Over Shoulder.fbx,Unarmed Equip Over Shoulder.fbx,other,1,452240,b50b5b2,license-review-required
SourceAssets/Animations/Raw/Unverified/Unarmed Equip Torch 01.fbx,Unarmed Equip Torch 01.fbx,other,1,471136,b50b5b2,license-review-required
SourceAssets/Animations/Raw/Unverified/Unarmed Equip Torch 02.fbx,Unarmed Equip Torch 02.fbx,other,1,603440,b50b5b2,license-review-required
SourceAssets/Animations/Raw/Unverified/Unarmed Grab Torch From Floor.fbx,Unarmed Grab Torch From Floor.fbx,other,1,697936,b50b5b2,license-review-required
SourceAssets/Animations/Raw/Unverified/Unarmed Grab Torch From Wall (1).fbx,Unarmed Grab Torch From Wall (1).fbx,other,2,670496,b50b5b2,license-review-required
SourceAssets/Animations/Raw/Unverified/Unarmed Grab Torch From Wall.fbx,Unarmed Grab Torch From Wall.fbx,other,2,670496,b50b5b2,license-review-required
SourceAssets/Animations/Raw/Unverified/Unarmed Idle 01 (1).fbx,Unarmed Idle 01 (1).fbx,idle,2,1206256,b50b5b2,license-review-required
SourceAssets/Animations/Raw/Unverified/Unarmed Idle 01.fbx,Unarmed Idle 01.fbx,idle,2,720624,b50b5b2,license-review-required
SourceAssets/Animations/Raw/Unverified/Unarmed Idle Looking Ver. 1.fbx,Unarmed Idle Looking Ver. 1.fbx,idle,1,1197136,b50b5b2,license-review-required
SourceAssets/Animations/Raw/Unverified/Unarmed Jump Running.fbx,Unarmed Jump Running.fbx,locomotion,1,422000,b50b5b2,license-review-required
SourceAssets/Animations/Raw/Unverified/Unarmed Jump.fbx,Unarmed Jump.fbx,locomotion,1,527840,b50b5b2,license-review-required
SourceAssets/Animations/Raw/Unverified/Unarmed Run Back.fbx,Unarmed Run Back.fbx,locomotion,1,346864,b50b5b2,license-review-required
SourceAssets/Animations/Raw/Unverified/Unarmed Run Forward.fbx,Unarmed Run Forward.fbx,locomotion,1,328032,b50b5b2,license-review-required
SourceAssets/Animations/Raw/Unverified/Unarmed Turn Left 90.fbx,Unarmed Turn Left 90.fbx,locomotion,1,433328,b50b5b2,license-review-required
SourceAssets/Animations/Raw/Unverified/Unarmed Turn Right 90.fbx,Unarmed Turn Right 90.fbx,locomotion,1,429264,b50b5b2,license-review-required
SourceAssets/Animations/Raw/Unverified/Unarmed Walk Back.fbx,Unarmed Walk Back.fbx,locomotion,1,410656,b50b5b2,license-review-required
SourceAssets/Animations/Raw/Unverified/Unarmed Walk Forward.fbx,Unarmed Walk Forward.fbx,locomotion,1,418208,b50b5b2,license-review-required
SourceAssets/Animations/Raw/Unverified/Uppercut Jab.fbx,Uppercut Jab.fbx,other,1,609264,b50b5b2,license-review-required
SourceAssets/Animations/Raw/Unverified/Uppercut.fbx,Uppercut.fbx,other,1,398592,b50b5b2,license-review-required
SourceAssets/Animations/Raw/Unverified/Upward Rifle Butt Strike.fbx,Upward Rifle Butt Strike.fbx,combat,1,488944,b50b5b2,license-review-required
SourceAssets/Animations/Raw/Unverified/Upward Thrust.fbx,Upward Thrust.fbx,other,1,478960,b50b5b2,license-review-required
SourceAssets/Animations/Raw/Unverified/Using A Fax Machine (1).fbx,Using A Fax Machine (1).fbx,other,2,1489712,b50b5b2,license-review-required
SourceAssets/Animations/Raw/Unverified/Using A Fax Machine.fbx,Using A Fax Machine.fbx,other,2,1489712,b50b5b2,license-review-required
SourceAssets/Animations/Raw/Unverified/Using An Inhaler.fbx,Using An Inhaler.fbx,other,1,434304,b50b5b2,license-review-required
SourceAssets/Animations/Raw/Unverified/Vampiric Bite.fbx,Vampiric Bite.fbx,other,1,607216,b50b5b2,license-review-required
SourceAssets/Animations/Raw/Unverified/Vault Over Box.fbx,Vault Over Box.fbx,locomotion,1,628384,b50b5b2,license-review-required
SourceAssets/Animations/Raw/Unverified/Victory (1).fbx,Victory (1).fbx,other,3,549616,b50b5b2,license-review-required
SourceAssets/Animations/Raw/Unverified/Victory (2).fbx,Victory (2).fbx,other,3,809136,b50b5b2,license-review-required
SourceAssets/Animations/Raw/Unverified/Victory Idle (1).fbx,Victory Idle (1).fbx,idle,4,434240,b50b5b2,license-review-required
SourceAssets/Animations/Raw/Unverified/Victory Idle (2).fbx,Victory Idle (2).fbx,idle,4,434240,b50b5b2,license-review-required
SourceAssets/Animations/Raw/Unverified/Victory Idle (3).fbx,Victory Idle (3).fbx,idle,4,474912,b50b5b2,license-review-required
SourceAssets/Animations/Raw/Unverified/Victory Idle.fbx,Victory Idle.fbx,idle,4,444032,b50b5b2,license-review-required
SourceAssets/Animations/Raw/Unverified/Victory.fbx,Victory.fbx,other,3,984656,b50b5b2,license-review-required
SourceAssets/Animations/Raw/Unverified/Waking.fbx,Waking.fbx,other,1,425600,b50b5b2,license-review-required
SourceAssets/Animations/Raw/Unverified/Walk Backward (1).fbx,Walk Backward (1).fbx,locomotion,2,400432,b50b5b2,license-review-required
SourceAssets/Animations/Raw/Unverified/Walk Backward Arc (1).fbx,Walk Backward Arc (1).fbx,locomotion,2,360432,b50b5b2,license-review-required
SourceAssets/Animations/Raw/Unverified/Walk Backward Arc Left.fbx,Walk Backward Arc Left.fbx,locomotion,1,374480,b50b5b2,license-review-required
SourceAssets/Animations/Raw/Unverified/Walk Backward Arc Right.fbx,Walk Backward Arc Right.fbx,locomotion,1,396720,b50b5b2,license-review-required
SourceAssets/Animations/Raw/Unverified/Walk Backward Arc.fbx,Walk Backward Arc.fbx,locomotion,2,346928,b50b5b2,license-review-required
SourceAssets/Animations/Raw/Unverified/Walk Backward Left.fbx,Walk Backward Left.fbx,locomotion,1,344240,b50b5b2,license-review-required
SourceAssets/Animations/Raw/Unverified/Walk Backward Right.fbx,Walk Backward Right.fbx,locomotion,1,344240,b50b5b2,license-review-required
SourceAssets/Animations/Raw/Unverified/Walk Backward.fbx,Walk Backward.fbx,locomotion,2,352336,b50b5b2,license-review-required
SourceAssets/Animations/Raw/Unverified/Walk Backwards Stop.fbx,Walk Backwards Stop.fbx,locomotion,1,415264,b50b5b2,license-review-required
SourceAssets/Animations/Raw/Unverified/Walk Backwards.fbx,Walk Backwards.fbx,locomotion,1,655776,b50b5b2,license-review-required
SourceAssets/Animations/Raw/Unverified/Walk Crouching Backward Left.fbx,Walk Crouching Backward Left.fbx,locomotion,1,344240,b50b5b2,license-review-required
SourceAssets/Animations/Raw/Unverified/Walk Crouching Backward Right.fbx,Walk Crouching Backward Right.fbx,locomotion,1,344528,b50b5b2,license-review-required
SourceAssets/Animations/Raw/Unverified/Walk Crouching Backward.fbx,Walk Crouching Backward.fbx,locomotion,1,344416,b50b5b2,license-review-required
SourceAssets/Animations/Raw/Unverified/Walk Crouching Forward Left.fbx,Walk Crouching Forward Left.fbx,locomotion,1,344528,b50b5b2,license-review-required
SourceAssets/Animations/Raw/Unverified/Walk Crouching Forward Right.fbx,Walk Crouching Forward Right.fbx,locomotion,1,344240,b50b5b2,license-review-required
SourceAssets/Animations/Raw/Unverified/Walk Crouching Forward.fbx,Walk Crouching Forward.fbx,locomotion,1,344448,b50b5b2,license-review-required
SourceAssets/Animations/Raw/Unverified/Walk Crouching Left (1).fbx,Walk Crouching Left (1).fbx,locomotion,2,344416,b50b5b2,license-review-required
SourceAssets/Animations/Raw/Unverified/Walk Crouching Left.fbx,Walk Crouching Left.fbx,locomotion,2,344416,b50b5b2,license-review-required
SourceAssets/Animations/Raw/Unverified/Walk Forward Arc Right.fbx,Walk Forward Arc Right.fbx,locomotion,1,426384,b50b5b2,license-review-required
SourceAssets/Animations/Raw/Unverified/Walk Forward Arc.fbx,Walk Forward Arc.fbx,locomotion,1,355040,b50b5b2,license-review-required
SourceAssets/Animations/Raw/Unverified/Walk Forward Right.fbx,Walk Forward Right.fbx,locomotion,1,344240,b50b5b2,license-review-required
SourceAssets/Animations/Raw/Unverified/Walk In Circle (1).fbx,Walk In Circle (1).fbx,locomotion,2,1207200,b50b5b2,license-review-required
SourceAssets/Animations/Raw/Unverified/Walk In Circle.fbx,Walk In Circle.fbx,locomotion,2,946400,b50b5b2,license-review-required
SourceAssets/Animations/Raw/Unverified/Walk Right.fbx,Walk Right.fbx,locomotion,1,344384,b50b5b2,license-review-required
SourceAssets/Animations/Raw/Unverified/Walk Strafe Left (1).fbx,Walk Strafe Left (1).fbx,locomotion,2,382032,b50b5b2,license-review-required
SourceAssets/Animations/Raw/Unverified/Walk Strafe Left.fbx,Walk Strafe Left.fbx,locomotion,2,382032,b50b5b2,license-review-required
SourceAssets/Animations/Raw/Unverified/Walk Strafe Right.fbx,Walk Strafe Right.fbx,locomotion,1,382032,b50b5b2,license-review-required
SourceAssets/Animations/Raw/Unverified/Walk To Stop.fbx,Walk To Stop.fbx,locomotion,1,664800,b50b5b2,license-review-required
SourceAssets/Animations/Raw/Unverified/Walk W_ Briefcase.fbx,Walk W_ Briefcase.fbx,locomotion,1,349632,b50b5b2,license-review-required
SourceAssets/Animations/Raw/Unverified/Walk With Briefcase.fbx,Walk With Briefcase.fbx,locomotion,1,363680,b50b5b2,license-review-required
SourceAssets/Animations/Raw/Unverified/Walk With Rifle (1).fbx,Walk With Rifle (1).fbx,combat,4,405648,b50b5b2,license-review-required
SourceAssets/Animations/Raw/Unverified/Walk With Rifle (2).fbx,Walk With Rifle (2).fbx,combat,4,506848,b50b5b2,license-review-required
SourceAssets/Animations/Raw/Unverified/Walk With Rifle (3).fbx,Walk With Rifle (3).fbx,combat,4,342832,b50b5b2,license-review-required
SourceAssets/Animations/Raw/Unverified/Walk With Rifle.fbx,Walk With Rifle.fbx,combat,4,506848,b50b5b2,license-review-required
SourceAssets/Animations/Raw/Unverified/Walk.fbx,Walk.fbx,locomotion,1,344240,b50b5b2,license-review-required
SourceAssets/Animations/Raw/Unverified/Walker Walk (1).fbx,Walker Walk (1).fbx,locomotion,2,562928,b50b5b2,license-review-required
SourceAssets/Animations/Raw/Unverified/Walker Walk.fbx,Walker Walk.fbx,locomotion,2,562928,b50b5b2,license-review-required
SourceAssets/Animations/Raw/Unverified/Walking (1).fbx,Walking (1).fbx,locomotion,21,333440,b50b5b2,license-review-required
SourceAssets/Animations/Raw/Unverified/Walking (10).fbx,Walking (10).fbx,locomotion,21,346928,b50b5b2,license-review-required
SourceAssets/Animations/Raw/Unverified/Walking (11).fbx,Walking (11).fbx,locomotion,21,436112,b50b5b2,license-review-required
SourceAssets/Animations/Raw/Unverified/Walking (12).fbx,Walking (12).fbx,locomotion,21,589936,b50b5b2,license-review-required
SourceAssets/Animations/Raw/Unverified/Walking (13).fbx,Walking (13).fbx,locomotion,21,487760,b50b5b2,license-review-required
SourceAssets/Animations/Raw/Unverified/Walking (14).fbx,Walking (14).fbx,locomotion,21,678400,b50b5b2,license-review-required
SourceAssets/Animations/Raw/Unverified/Walking (15).fbx,Walking (15).fbx,locomotion,21,378176,b50b5b2,license-review-required
SourceAssets/Animations/Raw/Unverified/Walking (16).fbx,Walking (16).fbx,locomotion,21,344240,b50b5b2,license-review-required
SourceAssets/Animations/Raw/Unverified/Walking (17).fbx,Walking (17).fbx,locomotion,21,387440,b50b5b2,license-review-required
SourceAssets/Animations/Raw/Unverified/Walking (18).fbx,Walking (18).fbx,locomotion,21,400832,b50b5b2,license-review-required
SourceAssets/Animations/Raw/Unverified/Walking (19).fbx,Walking (19).fbx,locomotion,21,378176,b50b5b2,license-review-required
SourceAssets/Animations/Raw/Unverified/Walking (2).fbx,Walking (2).fbx,locomotion,21,546736,b50b5b2,license-review-required
SourceAssets/Animations/Raw/Unverified/Walking (20).fbx,Walking (20).fbx,locomotion,21,372464,b50b5b2,license-review-required
SourceAssets/Animations/Raw/Unverified/Walking (3).fbx,Walking (3).fbx,locomotion,21,346928,b50b5b2,license-review-required
SourceAssets/Animations/Raw/Unverified/Walking (4).fbx,Walking (4).fbx,locomotion,21,401760,b50b5b2,license-review-required
SourceAssets/Animations/Raw/Unverified/Walking (5).fbx,Walking (5).fbx,locomotion,21,403632,b50b5b2,license-review-required
SourceAssets/Animations/Raw/Unverified/Walking (6).fbx,Walking (6).fbx,locomotion,21,381312,b50b5b2,license-review-required
SourceAssets/Animations/Raw/Unverified/Walking (7).fbx,Walking (7).fbx,locomotion,21,372864,b50b5b2,license-review-required
SourceAssets/Animations/Raw/Unverified/Walking (8).fbx,Walking (8).fbx,locomotion,21,367024,b50b5b2,license-review-required
SourceAssets/Animations/Raw/Unverified/Walking (9).fbx,Walking (9).fbx,locomotion,21,708112,b50b5b2,license-review-required
SourceAssets/Animations/Raw/Unverified/Walking Backward Arc Right.fbx,Walking Backward Arc Right.fbx,locomotion,1,346928,b50b5b2,license-review-required
SourceAssets/Animations/Raw/Unverified/Walking Backward.fbx,Walking Backward.fbx,locomotion,1,400432,b50b5b2,license-review-required
SourceAssets/Animations/Raw/Unverified/Walking Backwards (1).fbx,Walking Backwards (1).fbx,locomotion,5,333440,b50b5b2,license-review-required
SourceAssets/Animations/Raw/Unverified/Walking Backwards (2).fbx,Walking Backwards (2).fbx,locomotion,5,399312,b50b5b2,license-review-required
SourceAssets/Animations/Raw/Unverified/Walking Backwards (3).fbx,Walking Backwards (3).fbx,locomotion,5,384736,b50b5b2,license-review-required
SourceAssets/Animations/Raw/Unverified/Walking Backwards (4).fbx,Walking Backwards (4).fbx,locomotion,5,420480,b50b5b2,license-review-required
SourceAssets/Animations/Raw/Unverified/Walking Backwards.fbx,Walking Backwards.fbx,locomotion,5,341536,b50b5b2,license-review-required
SourceAssets/Animations/Raw/Unverified/Walking Hit Reaction.fbx,Walking Hit Reaction.fbx,combat,1,373936,b50b5b2,license-review-required
SourceAssets/Animations/Raw/Unverified/Walking Left Turn.fbx,Walking Left Turn.fbx,locomotion,1,396720,b50b5b2,license-review-required
SourceAssets/Animations/Raw/Unverified/Walking To Dying (1).fbx,Walking To Dying (1).fbx,combat,2,587728,b50b5b2,license-review-required
SourceAssets/Animations/Raw/Unverified/Walking To Dying.fbx,Walking To Dying.fbx,combat,2,604768,b50b5b2,license-review-required
SourceAssets/Animations/Raw/Unverified/Walking Turn 180.fbx,Walking Turn 180.fbx,locomotion,1,365648,b50b5b2,license-review-required
SourceAssets/Animations/Raw/Unverified/Walking Up The Stairs.fbx,Walking Up The Stairs.fbx,locomotion,1,360432,b50b5b2,license-review-required
SourceAssets/Animations/Raw/Unverified/Walking While Texting.fbx,Walking While Texting.fbx,locomotion,1,613152,b50b5b2,license-review-required
SourceAssets/Animations/Raw/Unverified/Walking With Shopping Bag.fbx,Walking With Shopping Bag.fbx,locomotion,1,382256,b50b5b2,license-review-required
SourceAssets/Animations/Raw/Unverified/Walking.fbx,Walking.fbx,locomotion,21,420480,b50b5b2,license-review-required
SourceAssets/Animations/Raw/Unverified/Wall Crash.fbx,Wall Crash.fbx,other,1,544112,b50b5b2,license-review-required
SourceAssets/Animations/Raw/Unverified/Wall Run.fbx,Wall Run.fbx,locomotion,1,358992,b50b5b2,license-review-required
SourceAssets/Animations/Raw/Unverified/Warming Up.fbx,Warming Up.fbx,other,1,820784,b50b5b2,license-review-required
SourceAssets/Animations/Raw/Unverified/Warrior Idle.fbx,Warrior Idle.fbx,idle,1,1232128,b50b5b2,license-review-required
SourceAssets/Animations/Raw/Unverified/Watering.fbx,Watering.fbx,other,1,766912,b50b5b2,license-review-required
SourceAssets/Animations/Raw/Unverified/Wave Hip Hop Dance (1).fbx,Wave Hip Hop Dance (1).fbx,dance,3,1523424,b50b5b2,license-review-required
SourceAssets/Animations/Raw/Unverified/Wave Hip Hop Dance (2).fbx,Wave Hip Hop Dance (2).fbx,dance,3,1607952,b50b5b2,license-review-required
SourceAssets/Animations/Raw/Unverified/Wave Hip Hop Dance.fbx,Wave Hip Hop Dance.fbx,dance,3,387968,b50b5b2,license-review-required
SourceAssets/Animations/Raw/Unverified/Waving (1).fbx,Waving (1).fbx,other,2,305856,b50b5b2,license-review-required
SourceAssets/Animations/Raw/Unverified/Waving Gesture (1).fbx,Waving Gesture (1).fbx,social,2,412128,b50b5b2,license-review-required
SourceAssets/Animations/Raw/Unverified/Waving Gesture.fbx,Waving Gesture.fbx,social,2,412128,b50b5b2,license-review-required
SourceAssets/Animations/Raw/Unverified/Waving.fbx,Waving.fbx,other,2,629088,b50b5b2,license-review-required
SourceAssets/Animations/Raw/Unverified/Weight Shift Gesture.fbx,Weight Shift Gesture.fbx,social,1,484128,b50b5b2,license-review-required
SourceAssets/Animations/Raw/Unverified/Weight Shift.fbx,Weight Shift.fbx,other,1,1053616,b50b5b2,license-review-required
SourceAssets/Animations/Raw/Unverified/Whatever Gesture.fbx,Whatever Gesture.fbx,social,1,405360,b50b5b2,license-review-required
SourceAssets/Animations/Raw/Unverified/Wheelbarrow Dump.fbx,Wheelbarrow Dump.fbx,other,1,823360,b50b5b2,license-review-required
SourceAssets/Animations/Raw/Unverified/Wheelbarrow Idle.fbx,Wheelbarrow Idle.fbx,idle,1,381488,b50b5b2,license-review-required
SourceAssets/Animations/Raw/Unverified/Wheelbarrow Walk (1).fbx,Wheelbarrow Walk (1).fbx,locomotion,4,341536,b50b5b2,license-review-required
SourceAssets/Animations/Raw/Unverified/Wheelbarrow Walk (2).fbx,Wheelbarrow Walk (2).fbx,locomotion,4,341536,b50b5b2,license-review-required
SourceAssets/Animations/Raw/Unverified/Wheelbarrow Walk (3).fbx,Wheelbarrow Walk (3).fbx,locomotion,4,341536,b50b5b2,license-review-required
SourceAssets/Animations/Raw/Unverified/Wheelbarrow Walk Turn (1).fbx,Wheelbarrow Walk Turn (1).fbx,locomotion,2,380736,b50b5b2,license-review-required
SourceAssets/Animations/Raw/Unverified/Wheelbarrow Walk Turn.fbx,Wheelbarrow Walk Turn.fbx,locomotion,2,380736,b50b5b2,license-review-required
SourceAssets/Animations/Raw/Unverified/Wheelbarrow Walk.fbx,Wheelbarrow Walk.fbx,locomotion,4,341536,b50b5b2,license-review-required
SourceAssets/Animations/Raw/Unverified/Wide Arm Spell Casting.fbx,Wide Arm Spell Casting.fbx,other,1,664928,b50b5b2,license-review-required
SourceAssets/Animations/Raw/Unverified/Withdrawing Sword.fbx,Withdrawing Sword.fbx,combat,1,430096,b50b5b2,license-review-required
SourceAssets/Animations/Raw/Unverified/Wobbling.fbx,Wobbling.fbx,other,1,682816,b50b5b2,license-review-required
SourceAssets/Animations/Raw/Unverified/Working On Device.fbx,Working On Device.fbx,other,1,838432,b50b5b2,license-review-required
SourceAssets/Animations/Raw/Unverified/Writhing In Pain.fbx,Writhing In Pain.fbx,other,1,631904,b50b5b2,license-review-required
SourceAssets/Animations/Raw/Unverified/Writing.fbx,Writing.fbx,other,1,577936,b50b5b2,license-review-required
SourceAssets/Animations/Raw/Unverified/Yawn.fbx,Yawn.fbx,other,1,992688,b50b5b2,license-review-required
SourceAssets/Animations/Raw/Unverified/Yelling Out.fbx,Yelling Out.fbx,other,1,653200,b50b5b2,license-review-required
SourceAssets/Animations/Raw/Unverified/Yelling.fbx,Yelling.fbx,other,1,956864,b50b5b2,license-review-required
SourceAssets/Animations/Raw/Unverified/Ymca Dance.fbx,Ymca Dance.fbx,dance,1,670528,b50b5b2,license-review-required
SourceAssets/Animations/Raw/Unverified/Zombie Agonizing.fbx,Zombie Agonizing.fbx,other,1,1033712,b50b5b2,license-review-required
SourceAssets/Animations/Raw/Unverified/Zombie Attack (1).fbx,Zombie Attack (1).fbx,combat,2,553328,b50b5b2,license-review-required
SourceAssets/Animations/Raw/Unverified/Zombie Attack.fbx,Zombie Attack.fbx,combat,2,684320,b50b5b2,license-review-required
SourceAssets/Animations/Raw/Unverified/Zombie Biting (1).fbx,Zombie Biting (1).fbx,other,3,880640,b50b5b2,license-review-required
SourceAssets/Animations/Raw/Unverified/Zombie Biting (2).fbx,Zombie Biting (2).fbx,other,3,525312,b50b5b2,license-review-required
SourceAssets/Animations/Raw/Unverified/Zombie Biting.fbx,Zombie Biting.fbx,other,3,880640,b50b5b2,license-review-required
SourceAssets/Animations/Raw/Unverified/Zombie Crawl.fbx,Zombie Crawl.fbx,locomotion,1,732752,b50b5b2,license-review-required
SourceAssets/Animations/Raw/Unverified/Zombie Death.fbx,Zombie Death.fbx,combat,1,599648,b50b5b2,license-review-required
SourceAssets/Animations/Raw/Unverified/Zombie Dying.fbx,Zombie Dying.fbx,combat,1,641232,b50b5b2,license-review-required
SourceAssets/Animations/Raw/Unverified/Zombie Headbutt.fbx,Zombie Headbutt.fbx,other,1,541232,b50b5b2,license-review-required
SourceAssets/Animations/Raw/Unverified/Zombie Idle (1).fbx,Zombie Idle (1).fbx,idle,6,634752,b50b5b2,license-review-required
SourceAssets/Animations/Raw/Unverified/Zombie Idle (2).fbx,Zombie Idle (2).fbx,idle,6,537504,b50b5b2,license-review-required
SourceAssets/Animations/Raw/Unverified/Zombie Idle (3).fbx,Zombie Idle (3).fbx,idle,6,543808,b50b5b2,license-review-required
SourceAssets/Animations/Raw/Unverified/Zombie Idle (4).fbx,Zombie Idle (4).fbx,idle,6,647968,b50b5b2,license-review-required
SourceAssets/Animations/Raw/Unverified/Zombie Idle (5).fbx,Zombie Idle (5).fbx,idle,6,582912,b50b5b2,license-review-required
SourceAssets/Animations/Raw/Unverified/Zombie Idle.fbx,Zombie Idle.fbx,idle,6,543808,b50b5b2,license-review-required
SourceAssets/Animations/Raw/Unverified/Zombie Kicking.fbx,Zombie Kicking.fbx,combat,1,660128,b50b5b2,license-review-required
SourceAssets/Animations/Raw/Unverified/Zombie Punching.fbx,Zombie Punching.fbx,combat,1,624960,b50b5b2,license-review-required
SourceAssets/Animations/Raw/Unverified/Zombie Reaction Hit (1).fbx,Zombie Reaction Hit (1).fbx,combat,2,490032,b50b5b2,license-review-required
SourceAssets/Animations/Raw/Unverified/Zombie Reaction Hit.fbx,Zombie Reaction Hit.fbx,combat,2,508944,b50b5b2,license-review-required
SourceAssets/Animations/Raw/Unverified/Zombie Run.fbx,Zombie Run.fbx,locomotion,1,328032,b50b5b2,license-review-required
SourceAssets/Animations/Raw/Unverified/Zombie Running.fbx,Zombie Running.fbx,locomotion,1,332352,b50b5b2,license-review-required
SourceAssets/Animations/Raw/Unverified/Zombie Scratch Idle.fbx,Zombie Scratch Idle.fbx,idle,1,622624,b50b5b2,license-review-required
SourceAssets/Animations/Raw/Unverified/Zombie Scream.fbx,Zombie Scream.fbx,other,1,580752,b50b5b2,license-review-required
SourceAssets/Animations/Raw/Unverified/Zombie Stand Up (1).fbx,Zombie Stand Up (1).fbx,interaction,3,784624,b50b5b2,license-review-required
SourceAssets/Animations/Raw/Unverified/Zombie Stand Up (2).fbx,Zombie Stand Up (2).fbx,interaction,3,803472,b50b5b2,license-review-required
SourceAssets/Animations/Raw/Unverified/Zombie Stand Up.fbx,Zombie Stand Up.fbx,interaction,3,616288,b50b5b2,license-review-required
SourceAssets/Animations/Raw/Unverified/Zombie Transition (1).fbx,Zombie Transition (1).fbx,interaction,2,394272,b50b5b2,license-review-required
SourceAssets/Animations/Raw/Unverified/Zombie Transition.fbx,Zombie Transition.fbx,interaction,2,682144,b50b5b2,license-review-required
SourceAssets/Animations/Raw/Unverified/Zombie Turn.fbx,Zombie Turn.fbx,locomotion,1,506240,b50b5b2,license-review-required
SourceAssets/Animations/Raw/Unverified/Zombie Walk (1).fbx,Zombie Walk (1).fbx,locomotion,2,589936,b50b5b2,license-review-required
SourceAssets/Animations/Raw/Unverified/Zombie Walk.fbx,Zombie Walk.fbx,locomotion,2,589936,b50b5b2,license-review-required
